Id,Prompt,Completion
1,ᱰᱩᱵᱟᱹᱧ ᱢᱟᱲᱟᱝ ᱨᱮ ᱴᱤᱭᱮᱴ ᱵᱮᱱᱟᱣ ᱨᱮᱭᱟᱜ ᱯᱳᱭᱞᱳ ᱦᱚᱨᱟ ᱫᱚ ᱪᱮᱫ?,"ᱰᱤᱥᱤᱱᱮᱯᱷᱮᱴᱮᱱᱴ ᱵᱮᱣᱦᱟᱨ ᱢᱟᱲᱟᱝ ᱧᱮᱞᱟᱱ ᱢᱮᱲᱟᱹᱜ ᱠᱚ ᱪᱷᱟᱹᱲ ᱞᱟᱹᱜᱤᱫ ᱜᱳᱣ ᱨᱮᱭᱟᱜ ᱴᱤᱭᱚᱴ ᱠᱷᱚᱱ ᱡᱟᱦᱟᱸ ᱞᱮᱠᱟᱱ ᱵᱮᱼᱲᱤᱪᱟᱹᱨ ᱢᱮᱱᱟᱜᱼᱟ, ᱚᱱᱟ ᱰᱨᱟᱭ ᱢᱮ ᱾"
2,ᱰᱩᱞᱟᱝ ᱢᱟᱲᱟᱝ ᱨᱮ ᱰᱩᱞᱟᱝ ᱠᱚᱨᱟᱣ ᱦᱩᱭᱩᱜ ᱠᱟᱱᱟ ᱪᱮᱫ ᱚᱡᱮᱛᱮ?,ᱯᱨᱤᱼᱰᱤᱯᱤᱝ ᱴᱮᱹᱴ ᱪᱮᱛᱟᱱ ᱨᱮ ᱵᱮᱠᱴᱮᱨᱤᱭᱟ ᱠᱚᱢ ᱞᱟᱹᱜᱤᱫ ᱟᱨ ᱫᱟᱹᱨᱩ ᱨᱮᱭᱟᱜ ᱜᱩᱛᱚᱱ ᱵᱚᱱᱚᱫᱚᱞ ᱞᱟᱹᱜᱤᱫ ᱡᱮᱹᱢᱤᱥᱤᱰᱟᱞ ᱥᱚᱞᱩᱭᱥᱚᱱ (ᱡᱮᱞᱮᱠᱟ ᱟᱭᱳᱰᱤᱱ ᱥᱮ ᱠᱞᱳᱨᱦᱮᱠᱤᱥᱤᱫᱤᱱ) ᱵᱮᱣᱦᱟᱨᱼᱟ ᱾
3,ᱢᱤᱫᱴᱟᱝ ᱢᱟᱲᱟᱝᱼᱰᱤᱯ ᱴᱤᱭᱮᱴ ᱪᱮᱛᱟᱱ ᱨᱮ ᱦᱟᱛᱟᱣ ᱞᱟᱦᱟᱨᱮ ᱛᱤᱱᱟᱹᱜ ᱚᱠᱛᱚ ᱫᱷᱟᱹᱵᱤᱡ ᱛᱟᱦᱮᱸᱱ ᱞᱟᱹᱠᱛᱤ ᱠᱟᱱᱟ?,"ᱥᱟᱫᱷᱟᱨᱚᱱ ᱞᱮᱠᱟᱛᱮ ᱚᱱᱢᱟᱱ 30 ᱥᱟᱭᱠᱤᱱᱰ, ᱵᱟᱝᱠᱷᱟᱱ ᱵᱮᱱᱟᱣᱤᱡ ᱞᱮᱠᱟᱛᱮ, ᱮᱥᱮᱨᱟᱱ ᱡᱮᱹᱢᱤᱥᱤᱫᱟᱞ ᱮᱠᱥᱚᱱ ᱜᱚᱴᱟ ᱞᱟᱹᱜᱤᱫ ᱾"
4,ᱴᱤᱭᱮᱴ ᱵᱮᱱᱟᱣ ᱛᱟᱭᱚᱢ ᱚᱠᱟ ᱚᱠᱛᱚ ᱠᱷᱚᱱ ᱰᱩᱞᱟᱹᱣ ᱮᱦᱚᱵ ᱦᱩᱭᱩᱜᱼᱟ?,ᱳᱥᱤᱴᱳᱥᱤᱱ ᱫᱚ ᱰᱷᱮᱨ ᱠᱷᱚᱱ ᱡᱟᱹᱥᱛᱤ ᱫᱳᱠᱟᱱ ᱠᱚᱢ ᱞᱟᱹᱜᱤᱫ ᱛᱮ ᱢᱟᱲᱟᱝ ᱠᱷᱚᱱ ᱰᱩᱵ ᱦᱟᱛᱟᱣ ᱛᱟᱭᱚᱢ 60 ᱠᱷᱚᱱ 90 ᱥᱟᱭᱠᱤᱱᱰ ᱛᱟᱭᱚᱢ ᱠᱷᱚᱱ ᱰᱩᱵᱟᱹᱧ ᱮᱦᱚᱵ ᱦᱳᱭᱳᱜᱼᱟ ᱾
5,ᱫᱚᱠ ᱨᱮᱭᱟᱜ ᱯᱳᱭᱞᱳ ᱠᱤᱪᱷᱩᱜᱟᱱ ᱥᱠᱩᱭᱟᱨᱴ ᱫᱚ ᱪᱮᱫ ᱞᱟᱹᱜᱤᱫ ᱠᱚ ᱪᱷᱟᱹᱲ ᱮᱢ ᱦᱩᱭᱩᱜᱼᱟ?,ᱯᱷᱳᱨᱢᱤᱞᱠ ᱨᱮ ᱡᱚᱛᱚ ᱠᱷᱚᱱ ᱰᱷᱮᱨ ᱮᱞ ᱨᱮᱭᱟᱜ ᱮᱥᱮᱨᱟᱱ ᱠᱳᱥ ᱢᱮᱱᱟᱜᱼᱟ ᱟᱨ ᱥᱴᱨᱤᱯ ᱠᱟᱯ ᱨᱮ ᱵᱤᱰᱟᱹᱣ ᱠᱚᱨᱟᱣ ᱚᱠᱛᱚ ᱢᱮᱥᱴᱟᱭᱴᱤᱥ ᱞᱮᱠᱟᱱ ᱚᱵᱷᱟᱵᱽ ᱪᱤᱱᱦᱟᱹ ᱨᱮ ᱜᱚᱲᱚ ᱮᱢᱼᱟ ᱾
6,ᱰᱩᱞᱟᱹᱣ ᱨᱮ ᱥᱴᱨᱤᱯ ᱠᱟᱯ ᱨᱮᱱᱟᱜ ᱠᱟᱹᱢᱤ ᱪᱮᱫ?,"ᱱᱚᱶᱟ ᱫᱚ ᱯᱷᱳᱨᱢᱤᱞᱠ ᱥᱟᱧᱪᱟᱣ ᱞᱟᱹᱜᱤᱫ ᱵᱮᱣᱦᱟᱨ ᱦᱩᱭᱩᱜᱼᱟ ᱟᱨ ᱦᱩᱭᱫᱟᱲᱮᱭᱟᱜ ᱜᱮᱢᱮᱧ ᱨᱮᱭᱟᱜ ᱪᱤᱱᱦᱟᱹ ᱮᱢ ᱞᱟᱹᱜᱤᱫ ᱵᱮᱼᱥᱟᱣᱟᱱᱟᱜ دودھ (ᱜᱩᱛᱚᱱ, ᱯᱷᱞᱤᱠ) ᱧᱮᱞ ᱞᱟᱹᱜᱤᱫ ᱵᱮᱣᱦᱟᱨ ᱦᱩᱭᱩᱜᱼᱟ ᱾"
7,ᱢᱟᱲᱟᱝᱼᱰᱤᱯᱤᱝ ᱛᱟᱭᱚᱢ ᱪᱮᱫ ᱞᱮᱠᱟᱛᱮ ᱴᱤᱭᱮᱴ ᱥᱩᱠᱤ ᱦᱩᱭᱩᱜᱼᱟ?,"ᱥᱟᱱᱟᱢ ᱴᱤᱭᱮᱴ ᱫᱚ ᱞᱟᱛᱟᱨ ᱥᱮᱫ ᱴᱩᱭᱤᱥᱴ ᱠᱚᱨᱟᱣ ᱥᱟᱶᱛᱮ ᱢᱤᱫᱴᱟᱝ ᱥᱩᱛᱚ, ᱢᱤᱫᱴᱟᱝ ᱵᱮᱣᱦᱟᱨ ᱴᱳᱣᱮᱞ ᱵᱮᱣᱦᱟᱨ ᱠᱟᱛᱮ ᱥᱩᱠᱟᱣ ᱦᱩᱭᱩᱜ ᱛᱟᱢᱟ, ᱡᱟᱦᱟᱸᱛᱮ ᱴᱤᱭᱮᱴ ᱨᱮᱭᱟᱜ ᱢᱩᱪᱟᱹᱫ ᱫᱚ ᱥᱩᱛᱚ ᱦᱳᱭᱳᱜᱼᱟ ᱾"
8,ᱰᱩᱞᱟᱹᱣ ᱢᱮᱥᱤᱱ ᱵᱮᱶᱦᱟᱨ ᱚᱠᱛᱚ ᱴᱤᱭᱮᱴ ᱵᱮᱱᱟᱣ ᱛᱟᱭᱚᱢ ᱪᱮᱫ ᱦᱚᱨᱟ ᱠᱚ ᱦᱟᱛᱟᱣᱼᱟ?,ᱰᱩᱞᱟᱹᱣ ᱤᱭᱩᱱᱤᱴ ᱫᱚ ᱱᱟᱯᱟᱭ ᱞᱮᱠᱟᱛᱮ ᱥᱮᱞᱮᱫ ᱢᱮ ᱟᱨ ᱠᱟᱹᱢᱤᱣᱟᱱ ᱰᱩᱞᱟᱹᱜ ᱰᱩᱞᱟᱣ ᱜᱚᱴᱟ ᱠᱚᱨᱟᱣ ᱞᱟᱹᱜᱤᱫ ᱦᱳᱡᱽ ᱮᱥᱯᱳᱨᱴ ᱫᱚ ᱛᱷᱟᱯᱚᱱ ᱢᱮ ᱾
9,ᱰᱟᱣᱩᱱᱞᱳᱰ ᱛᱟᱭᱚᱢ ᱰᱩᱭᱩᱱᱞᱳᱰ ᱫᱚ ᱪᱮᱫ ᱞᱟᱹᱜᱤᱫ ᱟᱹᱰᱤ ᱞᱟᱹᱠᱛᱤ ᱠᱟᱱᱟ?,ᱯᱮᱥᱴᱼᱰᱤᱯᱤᱝ ᱴᱮᱹᱴ ᱥᱯᱤᱱᱠᱴᱟᱨ ᱵᱚᱱᱚᱫᱚᱞ ᱵᱟᱝ ᱦᱩᱭᱩᱜ ᱫᱷᱟᱹᱵᱤᱡ ᱴᱮᱹᱴ ᱚᱯᱷᱟᱨᱮᱱ ᱫᱚ ᱵᱮᱹᱴᱮᱨᱤᱭᱟ ᱨᱮᱭᱟᱜ ᱥᱮᱞᱮᱫ ᱠᱷᱚᱱ ᱮ ᱨᱩᱠᱷᱟᱹᱭᱼᱟ ᱾
10,ᱫᱟᱜᱫᱩᱱᱩᱞ ᱥᱟᱨᱦᱟᱶ ᱚᱠᱛᱚ ᱫᱟᱜ ᱨᱮᱭᱟᱜ ᱵᱮᱶᱦᱟᱨ ᱠᱚᱢ ᱦᱩᱭᱩᱜᱼᱟ ᱪᱮᱫ ᱞᱟᱹᱜᱤᱫ?,"ᱫᱟᱜ ᱢᱮᱲᱤ ᱟᱨ ᱵᱮᱠᱴᱮᱨᱤᱭᱟ ᱫᱚ ᱴᱤᱭᱮᱴ ᱚᱯᱮᱞᱤᱝ ᱦᱟᱹᱵᱤᱡ ᱠᱚ ᱤᱫᱤ ᱫᱟᱲᱮᱭᱟᱜᱼᱟ, ᱡᱟᱦᱟᱸ ᱫᱚ ᱜᱷᱟᱹᱞ ᱨᱮᱭᱟᱜ ᱦᱤᱫᱤᱡ ᱮ ᱰᱷᱮᱨ ᱫᱟᱲᱮᱭᱟᱜᱼᱟ ᱾"
11,ᱰᱚᱭᱟᱨᱤ ᱜᱳᱣ ᱨᱮ ᱢᱮᱥᱴᱟᱭᱴᱤᱥ ᱨᱮᱭᱟᱜ ᱥᱟᱫᱷᱟᱨᱚᱱ ᱪᱤᱱᱦᱟᱹ ᱠᱚ ᱨᱮᱭᱟᱜ ᱛᱟᱹᱞᱤᱠᱟ ᱵᱮᱱᱟᱣ ᱢᱮ ᱾,"ᱜᱷᱩᱨᱩᱢ, ᱞᱟᱹᱞᱤᱥ, ᱜᱷᱩᱨᱩᱢ, ᱜᱷᱩᱨᱩᱢ, ᱟᱨ ᱵᱮᱼᱵᱟᱹᱛᱤᱞ ᱫᱳᱠᱟᱱ ᱡᱮᱞᱮᱠᱟ ᱜᱷᱩᱨᱩᱢ, ᱫᱟᱜ ᱥᱮ ᱫᱟᱜ ᱞᱮᱠᱟ ᱾"
12,ᱥᱤᱵᱠᱞᱤᱱᱤᱠᱮᱞ ᱢᱮᱥᱴᱟᱭᱴᱤᱥ ᱪᱮᱫ ᱞᱮᱠᱟᱛᱮ ᱧᱮᱞ ᱧᱟᱢᱚᱜᱼᱟ?,"ᱠᱮᱞᱤᱯᱷᱳᱨᱱᱤᱭᱟ ᱢᱮᱥᱴᱟᱭᱴᱤᱥ ᱴᱮᱥᱴ (ᱥᱤ ᱮᱢ ᱴᱤ) ᱵᱮᱶᱦᱟᱨ ᱠᱟᱛᱮ, ᱡᱟᱦᱟᱸ ᱫᱚ دودھ ᱨᱮ ᱡᱮᱞ ᱵᱮᱱᱟᱣ ᱛᱟᱞᱟᱛᱮ ᱥᱳᱢᱮᱴᱤᱠ ᱠᱳᱥ ᱨᱮᱭᱟᱜ ᱯᱚᱨᱤᱢᱟᱱ ᱵᱟᱹᱲᱛᱤ ᱠᱚ ᱪᱤᱱᱦᱟᱹ ᱞᱮᱫᱟ ᱾"
13,ᱠᱮᱞᱤᱯᱷᱳᱨᱱᱤᱭᱟ ᱢᱮᱥᱴᱟᱭᱴᱤᱥ ᱵᱤᱰᱟᱹᱣ ᱛᱟᱭᱚᱢ ᱨᱮᱭᱟᱜ ᱟᱹᱨᱤ ᱫᱚ ᱪᱮᱫ?,"ᱨᱤᱮᱡᱮᱱᱴ ᱫᱚ ᱥᱳᱢᱮᱴᱤᱠ ᱠᱳᱥ ᱠᱷᱚᱱ ᱰᱤ ᱮᱱ ᱮ ᱥᱟᱶ ᱮ ᱮᱥᱮᱨᱚᱜᱼᱟ, ᱡᱟᱦᱟᱸ ᱨᱮᱭᱟᱜ ᱚᱡᱮ ᱫᱚ ᱜᱮᱢᱮᱧ ᱜᱳᱰᱟᱹ ᱥᱮ ᱡᱮᱞ ᱵᱮᱱᱟᱣᱚᱜᱼᱟ ᱾"
14,ᱢᱮᱥᱴᱟᱭᱴᱤᱥ ᱨᱮ ᱜᱷᱟᱹᱞ ᱟᱠᱟᱱ ᱜᱳᱣ ᱠᱚ ᱢᱩᱪᱟᱹᱫ ᱫᱷᱟᱹᱵᱤᱡ ᱫᱚ ᱪᱮᱫ ᱞᱟᱹᱜᱤᱫ ᱰᱚᱞᱟᱣ ᱦᱩᱭᱩᱜᱼᱟ?,ᱱᱟᱯᱟᱭ ᱡᱤᱭᱟᱹᱞᱤ ᱠᱚ ᱴᱷᱮᱱ ᱜᱮᱢᱮᱧ ᱯᱟᱥᱱᱟᱣ ᱵᱚᱱᱚᱫᱚᱞ ᱞᱟᱹᱜᱤᱫ ᱾
15,ᱰᱩᱞᱟᱹᱣ ᱚᱠᱛᱚ ᱴᱟᱣᱮᱞ ᱵᱮᱣᱦᱟᱨ ᱨᱮᱭᱟᱜ ᱟᱹᱨᱤ ᱪᱮᱫ?,ᱥᱩᱢᱩᱝ ᱠᱨᱚᱥᱼᱢᱚᱱᱩᱛᱚᱱᱟᱥᱚᱱ ᱵᱚᱱᱚᱫᱚᱞ ᱞᱟᱹᱜᱤᱫ ᱥᱟᱱᱟᱢ ᱡᱤᱭᱟᱹᱞᱤ ᱢᱤᱫᱴᱟᱝ ᱴᱳᱵᱷᱮᱞ ᱵᱮᱣᱦᱟᱨ ᱢᱮ ᱾
16,ᱴᱤᱭᱮᱴ ᱥᱩᱠᱟᱣ ᱞᱟᱹᱜᱤᱫ ᱛᱮ ᱠᱟᱯᱟᱨ ᱟᱨ ᱠᱟᱯᱟᱨ ᱨᱮᱭᱟᱜ ᱴᱟᱣᱮᱞ ᱠᱚ ᱨᱮᱭᱟᱜ ᱵᱤᱰᱟᱹᱣ ᱢᱮ ᱾,"ᱠᱟᱯᱟᱨ ᱴᱟᱣᱮᱞ ᱠᱚᱫᱚ ᱱᱟᱯᱟᱭ ᱟᱨ ᱵᱮᱶᱦᱟᱨ ᱫᱟᱲᱮᱹᱭᱟᱜᱼᱟ, ᱢᱮᱱᱠᱷᱟᱱ ᱜᱚᱱᱚᱝ ᱟᱱ; ᱠᱟᱯᱟᱨ ᱴᱟᱣᱮᱞ ᱠᱚᱫᱚ ᱟᱨᱦᱚᱸ ᱵᱮᱶᱦᱟᱨ ᱦᱳᱭᱳᱜᱼᱟ, ᱢᱮᱱᱠᱷᱟᱱ ᱚᱱᱟ ᱠᱚ ᱱᱟᱯᱟᱭ ᱞᱮᱠᱟᱛᱮ ᱰᱟᱣᱩᱱᱞ ᱟᱨ ᱥᱮᱱᱤᱴᱤᱡ ᱨᱮᱭᱟᱜ ᱞᱟᱹᱠᱛᱤ ᱢᱮᱱᱟᱜᱼᱟ ᱾"
17,ᱮᱢᱚᱱ ᱪᱮᱫ ᱚᱡᱮᱛᱮ ᱰᱟᱣᱩᱱᱞᱳᱰ ᱛᱟᱭᱚᱢ ᱜᱮ ᱜᱳᱣ ᱠᱚ ᱛᱷᱟᱯᱚᱱ ᱛᱟᱦᱮᱸᱱᱟ?,ᱴᱤᱭᱮᱴ ᱠᱮᱱᱮᱞ ᱵᱚᱱᱚᱫᱚᱞᱚᱜ ᱞᱟᱦᱟ ᱜᱮ ᱱᱚᱶᱟ ᱨᱮ ᱵᱮᱠᱴᱤᱨᱤᱭᱟ ᱠᱚ ᱥᱮᱞᱮᱫᱚᱜ ᱨᱮᱭᱟᱜ ᱦᱤᱫᱤᱡ ᱮ ᱠᱚᱢᱼᱟ ᱾
18,ᱫᱚᱠ ᱨᱮᱭᱟᱜ ᱵᱮᱼᱵᱩᱴᱟᱹ ᱵᱚᱱᱫᱮᱡ ᱫᱚ ᱪᱮᱫ ᱚᱡᱮᱛᱮ ᱵᱚᱛᱚᱨᱟᱱ ᱠᱟᱱᱟ?,ᱱᱚᱶᱟ ᱫᱚ ᱯᱮᱛᱷᱳᱡᱮᱱ ᱠᱚ ᱫᱟᱨᱟᱭ ᱛᱮ ᱜᱷᱟᱹᱞ ᱨᱮᱭᱟᱜ ᱚᱡᱮ ᱦᱩᱭ ᱫᱟᱲᱮᱭᱟᱜᱼᱟ ᱡᱟᱦᱟᱸ ᱠᱷᱟᱹᱛᱤᱨᱛᱮ ᱡᱚᱢᱟᱜ ᱨᱮᱭᱟᱜ ᱵᱷᱚᱭᱥᱤᱱ ᱨᱮᱭᱟᱜ ᱯᱟᱥᱱᱟᱣ ᱦᱩᱭ ᱫᱟᱲᱮᱭᱟᱜᱼᱟ ᱾
19,ᱪᱮᱫ ᱚᱡᱮᱛᱮ ᱠᱤᱪᱷᱩᱜᱟᱱ ᱫᱳᱠᱟᱱ ᱛᱮ ᱩᱯᱟᱹᱭᱟᱱ ᱴᱳᱥᱤᱱ ᱠᱚ ᱪᱷᱟᱹᱲ ᱠᱚᱨᱟᱣ ᱟᱹᱰᱤ ᱟᱱᱟᱴ ᱠᱟᱱᱟ?,ᱥᱴᱟᱯᱷᱟᱭᱞᱳᱠᱟᱠᱟᱥ ᱟᱨ ᱤᱼᱠᱳᱞᱤ ᱞᱮᱠᱟᱱ ᱵᱮᱠᱴᱮᱨᱤᱭᱟ ᱠᱷᱚᱱ ᱮᱱᱴᱮᱨᱳᱴᱳᱠᱤᱥᱤᱱ ᱫᱚ ᱦᱚᱭ ᱨᱮᱭᱟᱜ ᱮ ᱴᱮᱠᱟᱣ ᱫᱟᱲᱮᱭᱟᱜᱼᱟ ᱟᱨ ᱯᱮᱥᱴᱤᱭᱩᱨᱟᱭᱡᱮᱥᱚᱱ ᱠᱷᱚᱱ ᱮ ᱫᱚᱦᱚ ᱫᱟᱲᱮᱹᱭᱟᱜᱼᱟ ᱾
20,ᱫᱚᱫᱽ ᱨᱮ ᱮᱯᱷᱞᱟᱴᱳᱠᱤᱥᱤᱱ ᱵᱚᱱᱚᱫᱚᱞ ᱨᱮᱱᱟᱜ ᱚᱡᱮ ᱪᱮᱫ?,ᱮᱥᱯᱟᱨᱜᱤᱞᱟᱥ ᱯᱷᱞᱟᱵᱷᱟᱥ ᱟᱨ ᱮᱥᱯᱟᱨᱜᱤᱞᱟᱥ ᱯᱮᱨᱟᱥᱟᱭᱮᱴᱤᱠᱟᱥ ᱞᱮᱠᱟᱱ ᱮᱥᱯᱟᱨᱜᱤᱞᱟᱥ ᱡᱟᱹᱛ ᱠᱚ ᱫᱟᱨᱟᱭ ᱛᱮ ᱵᱮᱱᱟᱣ ᱯᱷᱟᱝᱜᱚᱞ ᱢᱮᱴᱟᱵᱳᱞᱟᱭᱤᱴ ᱾
21,ᱵᱤᱨᱤᱭᱟᱹ ᱠᱚ ᱢᱩᱫ ᱨᱮ ᱪᱟᱞᱟᱜ ᱚᱠᱛᱚ ᱪᱮᱫ ᱪᱮᱫ ᱥᱟᱡᱚᱥ ᱟᱹᱨᱤ ᱯᱟᱞᱚᱱ ᱠᱚᱨᱟᱣ ᱞᱟᱹᱠᱛᱤ ᱠᱟᱱᱟ?,ᱨᱳᱜᱽ ᱜᱮᱢᱮᱧ ᱵᱚᱱᱚᱫᱚᱞ ᱞᱟᱹᱜᱤᱫ ᱥᱩᱛᱚ ᱰᱮᱥᱯᱚᱡᱮᱵᱚᱞ ᱜᱚᱞᱵᱷᱚᱥ ᱵᱮᱣᱦᱟᱨ ᱢᱮ ᱥᱮ ᱛᱤ ᱫᱚ ᱵᱮᱹᱥᱱᱤᱦᱟᱹᱭ ᱢᱮ ᱾
22,ᱯᱨᱤᱼᱰᱤᱯᱤᱝ ᱞᱟᱹᱜᱤᱫ ᱥᱯᱨᱮᱭᱤᱝ ᱟᱨ ᱰᱤᱯ ᱠᱟᱯ ᱨᱮᱭᱟᱜ ᱛᱟᱞᱟ ᱨᱮ ᱵᱤᱰᱟᱹᱣ ᱢᱮ ᱾,"ᱮᱥᱯᱨᱟᱭ ᱠᱚᱨᱟᱣ ᱫᱚ ᱡᱟᱹᱥᱛᱤ ᱥᱮᱱᱤᱴᱤ, ᱮᱴᱟᱜ ᱥᱮᱪ ᱰᱤᱯ ᱠᱟᱯ ᱫᱚ ᱟᱨᱦᱚᱸ ᱱᱟᱯᱟᱭ ᱯᱚᱨᱤᱢᱟᱱ ᱮᱢᱼᱟ, ᱢᱮᱱᱠᱷᱟᱱ ᱟᱹᱰᱤ ᱜᱟᱹᱛᱤᱞ ᱨᱮᱭᱟᱜ ᱞᱟᱹᱠᱛᱤ ᱢᱮᱱᱟᱜᱼᱟ ᱾"
23,ᱫᱚᱫᱽ ᱨᱮᱭᱟᱜ ᱪᱮᱫ ᱪᱤᱱᱦᱟᱹ ᱜᱮᱢᱮᱧ ᱨᱮᱭᱟᱜ ᱪᱤᱱᱦᱟᱹ ᱠᱟᱱᱟ?,"ᱜᱷᱟᱹᱞ, ᱯᱷᱚᱞᱮᱠ, ᱫᱟᱜ, ᱫᱟᱜ, ᱜᱮᱥ ᱥᱮ ᱚᱵᱷᱟᱵᱽ ᱟᱱᱟᱜ ᱜᱩᱱ ᱾"
24,ᱫᱳᱠᱟᱱ ᱥᱟᱞᱟᱜ ᱡᱳᱜᱟᱡᱳᱜ ᱞᱟᱹᱜᱤᱫ ᱢᱩᱲᱩᱫ ᱵᱮᱠᱴᱮᱨᱤᱭᱟ ᱠᱚᱣᱟᱜ ᱧᱩᱛᱩᱢ ᱞᱟᱹᱭ ᱢᱮ ᱾,"ᱥᱴᱟᱯᱷᱟᱭᱞᱳᱠᱳᱥᱤ, ᱮᱱᱴᱮᱨᱳᱠᱳᱥᱤ ᱟᱨ ᱮᱥᱪᱮᱨᱤᱪᱤᱭᱟ ᱠᱳᱞᱤ ᱾"
25,ᱪᱮᱫ ᱚᱡᱮᱛᱮ ᱵᱮᱼᱲᱤᱪᱟᱹᱨ ᱨᱮᱭᱟᱜ ᱦᱚᱭᱟᱨᱟ ᱠᱚ ᱠᱞᱤᱯ ᱠᱚᱨᱟᱣ ᱞᱟᱹᱠᱛᱤ ᱠᱟᱱᱟ?,ᱥᱟᱧᱪᱟᱣ ᱫᱚᱦᱚ ᱟᱨ ᱚᱰᱮᱲ ᱨᱮ ᱢᱮᱲᱟᱹᱜ ᱠᱚᱢ ᱞᱟᱹᱜᱤᱫ ᱾
26,ᱰᱚᱭᱟᱨᱤ ᱥᱟᱭᱤᱱᱥ ᱨᱮ ᱰᱚᱭᱟᱨ ᱫᱚ ᱪᱮᱫ ᱞᱮᱠᱟᱛᱮ ᱵᱚᱨᱱᱚᱱ ᱦᱩᱭ ᱟᱠᱟᱱᱟ?,"ᱫᱳᱠᱟᱱ ᱫᱚ ᱦᱩᱭᱩᱜ ᱠᱟᱱᱟ ᱢᱤᱫ ᱞᱮᱠᱴᱤᱭᱟᱹᱞ ᱥᱚᱨᱟᱥᱚᱱ ᱡᱟᱦᱟᱸ ᱫᱚ ᱱᱟᱯᱟᱭ ᱫᱟᱹᱨᱟᱹᱣᱟᱱ ᱵᱤᱨᱤᱭᱟᱹ ᱴᱷᱮᱱ ᱠᱷᱚᱱ ᱧᱟᱢᱚᱜᱼᱟ; ᱱᱚᱶᱟ ᱫᱚ ᱜᱚᱴᱟᱼᱵᱩᱴᱟᱹ, ᱪᱷᱟᱹᱲ, ᱥᱩᱛᱚᱱ ᱟᱨ ᱠᱳᱞᱳᱥᱴᱨᱟᱢ ᱠᱷᱚᱱ ᱪᱷᱟᱹᱲ ᱦᱳᱭᱳᱜᱼᱟ ᱾"
27,ᱫᱚᱲ ᱫᱚ ᱪᱮᱫ ᱞᱟᱹᱜᱤᱫ ᱢᱤᱫᱴᱟᱝ ᱥᱚᱨᱮᱥ ᱡᱚᱢᱟᱜ ᱢᱮᱱᱛᱮ ᱢᱚᱱᱮ ᱦᱩᱭᱩᱜ ᱠᱟᱱᱟ?,"دودھ ᱪᱮᱛᱟᱱ ᱢᱟᱹᱱ ᱨᱮᱭᱟᱜ ᱯᱨᱳᱴᱤᱱ, ᱠᱮᱞᱥᱤᱭᱟᱢ, ᱯᱷᱟᱥᱯᱷᱳᱨᱟᱥ, ᱵᱤᱴᱟᱢᱤᱱ, ᱞᱮᱠᱴᱳᱡᱽ ᱟᱨ ᱢᱮᱲ ᱮ ᱮᱢᱚᱜᱼᱟ, ᱡᱟᱦᱟᱸ ᱱᱚᱶᱟ ᱫᱚ ᱡᱟᱱᱟᱢ, ᱦᱩᱱ ᱵᱮᱱᱟᱣ ᱟᱨ ᱫᱟᱲᱮ ᱞᱟᱹᱜᱤᱫ ᱟᱹᱰᱤ ᱞᱟᱹᱠᱛᱤᱼᱟ ᱾"
28,ᱫᱚᱲᱜᱟᱹᱧ ᱵᱮᱣᱦᱟᱨ ᱠᱷᱚᱱ ᱪᱮᱫ ᱜᱟᱫᱮᱞ ᱡᱚᱛᱚ ᱠᱷᱚᱱ ᱰᱷᱮᱨ ᱮ ᱥᱤᱜᱤᱞᱚᱜᱼᱟ?,"ᱱᱚᱶᱟ ᱨᱮᱭᱟᱜ ᱥᱟᱱᱟᱢ ᱱᱩᱴᱨᱤᱥᱚᱱ ᱯᱚᱨᱯᱷᱟᱭᱤᱞ ᱠᱷᱟᱹᱛᱤᱨᱛᱮ ᱜᱟᱹᱨᱰᱩ ᱛᱤᱨᱞᱟᱹ, ᱜᱤᱫᱽᱨᱟᱹ, ᱢᱟᱨᱟᱝ, ᱢᱟᱨᱟᱝ ᱦᱚᱲ, ᱵᱮᱼᱵᱟᱹᱛᱤᱞ ᱟᱨ ᱨᱟᱹᱲᱤᱭᱟᱹ ᱠᱚ ᱥᱤᱜᱤᱞᱚᱜᱼᱟ ᱾"
29,ᱥᱩᱛᱚ ᱫᱳᱠᱟᱱ ᱨᱮᱭᱟᱜ ᱪᱤᱱᱦᱟᱹ ᱠᱚ ᱪᱮᱫ?,"ᱥᱩᱛᱚ ᱫᱳᱠᱟᱱ ᱫᱚ ᱱᱟᱯᱟᱭ ᱵᱤᱨᱤᱭᱟᱹ ᱴᱷᱮᱱ ᱠᱷᱚᱱ ᱦᱮᱡᱚᱜᱼᱟ, ᱢᱮᱲᱤ, ᱵᱮᱼᱲᱤᱪᱟᱹᱲ, ᱯᱮᱛᱷᱳᱡᱮᱱ ᱠᱷᱚᱱ ᱪᱷᱟᱹᱲᱚᱜᱼᱟ, ᱵᱮᱠᱴᱮᱨᱤᱭᱟ ᱠᱚᱢ ᱛᱟᱦᱮᱸᱱᱟ, ᱟᱨ ᱥᱟᱫᱷᱟᱨᱚᱱ ᱵᱮᱱᱟᱣ ᱟᱨ ᱮᱥᱤᱰᱤᱴᱤ ᱮ ᱫᱚᱦᱚᱼᱟ ᱾"
30,ᱢᱤᱫᱴᱟᱝ ᱯᱷᱟᱢ ᱨᱮ ᱫᱳᱠᱟᱱ ᱨᱮᱭᱟᱜ ᱚᱛᱚᱢ ᱨᱮᱭᱟᱜ ᱢᱩᱲᱩᱫ ᱚᱡᱮ ᱫᱚ ᱪᱮᱫ?,"ᱦᱚᱭᱦᱩᱫᱥᱩᱢ, ᱩᱯᱟᱹᱭ, ᱰᱩᱞᱟᱝ, ᱫᱟᱜ ᱟᱨ ᱥᱟᱧᱪᱟᱣ ᱵᱚᱱᱫᱮᱡ ᱥᱟᱶ ᱰᱩᱞᱟᱝ ᱨᱮᱭᱟᱜ ᱚᱱᱛᱟᱨᱮ ᱟᱨ ᱰᱩᱞᱟᱝ ᱨᱮᱭᱟᱜ ᱵᱤᱞᱟᱹᱛ ᱨᱮ ᱾"
31,ᱢᱮᱥᱴᱟᱭᱴᱤᱥ ᱨᱮᱭᱟᱜ ᱢᱩᱲᱩᱫ ᱚᱡᱮ ᱫᱚ ᱪᱮᱫ?,ᱥᱴᱨᱮᱯᱴᱳᱠᱟᱠᱟᱥ ᱮᱜᱮᱞᱚᱠᱴᱤᱭᱟ ᱥᱟᱫᱷᱟᱨᱚᱱ ᱞᱮᱠᱟᱛᱮ ᱢᱮᱥᱴᱟᱭᱴᱤᱥ ᱥᱟᱶᱛᱮ ᱥᱮᱞᱮᱫ ᱟᱠᱟᱱ ᱢᱩᱲᱩᱫ ᱡᱤᱭᱟᱜ ᱾
32,ᱢᱩᱲᱩᱫ ᱯᱮᱛᱷᱳᱡᱮᱱ ᱠᱚᱣᱟᱜ ᱧᱩᱛᱩᱢ ᱚᱞ ᱢᱮ ᱡᱟᱦᱟᱸ ᱜᱮᱢᱮᱧ ᱟᱠᱟᱱ ᱵᱤᱨᱤᱭᱟᱹ ᱠᱚ ᱴᱷᱮᱱ ᱠᱷᱚᱱ ᱫᱳᱠᱟᱱ ᱨᱮ ᱥᱮᱞᱮᱫ ᱫᱟᱲᱮᱭᱟᱜᱼᱟ ᱾,"ᱥᱴᱟᱯᱷᱟᱭᱞᱳᱠᱟᱠᱟᱥ ᱳᱨᱤᱭᱩᱥ, ᱮᱥᱪᱮᱨᱤᱠᱤᱭᱟ ᱠᱳᱞᱤ, ᱞᱮᱥᱴᱮᱨᱤᱭᱟ ᱮᱥᱹᱯᱤᱯᱤ, ᱢᱮᱭᱠᱳᱵᱮᱠᱴᱤᱨᱤᱭᱩᱢ ᱴᱮᱵᱚᱨᱠᱩᱞᱳᱥᱤᱥ ᱟᱨ ᱵᱨᱩᱥᱮᱞᱟ ᱮᱵᱟᱨᱴᱟᱥ ᱾"
33,ᱚᱰᱟᱨ ᱨᱮᱭᱟᱜ ᱚᱱᱛᱟᱨᱮ ᱠᱷᱚᱱ ᱜᱩᱛᱚᱱ ᱫᱚ ᱪᱮᱫ ᱞᱮᱠᱟᱛᱮ ᱥᱟᱢᱲᱟᱣ ᱦᱩᱭ ᱫᱟᱲᱮᱭᱟᱜᱼᱟ?,"ᱵᱤᱨᱤᱭᱟᱹ ᱠᱚᱣᱟᱜ ᱥᱟᱡᱚᱥ ᱫᱚᱦᱚ ᱢᱮ, ᱞᱟᱦᱟ ᱨᱮᱭᱟᱜ ᱫᱟᱹᱨᱩ ᱵᱟᱛᱟᱶ ᱢᱮ, ᱜᱮᱢᱮᱧ ᱟᱠᱟᱱ ᱫᱟᱜ ᱠᱷᱚᱱ ᱫᱟᱹᱨᱩ ᱵᱚᱱᱚᱫᱚᱞ ᱢᱮ ᱟᱨ ᱵᱤᱨᱤᱭᱟᱹ ᱠᱚ ᱵᱮᱶᱦᱟᱨ ᱴᱩᱭᱤᱠᱮᱱ ᱮᱢ ᱢᱮ ᱾"
34,ᱴᱤᱭᱮᱴ ᱪᱮᱛᱟᱱ ᱨᱮ ᱪᱮᱫ ᱪᱮᱫ ᱜᱷᱟᱹᱞᱟᱱ ᱡᱩᱭᱟᱹᱱ ᱧᱟᱢᱚᱜᱼᱟ ᱾,"ᱠᱞᱳᱥᱴᱨᱤᱰᱤᱭᱟ ᱥᱯᱳᱨᱥ, ᱠᱳᱞᱤᱯᱷᱚᱨᱚᱢ ᱵᱮᱠᱴᱮᱨᱤᱭᱟ ᱟᱨ ᱦᱚᱭᱦᱩᱫᱤᱥ ᱨᱮᱭᱟᱜ ᱡᱮᱠᱨᱳᱵᱤᱠ ᱾"
35,ᱜᱳᱣ ᱨᱮᱭᱟᱜ ᱠᱳᱴ ᱫᱚ ᱪᱮᱫ ᱞᱮᱠᱟ ᱠᱟᱛᱮ ᱫᱳᱠᱟᱱ ᱨᱮᱭᱟᱜ ᱚᱛᱢᱚᱱ ᱨᱮ ᱜᱚᱲᱚ ᱮᱢᱼᱟ?,ᱱᱚᱶᱟ ᱫᱚ ᱢᱮᱲ ᱟᱨ ᱦᱩᱰᱤᱧ ᱡᱮᱹᱥᱩᱢ ᱠᱚ ᱤᱫᱤ ᱮᱫᱟ ᱡᱟᱦᱟᱸ ᱫᱚ ᱥᱚᱨᱟᱥᱚᱨᱤ ᱥᱮ ᱵᱮᱼᱥᱚᱨᱟᱥᱟᱹᱨᱤ ᱞᱮᱠᱟᱛᱮ ᱫᱳᱠᱟᱱ ᱟᱨ ᱵᱷᱟᱲᱟ ᱨᱮᱭᱟᱜ ᱦᱚᱭ ᱮ ᱮᱥᱮᱨ ᱫᱟᱲᱮᱹᱭᱟᱜᱼᱟ ᱾
36,ᱜᱚᱭ ᱨᱮᱭᱟᱜ ᱠᱳᱴ ᱠᱷᱚᱱ ᱜᱷᱟᱹᱞ ᱫᱚ ᱪᱮᱫ ᱞᱮᱠᱟᱛᱮ ᱠᱚᱢ ᱫᱟᱲᱮᱭᱟᱜᱼᱟ?,"ᱵᱮᱼᱵᱟᱹᱛᱤᱞ ᱞᱮᱠᱟᱛᱮ ᱠᱟᱪ ᱠᱞᱤᱯ ᱠᱚᱨᱟᱣ, ᱵᱨᱚᱥ ᱠᱚᱨᱟᱣ ᱟᱨ ᱥᱟᱨᱦᱟᱶ ᱫᱚᱦᱚ ᱾"
37,ᱫᱳᱠᱟᱱ ᱨᱮᱭᱟᱜ ᱚᱛᱢᱚᱱ ᱨᱮᱭᱟᱜ ᱦᱚᱭᱦᱩᱫᱤᱥ ᱫᱚ ᱪᱮᱫ ᱞᱮᱠᱟᱛᱮ ᱫᱳᱠᱟᱱ ᱨᱮᱭᱟᱜ ᱚᱛᱢᱚᱱ ᱮ ᱮᱥᱮᱨᱼᱟ?,"ᱦᱚᱭ ᱟᱨ ᱡᱳᱜᱟᱡᱳᱜ ᱛᱟᱞᱟᱛᱮ ᱫᱟᱹᱨᱰᱩ, ᱥᱟᱨ, ᱯᱮᱨᱮᱪ ᱟᱨ ᱠᱷᱮᱹᱰ ᱨᱮᱭᱟᱜ ᱵᱮᱹᱥᱮᱫ ᱫᱚ ᱫᱟᱹᱨᱰᱩ ᱦᱩᱭ ᱫᱟᱲᱮᱭᱟᱜᱼᱟ ᱾"
38,ᱰᱩᱞᱟᱹᱣ ᱢᱟᱲᱟᱝ ᱪᱮᱫ ᱪᱮᱫ ᱠᱟᱹᱢᱤ ᱠᱚ ᱵᱟᱛᱟᱣᱟ ᱾,"ᱥᱩᱯᱤᱝ, ᱠᱷᱟᱹᱫᱽ ᱥᱟᱢᱵᱲᱟᱣ, ᱵᱤᱨᱤᱭᱟᱹ ᱠᱚ ᱵᱨᱚᱥ ᱠᱚᱨᱟᱣ, ᱟᱨ ᱥᱟᱵᱟᱫ ᱚᱲᱟᱜ ᱨᱮᱭᱟᱜ ᱚᱛᱢᱚᱱ ᱮ ᱵᱚᱱᱚᱫᱚᱞ ᱞᱮᱫᱟ ᱾"
39,ᱵᱷᱟᱥᱴᱟᱹ ᱚᱲᱟᱜ ᱨᱮ ᱦᱚᱭ ᱨᱮᱭᱟᱜ ᱜᱩᱛᱚᱱ ᱪᱮᱫ ᱞᱮᱠᱟᱛᱮ ᱠᱚᱢ ᱫᱟᱲᱮᱭᱟᱜᱼᱟ?,ᱥᱟᱡᱚᱥ ᱫᱚᱦᱚ ᱢᱮ ᱟᱨ ᱦᱩᱰᱤᱧᱼᱴᱚᱯ ᱢᱩᱠ ᱨᱮᱭᱟᱜ ᱯᱮᱞᱤ ᱵᱟᱝᱠᱷᱟᱱ ᱰᱩᱞᱟᱹᱣ ᱢᱮᱥᱤᱱ ᱵᱮᱣᱦᱟᱨ ᱢᱮ ᱾
40,ᱪᱮᱫ ᱚᱡᱮᱛᱮ ᱰᱟᱣᱩᱱᱞᱳᱰ ᱨᱮᱭᱟᱜ ᱵᱟᱛᱚᱱ ᱠᱚᱫᱚ ᱢᱤᱫᱴᱟᱝ ᱢᱟᱨᱟᱝ ᱚᱛᱢᱚᱱ ᱨᱮᱭᱟᱜ ᱯᱷᱮᱰᱟᱛ ᱠᱟᱱᱟ?,"ᱚᱰᱮᱠᱷᱟᱱᱟᱜ دودھ ᱨᱮᱭᱟᱜ ᱥᱚᱞᱤᱠ ᱠᱚᱫᱚ ᱵᱮᱠᱴᱤᱨᱤᱭᱟ ᱨᱮᱭᱟᱜ ᱵᱟᱹᱲᱛᱤ ᱞᱟᱹᱜᱤᱫ ᱛᱮ ᱩᱯᱟᱹᱭ ᱮᱢᱼᱟ, ᱡᱳᱜᱟᱡᱳᱜ ᱚᱠᱛᱮ ᱨᱮ ᱪᱷᱟᱹᱨᱟᱜ دودھ ᱮ ᱚᱛᱚᱢᱼᱟ ᱾"
41,ᱰᱟᱣᱩᱱᱞᱳᱰ ᱨᱮᱭᱟᱜ ᱵᱮᱣᱦᱟᱨ ᱞᱟᱹᱜᱤᱫ ᱥᱟᱧᱪᱟᱣ ᱦᱚᱨᱟ ᱫᱚ ᱪᱮᱫ?,ᱥᱟᱱᱟᱢ ᱵᱮᱣᱦᱟᱨ ᱢᱟᱲᱟᱝ ᱟᱨ ᱛᱟᱭᱚᱢ ᱛᱮ ᱥᱩᱡᱚᱠ ᱫᱚ ᱟᱹᱰᱤ ᱱᱟᱯᱟᱭ ᱞᱮᱠᱟᱛᱮ ᱪᱚᱞᱟᱣ ᱟᱨ ᱥᱮᱱᱤᱴᱤᱡᱤᱡᱽ ᱠᱚᱨᱟᱣ ᱦᱩᱭᱩᱜ ᱛᱟᱢᱟ ᱾
42,ᱫᱳᱠᱟᱱ ᱠᱚ ᱫᱚ ᱪᱮᱫ ᱞᱮᱠᱟᱛᱮ ᱫᱳᱠᱟᱱ ᱫᱚ ᱵᱟᱹᱲᱤᱡ ᱫᱟᱲᱮᱭᱟᱜᱼᱟ ᱾,"ᱜᱷᱟᱹᱞ ᱟᱠᱟᱱ ᱜᱷᱟᱹᱞ, ᱜᱷᱟᱹᱞ ᱟᱠᱟᱱ ᱜᱷᱟᱹᱞ, ᱠᱚᱥᱤ, ᱦᱟᱹᱱᱥᱤ ᱟᱨ ᱵᱮᱼᱲᱤᱪᱟᱹᱲ ᱥᱟᱡᱚᱥ ᱛᱟᱞᱟᱛᱮ ᱾"
43,ᱪᱮᱫ ᱪᱮᱫ ᱥᱟᱡᱚᱥᱟᱱ ᱦᱚᱨᱟ ᱠᱚ ᱯᱟᱞᱟᱣ ᱦᱩᱭᱩᱜ ᱛᱟᱢᱟ?,"ᱦᱤᱫᱤᱡ ᱪᱚᱞᱟᱣ ᱢᱮ, ᱮᱱᱴᱤᱥᱤᱯᱴᱤᱠ ᱵᱮᱣᱦᱟᱨ ᱢᱮ, ᱰᱩᱞᱟᱹᱣ ᱚᱠᱛᱚ ᱵᱤᱞᱟᱹᱜ ᱮ ᱵᱚᱱᱚᱫᱚᱞ ᱢᱮ, ᱟᱨ ᱜᱚᱴᱟᱼᱵᱩᱴᱟᱹ ᱦᱚᱲᱢᱚ ᱪᱮᱠᱯᱚᱯ ᱢᱮ ᱾"
44,ᱫᱟᱜ ᱫᱚ ᱪᱮᱫ ᱞᱮᱠᱟᱛᱮ دودھ ᱮ ᱮᱥᱮᱨᱼᱟ?,ᱮᱥᱮᱨ ᱟᱠᱟᱱ ᱫᱟᱜ ᱠᱳᱞᱤᱯᱷᱚᱨᱚᱢ ᱟᱨ ᱯᱷᱤᱠᱮᱞ ᱥᱴᱨᱮᱯᱴᱳᱠᱳᱥᱤ ᱞᱮᱠᱟᱱ ᱵᱮᱠᱴᱤᱨᱤᱭᱟ ᱠᱚ ᱮᱛᱚᱦᱚᱵ ᱞᱮᱫᱟ ᱾
45,ᱫᱟᱜ ᱫᱚ ᱪᱮᱫ ᱞᱮᱠᱟᱛᱮ ᱥᱩᱛᱚ ᱫᱚᱦᱚ ᱫᱟᱲᱮᱭᱟᱜᱼᱟ?,ᱵᱮᱣᱦᱟᱨ ᱢᱟᱲᱟᱝ ᱫᱟᱜ ᱵᱮᱣᱦᱟᱨ ᱢᱮ ᱟᱨ ᱠᱞᱳᱨᱤᱱᱮᱥᱚᱱ ᱛᱟᱞᱟᱛᱮ ᱱᱚᱶᱟ ᱫᱚ ᱵᱮᱹᱥᱱᱤᱵᱩᱴᱟᱹ ᱢᱮ ᱾
46,ᱢᱮᱥᱤᱱ ᱨᱮᱭᱟᱜ ᱵᱮᱼᱵᱩᱴᱟᱹ ᱵᱮᱶᱦᱟᱨ ᱪᱮᱫ ᱞᱮᱠᱟᱛᱮ دودھ ᱮ ᱮᱥᱮᱨ ᱫᱟᱲᱮᱭᱟᱜᱼᱟ?,ᱱᱚᱶᱟ ᱫᱚ دودھ ᱨᱮᱭᱟᱜ ᱦᱟᱹᱱ ᱫᱟᱲᱮᱭᱟᱜᱼᱟ ᱟᱨ ᱢᱮᱠᱨᱳᱵᱟᱭᱮᱞ ᱜᱮᱢᱮᱧ ᱮ ᱵᱟᱹᱲᱛᱤ ᱫᱟᱲᱮᱭᱟᱜᱼᱟ ᱾ 
47,ᱫᱳᱠᱟᱱ ᱨᱮᱭᱟᱜ ᱢᱮᱥᱤᱱ ᱠᱚ ᱪᱮᱫ ᱞᱮᱠᱟᱛᱮ ᱫᱚᱦᱚ ᱦᱩᱭᱩᱜᱼᱟ?,ᱟᱭᱳᱰᱤᱱᱼᱵᱮᱹᱥᱰ ᱰᱤᱥᱤᱱᱮᱯᱷᱮᱴᱮᱱᱴ ᱵᱮᱣᱦᱟᱨ ᱠᱟᱛᱮ ᱚᱱᱟ ᱠᱚ ᱥᱟᱨᱦᱟᱶ ᱟᱨ ᱥᱮᱱᱤᱴᱤᱡᱤᱡᱽ ᱠᱚᱨᱟᱣ ᱞᱟᱹᱠᱛᱤ ᱠᱟᱱᱟ ᱾
48,ᱫᱳᱠᱟᱱ ᱫᱚᱦᱚ ᱚᱠᱛᱚ ᱪᱮᱫ ᱵᱮᱠᱴᱮᱨᱤᱭᱟ ᱵᱮᱱᱟᱣᱚᱜᱼᱟ?,ᱥᱤᱭᱩᱰᱳᱢᱳᱱᱟᱥ ᱞᱮᱠᱟᱱ ᱥᱟᱭᱠᱨᱳᱴᱨᱟᱯᱷᱤᱠ ᱵᱮᱠᱴᱤᱨᱤᱭᱟ ᱾
49,ᱥᱟᱫᱷᱟᱨᱚᱱ ᱦᱚᱭᱦᱩᱫᱥᱩᱢ ᱪᱮᱫ?,ᱵᱮᱠᱴᱤᱨᱤᱭᱟ ᱨᱮᱭᱟᱜ ᱵᱟᱹᱲᱛᱤ ᱵᱚᱱᱚᱫᱚᱞ ᱞᱟᱹᱜᱤᱫ 0ᱼ5 ° ᱥᱮᱞᱥᱤᱭᱟᱥ ᱢᱩᱫᱨᱮ ᱾
50,ᱞᱮᱠᱴᱤᱠ ᱮᱥᱤᱰ ᱵᱮᱠᱴᱮᱨᱤᱭᱟ ᱫᱚ دودھ ᱨᱮ ᱪᱮᱫ ᱮᱱᱮᱢᱮ ᱯᱟᱞᱟᱣᱼᱟ?,"ᱩᱱᱠᱩ ᱫᱚ ᱞᱮᱠᱴᱳᱡᱽ ᱫᱚ ᱞᱮᱠᱴᱤᱠ ᱮᱥᱤᱰ ᱨᱮ ᱯᱷᱮᱨᱢᱮᱱᱴ ᱠᱟᱛᱮ, ᱡᱟᱦᱟᱸ ᱠᱷᱟᱹᱛᱤᱨ ᱛᱮ ᱥᱚᱨᱤᱝ ᱟᱨ ᱠᱚᱨᱰᱞᱤᱝ ᱦᱳᱭᱳᱜᱼᱟ ᱾"
51,دودھ ᱨᱮ ᱜᱮᱥ ᱵᱮᱱᱟᱣ ᱞᱟᱹᱜᱤᱫ ᱡᱩᱠᱛᱤᱣᱟᱱ ᱵᱮᱠᱴᱤᱨᱤᱭᱟ ᱨᱮᱭᱟᱜ ᱧᱩᱛᱩᱢ ᱚᱞ ᱢᱮ ᱾,"ᱮᱨᱳᱵᱮᱠᱴᱟᱨ ᱮᱨᱤᱳᱡᱤᱱ, ᱵᱮᱥᱤᱞᱟᱥ ᱯᱚᱞᱤᱢᱤᱠᱥᱟ ᱟᱨ ᱠᱞᱳᱥᱴᱨᱤᱰᱤᱭᱟᱢ ᱵᱤᱭᱩᱴᱤᱨᱤᱠᱟᱢ ᱾"
52,ᱪᱮᱫ ᱡᱩᱭᱟᱹᱱ ᱨᱳᱯᱤ ᱥᱮ ᱥᱞᱤᱢ دودھ ᱨᱮᱭᱟᱜ ᱚᱡᱮ ᱦᱩᱭᱩᱜ ᱠᱟᱱᱟ?,ᱮᱞᱠᱟᱞᱤᱡᱤᱱᱥ ᱾ 
53,ᱡᱮᱥᱴ ᱟᱨ ᱢᱳᱞᱰ ᱫᱚ ᱪᱮᱫ ᱞᱮᱠᱟᱛᱮ دودھ ᱮ ᱮᱥᱮᱨᱼᱟ?,"ᱱᱚᱶᱟ ᱠᱚ ᱯᱷᱟᱨᱢᱮᱱᱴᱮᱥᱚᱱ ᱟᱨ ᱜᱷᱟᱹᱞ ᱨᱮᱭᱟᱜ ᱚᱡᱮ ᱦᱳᱭᱳᱜᱼᱟ, ᱡᱟᱦᱟᱸ ᱥᱳᱯᱳᱨ ᱟᱨ ᱥᱩᱪᱟᱹᱨ ᱮ ᱵᱚᱱᱚᱫᱚᱞᱼᱟ ᱾"
54,ᱢᱩᱫ ᱨᱮ ᱥᱟᱭᱠᱨᱳᱴᱨᱟᱯᱷᱤᱠ ᱵᱮᱠᱴᱮᱨᱤᱭᱟ ᱫᱚ ᱪᱮᱫ ᱚᱡᱮᱛᱮ ᱟᱱᱟᱴ ᱟᱱᱟᱜ ᱠᱟᱱᱟ?,"ᱱᱚᱶᱟ ᱠᱚ ᱨᱮᱯᱷᱨᱤᱡᱨᱮᱥᱚᱱ ᱨᱮᱭᱟᱜ ᱮᱞ ᱨᱮ ᱡᱟᱱᱟᱢᱚᱜᱼᱟ ᱟᱨ ᱯᱮᱥᱴᱩᱨᱟᱭᱡᱮᱥᱚᱱ ᱠᱷᱚᱱ ᱮ ᱴᱮᱦᱟᱴᱚᱜᱼᱟ, ᱥᱟᱧᱪᱟᱣ ᱚᱠᱛᱚ ᱵᱮᱠᱴᱤᱨᱤᱭᱟ ᱨᱮᱭᱟᱜ ᱞᱮᱠᱷᱟ ᱠᱚ ᱵᱟᱹᱲᱛᱤᱼᱟ ᱾"
55,ᱫᱳᱠᱟᱱ ᱨᱮ ᱴᱟᱨᱢᱳᱰᱩᱨᱤᱠ ᱵᱮᱠᱴᱤᱨᱤᱭᱟ ᱨᱮᱭᱟᱜ ᱜᱚᱱᱚᱝ ᱪᱮᱫ?,ᱩᱱᱠᱩ ᱫᱚ ᱦᱤᱫᱤᱡ ᱨᱮ ᱴᱮᱠᱟᱣ ᱠᱟᱛᱮ ᱠᱚ ᱛᱟᱦᱮᱸᱱᱟ ᱟᱨ ᱯᱚᱨᱟᱢᱚᱥ ᱟᱠᱟᱱ ᱰᱟᱦᱚᱠ ᱨᱮ ᱠᱚ ᱛᱟᱦᱮᱸᱱᱟ ᱾
56,ᱰᱩᱞᱟᱹᱣ ᱛᱟᱭᱚᱢ ᱛᱟᱭᱚᱢ ᱠᱷᱚᱱᱜᱮ ᱰᱩᱞᱟᱹᱜ ᱫᱚ ᱪᱮᱫ ᱞᱟᱹᱜᱤᱫ ᱠᱚ ᱦᱟᱹᱱ ᱦᱩᱭᱩᱜᱼᱟ?,ᱵᱮᱠᱴᱤᱨᱤᱭᱟ ᱨᱮᱭᱟᱜ ᱵᱟᱹᱲᱛᱤ ᱠᱚᱢ ᱞᱟᱹᱜᱤᱫ ᱟᱨ ᱜᱩᱱ ᱟᱨ ᱨᱩᱠᱷᱤᱭᱟᱹ ᱫᱚᱦᱚ ᱞᱟᱹᱜᱤᱫ ᱾
57,ᱰᱚᱭᱟᱨᱤ ᱚᱲᱟᱜ ᱨᱮ ᱱᱟᱯᱟᱭ ᱛᱟᱦᱮᱸᱱ ᱨᱮᱭᱟᱜ ᱚᱡᱮ ᱫᱚ ᱪᱮᱫ?,"ᱱᱟᱯᱟᱭ ᱛᱟᱦᱮᱸᱱ ᱚᱲᱟᱜ ᱵᱤᱨᱤᱭᱟᱹ ᱠᱚᱣᱟᱜ ᱥᱟᱫᱮᱥ, ᱥᱮᱱᱤᱴᱮᱥᱚᱱ, ᱠᱟᱹᱢᱤ ᱫᱟᱲᱮᱹᱣᱟᱱᱟᱜ ᱵᱮᱶᱦᱟᱨ ᱮ ᱜᱚᱴᱟ ᱞᱮᱫᱟ ᱾"
58,ᱵᱟᱹᱲᱤᱡ ᱰᱚᱭᱟᱨᱤ ᱚᱲᱟᱜ ᱠᱚ ᱪᱮᱫ?,"ᱱᱚᱶᱟ ᱫᱚ ᱠᱟᱹᱢᱤᱭᱟᱹ ᱠᱚᱣᱟᱜ ᱠᱷᱚᱨᱪᱟ ᱵᱟᱹᱲᱛᱤ, ᱠᱟᱹᱢᱤ ᱫᱟᱲᱮ ᱠᱚᱢ ᱟᱨ ᱢᱩᱪᱟᱹᱫ ᱫᱷᱟᱹᱵᱤᱡ ᱰᱮᱨᱤ ᱵᱤᱨᱤᱫ ᱨᱮᱭᱟᱜ ᱜᱚᱱᱚᱝ ᱠᱚᱢᱼᱟ ᱾"
59,ᱰᱚᱭᱟᱨᱤ ᱚᱲᱟᱜ ᱵᱮᱱᱟᱣ ᱚᱠᱛᱚ ᱪᱮᱫ ᱚᱡᱮ ᱠᱚ ᱜᱚᱴᱟ ᱫᱚᱦᱚ ᱦᱩᱭᱩᱜ ᱛᱟᱢᱟ?,"ᱵᱤᱨᱤᱭᱟᱹ ᱠᱚᱣᱟᱜ ᱱᱟᱯᱟᱭ, ᱥᱮᱱᱤᱴᱮᱥᱚᱱ, ᱡᱩᱠᱛᱤ ᱾"
60,ᱰᱚᱭᱟᱨᱤ ᱚᱲᱟᱜ ᱞᱟᱹᱜᱤᱫ ᱢᱤᱫᱴᱟᱝ ᱴᱷᱟᱶ ᱵᱟᱪᱷᱱᱟᱣ ᱚᱠᱛᱚ ᱪᱮᱫ ᱢᱩᱲᱩᱫ ᱚᱡᱮ ᱠᱚ ᱩᱭᱦᱟᱹᱨ ᱦᱩᱭᱩᱜ ᱛᱟᱢᱟ?,"ᱴᱳᱯᱳᱜᱨᱟᱯᱷᱤ, ᱰᱮᱨᱮᱱᱹᱡᱽ, ᱚᱛ ᱨᱮᱭᱟᱜ ᱞᱮᱠᱟᱱ, ᱥᱩᱱᱤᱵᱚᱞ ᱮᱥᱮᱨ, ᱮᱥᱮᱨ, ᱫᱟᱜ ᱥᱟᱨᱵᱷᱟᱨ, ᱥᱳᱨᱥᱳᱯᱳᱨ, ᱠᱟᱹᱢᱤᱭᱟᱹ, ᱵᱟᱡᱟᱨ ᱟᱨ ᱵᱤᱡᱽᱞᱤ ᱾"
61,ᱢᱤᱫᱴᱟᱝ ᱰᱚᱭᱟᱨᱤ ᱚᱲᱟᱜ ᱫᱚ ᱪᱮᱫ ᱞᱟᱹᱜᱤᱫ ᱪᱮᱛᱟᱱ ᱚᱛᱚᱢ ᱨᱮ ᱢᱮᱱᱟᱜ ᱟ?,ᱫᱟᱜ ᱨᱮᱭᱟᱜ ᱫᱟᱜ ᱟᱨ ᱵᱮᱼᱲᱤᱪᱟᱹᱨ ᱨᱮᱭᱟᱜ ᱜᱚᱴᱟᱼᱵᱩᱴᱟᱹ ᱵᱚᱱᱚᱫᱚᱞ ᱟᱨ ᱵᱮᱼᱦᱟᱹᱛᱤᱞ ᱴᱷᱟᱶ ᱵᱚᱱᱚᱫᱚᱞ ᱞᱟᱹᱜᱤᱫ ᱾
62,ᱰᱚᱭᱟᱨᱤ ᱵᱮᱱᱟᱣ ᱞᱟᱹᱜᱤᱫ ᱞᱟᱛᱟᱨ ᱚᱛᱢᱚᱱ ᱟᱨ ᱞᱟᱛᱟᱨ ᱚᱛᱢᱚᱱ ᱫᱚ ᱪᱮᱫ ᱞᱟᱹᱜᱤᱫ ᱵᱚᱱᱚᱫᱚᱞ ᱦᱩᱭᱩᱜᱼᱟ?,"ᱱᱚᱶᱟ ᱠᱚᱫᱚ ᱫᱟᱜ ᱨᱮᱭᱟᱜ ᱵᱚᱱᱚᱫᱚᱞ, ᱵᱮᱼᱲᱤᱪᱟᱹᱲ ᱟᱨ ᱨᱳᱜᱽ ᱨᱮᱭᱟᱜ ᱟᱱᱟᱴ ᱵᱟᱹᱲᱛᱤ ᱨᱮᱭᱟᱜ ᱚᱡᱮ ᱦᱩᱭᱩᱜ ᱠᱟᱱᱟ ᱾"
63,ᱰᱚᱭᱟᱨᱤ ᱚᱲᱟᱜ ᱵᱮᱱᱟᱣ ᱞᱟᱹᱜᱤᱫ ᱪᱮᱫ ᱞᱮᱠᱟᱱ ᱢᱮᱲᱤ ᱱᱟᱯᱟᱭ ᱦᱩᱭᱩᱜ ᱠᱟᱱᱟ?,"ᱛᱷᱟᱭᱤ ᱢᱮᱲᱤ ᱡᱟᱦᱟᱸ ᱫᱚ ᱟᱹᱰᱤ ᱵᱟᱹᱲᱛᱤ ᱵᱟᱝ ᱯᱟᱥᱱᱟᱣᱚᱜᱼᱟ ᱥᱮ ᱜᱷᱚᱴ ᱵᱟᱝ ᱦᱳᱭᱳᱜᱼᱟ, ᱡᱟᱦᱟᱸ ᱫᱚ ᱫᱟᱲᱮᱹᱣᱟᱱᱟᱜ ᱟᱨ ᱴᱮᱠᱟᱣ ᱫᱚᱦᱚ ᱫᱟᱲᱮᱹᱭᱟᱜᱼᱟ ᱾"
64,ᱰᱚᱭᱟᱨᱤ ᱚᱲᱟᱜ ᱠᱚ ᱞᱟᱹᱜᱤᱫ ᱪᱮᱫ ᱚᱡᱮᱛᱮ ᱚᱛᱢᱚᱱ ᱚᱛᱚᱢ ᱵᱚᱱᱚᱫᱚᱞ ᱦᱩᱭᱩᱜᱼᱟ?,ᱱᱚᱶᱟ ᱫᱚ ᱵᱮᱱᱟᱣ ᱵᱟᱝ ᱠᱟᱛᱮ ᱪᱟᱥ ᱞᱟᱹᱜᱤᱫ ᱫᱚᱦᱚ ᱦᱳᱭᱳᱜᱼᱟ ᱾
65,ᱰᱚᱭᱟᱨᱤ ᱚᱲᱟᱜ ᱠᱚ ᱪᱮᱫ ᱞᱮᱠᱟ ᱦᱚᱭᱩᱜ ᱟ ᱾,ᱰᱷᱮᱨ ᱠᱷᱚᱱ ᱰᱷᱮᱨ ᱫᱤᱱ ᱨᱮᱭᱟᱜ ᱥᱩᱡᱚᱥ ᱧᱟᱢ ᱞᱟᱹᱜᱤᱫ ᱡᱮᱞᱮᱧ ᱚᱛ ᱫᱚ ᱩᱛᱛᱚᱨᱼ ᱫᱚᱠᱠᱷᱤᱱ ᱥᱮᱫ ᱪᱟᱞᱟᱣ ᱦᱩᱭᱩᱜ ᱛᱟᱢᱟ ᱾
66,ᱜᱳᱲᱤᱭᱟᱹ ᱠᱚᱣᱟᱜ ᱛᱟᱦᱮᱸᱱ ᱚᱲᱟᱜ ᱨᱮ ᱪᱮᱫ ᱞᱟᱹᱜᱤᱫ ᱥᱩᱱᱤ ᱨᱮᱭᱟᱜ ᱜᱚᱱᱚᱝ ᱢᱮᱱᱟᱜᱼᱟ?,"ᱱᱚᱶᱟ ᱫᱚ ᱠᱷᱚᱨᱟ ᱫᱚᱦᱚ ᱨᱮ ᱜᱚᱲᱚ ᱮᱢᱼᱟ, ᱢᱮᱠᱨᱳᱵᱟᱭᱮᱞ ᱨᱮᱭᱟᱜ ᱵᱟᱹᱲᱛᱤ ᱠᱚᱢᱼᱟ, ᱟᱨ ᱵᱤᱨᱤᱭᱟᱹ ᱠᱚᱣᱟᱜ ᱜᱚᱭᱟᱨᱚᱱ ᱮ ᱱᱟᱯᱟᱭᱼᱟ ᱾"
67,ᱰᱚᱭᱟᱨᱤ ᱚᱲᱟᱜ ᱠᱚ ᱪᱮᱫ ᱞᱟᱹᱜᱤᱫ ᱟᱹᱰᱤ ᱦᱚᱭ ᱠᱷᱚᱱ ᱨᱩᱠᱷᱟᱹᱭᱟᱹ ᱦᱩᱭᱩᱜᱼᱟ?,ᱟᱹᱰᱤ ᱰᱷᱮᱨ ᱜᱳᱨᱢ ᱥᱮ ᱟᱹᱰᱤ ᱠᱚᱢ ᱦᱚᱭ ᱨᱮᱭᱟᱜ ᱚᱡᱮᱛᱮ ᱵᱤᱨᱤᱭᱟᱹ ᱠᱚ ᱪᱮᱛᱟᱱ ᱴᱮᱦᱟᱰ ᱟᱨ ᱚᱵᱷᱟᱵᱽ ᱵᱚᱱᱚᱫᱚᱞ ᱞᱟᱹᱜᱤᱫ ᱾
68,ᱰᱮᱨᱤ ᱯᱷᱟᱨᱢ ᱫᱚ ᱰᱟᱦᱟᱨ ᱥᱳᱨ ᱨᱮ ᱪᱮᱫ ᱞᱟᱹᱜᱤᱫ ᱢᱮᱱᱟᱜᱼᱟ?,"ᱫᱳᱠᱟᱱ, ᱡᱚᱢᱟᱜ ᱟᱨ ᱮᱴᱟᱜ ᱮᱴᱟᱜ ᱩᱯᱟᱹᱭᱟᱱ ᱠᱚ ᱟᱞᱜᱟ ᱛᱮ ᱪᱟᱞᱟᱣ ᱞᱟᱹᱜᱤᱫ ᱾"
69,ᱢᱩᱲᱩᱫ ᱰᱟᱦᱟᱨ ᱠᱷᱚᱱ ᱢᱤᱫᱴᱟᱝ ᱰᱮᱨᱤ ᱥᱮᱰ ᱨᱮᱭᱟᱜ ᱯᱚᱨᱟᱢᱚᱥᱛᱚ ᱰᱤᱥᱴᱮᱱᱥ ᱪᱮᱫ?,ᱜᱷᱟᱹᱞ ᱮᱲᱟᱣ ᱠᱟᱛᱮ ᱥᱮᱴᱮᱨ ᱨᱮᱭᱟᱜ ᱫᱟᱲᱮ ᱜᱚᱴᱟ ᱞᱟᱹᱜᱤᱫ ᱚᱱᱢᱟᱱ 100 ᱢᱤᱴᱟᱨ ᱾
70,ᱢᱤᱫᱴᱟᱝ ᱰᱚᱭᱟᱨᱤ ᱯᱷᱟᱨᱢ ᱨᱮ ᱪᱮᱫ ᱞᱮᱠᱟᱱ ᱫᱟᱜ ᱥᱟᱨᱵᱷᱟᱨ ᱨᱮᱭᱟᱜ ᱞᱟᱹᱠᱛᱤ ᱢᱮᱱᱟᱜᱼᱟ?,"ᱠᱚᱢ ᱠᱷᱚᱨᱪᱟᱛᱮ ᱟᱹᱰᱤ ᱰᱷᱮᱨ, ᱥᱩᱛᱚ, ᱥᱩᱛᱚ ᱟᱨ ᱥᱚᱞᱴ ᱫᱟᱜ ᱧᱟᱢᱚᱜᱼᱟ ᱾"
71,ᱱᱟᱦᱟᱜ ᱰᱚᱭᱟᱨᱤ ᱯᱷᱟᱨᱢ ᱨᱮ ᱪᱮᱫ ᱚᱡᱮᱛᱮ ᱵᱤᱡᱽᱞᱤ ᱨᱮᱭᱟᱜ ᱞᱟᱹᱠᱛᱤ ᱢᱮᱱᱟᱜᱼᱟ?,"ᱱᱚᱶᱟ ᱥᱮᱱᱤᱴᱤᱨᱤ ᱞᱟᱭᱴᱤᱝ ᱮ ᱮᱢᱼᱟ ᱟᱨ ᱥᱟᱨᱵᱷᱟᱨ ᱨᱮᱭᱟᱜ ᱠᱟᱹᱢᱤ ᱫᱟᱲᱮᱹᱣᱟ, ᱠᱟᱹᱢᱤ ᱫᱟᱲᱮᱹᱣᱟᱱᱟᱜ ᱟᱨ ᱥᱮᱱᱤᱴᱤ ᱵᱟᱹᱲᱛᱤᱣᱟ ᱾"
72,ᱢᱤᱫᱴᱟᱝ ᱰᱚᱭᱟᱨᱤ ᱯᱷᱟᱨᱢ ᱛᱷᱟᱯᱚᱱ ᱚᱠᱛᱚ ᱪᱮᱫ ᱴᱚᱴᱷᱟ ᱠᱚ ᱵᱟᱛᱟᱣᱟ ᱾,"ᱵᱤᱨ ᱡᱤᱭᱟᱹᱞᱤ, ᱞᱟᱹᱞᱤᱥ ᱨᱮᱭᱟᱜ ᱟᱱᱟᱴ ᱥᱮ ᱵᱮᱼᱥᱩᱨᱩᱢᱟᱱ ᱴᱷᱟᱶ ᱾"
73,ᱜᱚᱭᱟᱨᱚᱱ ᱚᱲᱟᱜ ᱨᱮ ᱪᱮᱫ ᱪᱮᱫ ᱵᱚᱱᱫᱮᱡ ᱟᱱᱟᱜ ᱦᱤᱫᱤᱡ ᱵᱚᱱᱚᱫᱚᱞ ᱦᱳᱭᱳᱜᱼᱟ?,"ᱦᱩᱰᱤᱧ ᱜᱮᱴ, ᱯᱟᱥᱱᱟᱣ ᱟᱠᱟᱱ ᱱᱤᱞ, ᱞᱤᱪᱟᱹᱲ ᱞᱟᱹᱞᱤᱥ, ᱥᱞᱤᱯᱟᱨᱤ ᱢᱮᱞᱟᱱ ᱟᱨ ᱩᱥᱩᱞ ᱠᱚᱨᱵ ᱾"
74,ᱰᱚᱭᱟᱨᱤ ᱪᱟᱥ ᱨᱮ ᱠᱟᱹᱢᱤᱭᱟᱹ ᱠᱚ ᱧᱟᱢ ᱫᱚ ᱪᱮᱫ ᱞᱟᱹᱜᱤᱫ ᱟᱹᱰᱤ ᱞᱟᱹᱠᱛᱤ ᱠᱟᱱᱟ?,ᱜᱚᱴᱟᱼᱵᱩᱴᱟᱹ ᱟᱨ ᱠᱟᱹᱨᱤᱣᱟᱱ ᱠᱟᱹᱢᱤᱭᱟᱹ ᱠᱚᱣᱟᱜ ᱠᱟᱹᱢᱤ ᱫᱟᱲᱮᱹᱣᱟᱱᱟᱜ ᱵᱚᱱᱫᱮᱡ ᱟᱨ ᱱᱟᱯᱟᱭ ᱠᱟᱹᱢᱤ ᱦᱚᱨᱟ ᱾
75,ᱫᱟᱨᱤ ᱯᱷᱟᱨᱢ ᱠᱚ ᱵᱟᱡᱟᱨ ᱥᱳᱨ ᱨᱮ ᱪᱮᱫ ᱞᱟᱹᱜᱤᱫ ᱢᱮᱱᱟᱜᱼᱟ?,ᱰᱚᱭᱟᱨ ᱟᱨ ᱰᱚᱭᱟᱨ ᱩᱯᱟᱹᱫᱽ ᱨᱮᱭᱟᱜ ᱜᱚᱱᱚᱝᱟᱱ ᱟᱨ ᱜᱚᱴᱟᱼᱵᱩᱴᱟᱹ ᱟᱹᱠᱷᱨᱤᱧ ᱫᱟᱲᱮᱹᱭᱟᱜᱼᱟ ᱾
76,ᱠᱟᱹᱢᱤ ᱫᱟᱲᱮ ᱞᱟᱹᱜᱤᱫ ᱪᱮᱫ ᱞᱮᱠᱟᱛᱮ ᱰᱚᱭᱟᱨᱤ ᱨᱮᱭᱟᱜ ᱵᱚᱱᱫᱮᱡ ᱠᱚᱨᱟᱣ ᱞᱟᱹᱠᱛᱤ ᱠᱟᱱᱟ?,"ᱠᱟᱹᱢᱤᱭᱟᱹ ᱠᱚᱣᱟᱜ ᱠᱟᱹᱢᱤ ᱟᱨ ᱚᱠᱛᱚ ᱠᱚᱢ ᱞᱟᱹᱜᱤᱫ ᱛᱮ ᱡᱚᱢᱟᱜ ᱫᱚᱦᱚ ᱚᱲᱟᱜ, دودھ ᱚᱲᱟᱜ ᱟᱨ ᱜᱳᱲᱤᱭᱟᱹ ᱠᱚᱣᱟᱜ ᱚᱲᱟᱜ ᱥᱳᱨᱥᱳᱯᱳᱨ ᱨᱮ ᱢᱮᱱᱟᱜ ᱟ ᱾"
77,ᱢᱤᱫᱴᱟᱝ ᱰᱚᱭᱟᱨᱤ ᱯᱷᱟᱨᱢ ᱨᱮ ᱡᱚᱢᱟᱜ ᱫᱚᱦᱚ ᱨᱮᱭᱟᱜ ᱴᱷᱟᱶ ᱪᱮᱫ ᱨᱮ ᱢᱮᱱᱟᱜ ᱟ?,ᱟᱞᱜᱟᱛᱮ ᱥᱮᱴᱮᱨ ᱞᱟᱹᱜᱤᱫ ᱜᱳᱲᱮᱥᱟ ᱚᱲᱟᱜ ᱨᱮᱭᱟᱜ ᱛᱟᱞᱢᱟ ᱥᱳᱨ ᱨᱮ ᱾
78,ᱫᱳᱠᱟᱱ ᱨᱮᱭᱟᱜ ᱚᱲᱟᱜ ᱫᱚ ᱪᱮᱫ ᱴᱷᱟᱶ ᱨᱮ ᱫᱚᱦᱚ ᱦᱩᱭᱩᱜᱼᱟ?,ᱠᱟᱹᱢᱤ ᱟᱱᱟᱜ دودھ ᱪᱟᱞᱟᱣᱟᱱ ᱞᱟᱹᱜᱤᱫ ᱵᱷᱟᱲᱟ ᱚᱲᱟᱜ ᱨᱮᱭᱟᱜ ᱛᱟᱞᱢᱟ ᱥᱳᱨ ᱨᱮ ᱾
79,ᱵᱟᱨᱭᱟ ᱢᱩᱲᱩᱫ ᱞᱮᱠᱟᱱ ᱰᱚᱭᱟᱨᱤ ᱚᱲᱟᱜ ᱵᱚᱱᱫᱮᱡ ᱪᱮᱫ?,ᱪᱷᱟᱹᱲ ᱚᱲᱟᱜ ᱵᱚᱱᱫᱮᱡ ᱟᱨ ᱥᱮᱨᱣᱟ ᱟᱱᱟᱜ ᱰᱚᱭᱟᱨᱤ ᱵᱟᱛᱟᱱ ᱵᱚᱱᱫᱮᱡ ᱾
80,ᱵᱷᱟᱨᱚᱛ ᱨᱮᱭᱟᱜ ᱥᱟᱫᱷᱟᱨᱚᱱ ᱥᱮᱨᱣᱟ ᱟᱱᱟᱜ ᱜᱚᱭᱟᱨᱚᱱ ᱚᱲᱟᱜ ᱨᱮᱱᱟᱜ ᱦᱚᱨᱟ ᱪᱮᱫ?,ᱢᱤᱫᱴᱟᱝ ᱠᱟᱪᱟ (ᱵᱮᱼᱵᱟᱹᱲᱤᱡ) ᱢᱮᱞᱟᱱ ᱪᱮᱛᱟᱱ ᱨᱮ ᱜᱳᱣ ᱠᱚ ᱨᱟᱥᱮ ᱛᱮ ᱵᱚᱱᱫᱮᱡ ᱢᱮ ᱾
81,ᱠᱚᱢ ᱚᱲᱟᱜ ᱵᱮᱱᱟᱣ ᱠᱷᱟᱹᱛᱤᱨᱛᱮ ᱪᱮᱫ ᱪᱮᱫ ᱟᱱᱟᱴ ᱦᱩᱭᱩᱜᱼᱟ?,"ᱡᱚᱢᱟᱜ ᱵᱮᱶᱦᱟᱨ, ᱵᱮᱼᱲᱤᱪᱟᱹᱲ ᱥᱟᱡᱚᱥ, ᱵᱤᱨᱤᱭᱟᱹ ᱠᱚ ᱪᱮᱛᱟᱱ ᱴᱮᱦᱟᱰ ᱟᱨ ᱫᱳᱠᱟᱱ ᱨᱮᱭᱟᱜ ᱵᱮᱱᱟᱣ ᱠᱚᱢᱚᱜᱼᱟ ᱾"
82,ᱢᱤᱫᱴᱟᱝ ᱪᱷᱟᱹᱲ ᱚᱲᱟᱜ ᱵᱚᱱᱫᱮᱡ ᱪᱮᱫ?,ᱢᱤᱫᱴᱟᱝ ᱵᱚᱱᱫᱮᱡ ᱡᱟᱦᱟᱸ ᱨᱮ ᱰᱩᱞᱟᱹᱣ ᱥᱮ ᱯᱚᱨᱤᱥᱮᱵᱟ ᱚᱠᱛᱚ ᱵᱮᱜᱚᱨ ᱵᱤᱨᱤᱭᱟᱹ ᱠᱚ ᱪᱷᱟᱹᱲ ᱨᱮ ᱫᱚᱦᱚ ᱦᱩᱭᱩᱜᱼᱟ ᱾
83,ᱪᱷᱟᱹᱲ ᱚᱲᱟᱜ ᱫᱚ ᱠᱟᱶᱰᱤ ᱜᱚᱱᱚᱝ ᱨᱮᱭᱟᱜ ᱪᱮᱫ ᱚᱡᱮ?,ᱱᱚᱶᱟ ᱨᱮᱭᱟᱜ ᱵᱮᱱᱟᱣ ᱠᱷᱚᱨᱪᱟ ᱠᱚᱢ ᱟᱨ ᱚᱱᱢᱟᱱ ᱨᱮᱭᱟᱜ ᱞᱟᱹᱠᱛᱤ ᱠᱚᱢ ᱾
84,ᱯᱟᱥᱱᱟᱣ ᱨᱮᱭᱟᱜ ᱠᱟᱛᱷᱟ ᱞᱮᱠᱟᱛᱮ ᱪᱷᱟᱹᱲ ᱚᱲᱟᱜ ᱨᱮᱭᱟᱜ ᱪᱮᱫ ᱱᱟᱯᱟᱭ ᱢᱮᱱᱟᱜᱼᱟ?,ᱱᱚᱶᱟ ᱫᱚ ᱢᱟᱨᱟᱝ ᱵᱚᱱᱚᱫᱚᱞ ᱵᱚᱱᱚᱫᱚᱞ ᱵᱟᱝ ᱠᱟᱛᱮ ᱟᱞᱜᱟᱛᱮ ᱯᱟᱥᱱᱟᱣ ᱨᱮᱭᱟᱜ ᱫᱟᱲᱮᱭ ᱮᱢᱼᱟ ᱾
85,ᱵᱮᱼᱲᱤᱪᱟᱹᱲ ᱚᱲᱟᱜ ᱠᱚ ᱪᱮᱫ ᱞᱮᱠᱟᱛᱮ ᱵᱤᱨᱤᱭᱟᱹ ᱠᱚ ᱨᱮᱭᱟᱜ ᱦᱟᱹᱱ ᱵᱟᱰᱟᱭ ᱞᱟᱹᱜᱤᱫ ᱜᱚᱲᱚ ᱠᱚ ᱮᱢᱼᱟ?,"ᱵᱤᱨᱤᱭᱟᱹ ᱠᱚᱫᱚ ᱵᱮᱼᱵᱟᱹᱛᱤᱞ ᱞᱮᱠᱟᱛᱮ ᱠᱚ ᱪᱟᱞᱟᱣᱼᱟ, ᱡᱟᱦᱟᱸ ᱫᱚ ᱦᱚᱭᱦᱩᱫᱤᱥ ᱨᱮᱭᱟᱜ ᱪᱤᱱᱦᱟᱹ ᱠᱚ ᱧᱮᱞ ᱞᱟᱹᱜᱤᱫ ᱟᱹᱰᱤ ᱟᱞᱜᱟᱼᱟ ᱾"
86,ᱪᱮᱫ ᱚᱡᱮᱛᱮ ᱵᱮᱼᱲᱤᱪᱟᱹᱲ ᱚᱲᱟᱜ ᱵᱤᱨᱤᱭᱟᱹ ᱠᱚ ᱞᱟᱹᱜᱤᱫ ᱱᱟᱯᱟᱭ ᱠᱟᱱᱟ?,"ᱱᱚᱶᱟ ᱫᱚ ᱵᱮᱭᱟᱢ, ᱫᱟᱵᱟ ᱠᱚᱢ ᱟᱨ ᱥᱟᱱᱟᱢᱟᱜ ᱵᱮᱱᱟᱣ ᱫᱟᱲᱮᱭ ᱮᱢᱼᱟ ᱾"
87,ᱵᱮᱼᱲᱤᱪᱟᱹᱲ ᱚᱲᱟᱜ ᱠᱚ ᱫᱚ ᱪᱮᱫ ᱞᱮᱠᱟᱛᱮ دودھ ᱵᱮᱱᱟᱣ ᱮ ᱮᱥᱮᱨᱼᱟ?,ᱱᱚᱶᱟ ᱫᱚ ᱵᱤᱨᱤᱭᱟᱹ ᱠᱚᱣᱟᱜ ᱱᱟᱯᱟᱭ ᱟᱨ ᱱᱟᱯᱟᱭ ᱰᱷᱮᱨ ᱠᱟᱛᱮ ᱵᱮᱱᱟᱣ ᱫᱟᱲᱮᱹᱣᱟ ᱾
88,ᱚᱲᱟᱜ ᱫᱚ ᱪᱮᱫ ᱞᱮᱠᱟᱛᱮ دودھ ᱨᱮᱭᱟᱜ ᱜᱚᱱᱚᱝ ᱮ ᱮᱥᱮᱨᱼᱟ?,"ᱠᱟᱹᱢᱤ ᱞᱮᱠᱟᱛᱮ ᱛᱟᱦᱮᱸᱱ ᱚᱲᱟᱜ ᱫᱚ ᱚᱛᱢᱚᱱ ᱠᱚᱢᱼᱟ, ᱥᱟᱡᱚᱥ ᱮ ᱫᱚᱦᱚᱼᱟ ᱟᱨ ᱥᱟᱡᱚᱥ ᱫᱳᱠᱟᱱ ᱨᱮᱭᱟᱜ ᱵᱮᱱᱟᱣ ᱮ ᱜᱚᱴᱟᱼᱟ ᱾"
89,ᱪᱮᱫ ᱞᱮᱠᱟᱛᱮ ᱱᱟᱯᱟᱭ ᱵᱮᱱᱟᱣ ᱠᱟᱹᱢᱤ ᱠᱟᱹᱢᱤ ᱨᱮᱭᱟᱜ ᱠᱷᱚᱨᱪᱟ ᱠᱚᱢᱼᱟ?,"ᱠᱷᱮᱹᱰ ᱥᱴᱳᱨᱮᱡ, ᱵᱤᱨᱤᱭᱟᱹ ᱟᱨ ᱰᱩᱞᱟᱝ ᱴᱚᱴᱷᱟ ᱢᱩᱫᱨᱮ ᱪᱟᱞᱟᱣᱟᱱ ᱠᱚᱢ ᱠᱟᱛᱮ ᱾"
90,ᱚᱲᱟᱜ ᱨᱮᱭᱟᱜ ᱰᱤᱡᱟᱭᱮᱱ ᱦᱚᱭᱦᱩᱫᱤᱥ ᱨᱮᱭᱟᱜ ᱠᱟᱛᱷᱟ ᱪᱮᱫ ᱞᱟᱹᱜᱤᱫ ᱩᱭᱦᱟᱹᱨ ᱦᱩᱭᱩᱜ ᱛᱟᱢᱟ?,ᱡᱩᱭᱟᱹᱱ ᱠᱚ ᱟᱹᱰᱤ ᱰᱷᱮᱨ ᱦᱚᱭᱦᱩᱫ ᱠᱷᱚᱱ ᱨᱩᱠᱷᱟᱹᱭᱟᱹ ᱟᱨ ᱰᱷᱮᱨ ᱠᱷᱚᱱ ᱰᱷᱮᱨ ᱟᱨᱡᱟᱣ ᱨᱮᱭᱟᱜ ᱦᱚᱭᱦᱩᱫᱤᱥ ᱫᱚᱦᱚ ᱞᱟᱹᱜᱤᱫ ᱾
91,ᱜᱳᱥ ᱟᱨ ᱢᱳᱥ ᱠᱚ ᱪᱮᱫ ᱞᱮᱠᱟᱱ ᱡᱳᱜᱟᱡᱳᱜ ᱨᱮᱭᱟᱜ ᱚᱠᱛᱚ ᱠᱚ ᱩᱫᱩᱜᱟ?,"ᱵᱟᱱᱟᱨ ᱜᱮ ᱯᱮᱞᱤᱣᱳᱭᱮᱥᱴᱨᱟᱥ, ᱡᱟᱦᱟᱸ ᱨᱮᱭᱟᱜ ᱧᱩᱛᱩᱢ ᱱᱚᱶᱟ ᱡᱮ, ᱱᱚᱶᱟ ᱠᱚᱫᱚ ᱥᱮᱨᱢᱟ ᱨᱮᱭᱟᱜ ᱥᱟᱱᱟᱢ ᱚᱠᱛᱚ ᱜᱮ ᱦᱮᱫ ᱨᱮ ᱦᱮᱡ ᱫᱟᱲᱮᱭᱟᱜᱼᱟ ᱾"
92,ᱪᱮᱫ ᱩᱢᱮᱨ ᱨᱮ ᱜᱳᱣ ᱠᱚᱫᱚ ᱡᱩᱭᱟᱹᱱ ᱮ ᱥᱮᱴᱮᱨᱚᱜᱼᱟ?,ᱟᱭᱢᱟᱜᱟᱱ 15 ᱪᱟᱸᱫᱳ ᱨᱮ ᱜᱳᱣ (ᱯᱚᱨᱤᱢᱟᱱ 
93,ᱜᱳᱣ ᱠᱚ ᱨᱮᱭᱟᱜ ᱥᱟᱫᱷᱟᱨᱚᱱ ᱮᱥᱴᱚᱨᱟᱥ ᱥᱟᱭᱠᱮᱞ ᱨᱮᱱᱟᱜ ᱡᱮᱹᱞᱮᱹᱧ ᱪᱮᱫ?,ᱚᱱᱢᱟᱱ 21 ᱢᱟᱦᱟ ᱾
94,ᱜᱳᱣ ᱠᱚ ᱢᱩᱫᱨᱮ ᱮᱥᱴᱚᱨᱟᱥ ᱪᱤᱱᱦᱟᱹ ᱠᱚ ᱛᱤᱱᱟᱹᱜ ᱚᱠᱛᱚ ᱫᱷᱟᱹᱵᱤᱡ ᱛᱟᱦᱮᱸᱱᱟ?,ᱚᱱᱢᱟᱱ 18 ᱴᱟᱲᱟᱝ ᱾
95,ᱜᱚᱭ ᱠᱚᱣᱟᱜ ᱜᱚᱭᱢᱟᱱ ᱨᱮᱭᱟᱜ ᱚᱠᱛᱚ ᱪᱮᱫ?,ᱚᱱᱢᱟᱱ 280 ᱢᱟᱦᱟ ᱾
96,ᱜᱳᱣ ᱠᱚ ᱥᱟᱫᱷᱟᱨᱚᱱ ᱞᱮᱠᱟᱛᱮ ᱯᱳᱭᱞᱳ ᱚᱠᱛᱚ ᱞᱟᱹᱜᱤᱫ ᱫᱚ ᱪᱮᱫ ᱚᱠᱛᱚ ᱨᱮ ᱜᱷᱩᱨᱩᱢᱚᱜᱼᱟ?,ᱚᱱᱢᱟᱱ 30 ᱪᱟᱸᱫᱳ ᱾
97,ᱜᱚᱭ ᱠᱚ ᱨᱮ ᱥᱟᱫᱷᱟᱨᱚᱱ ᱜᱮ ᱜᱤᱫᱽᱨᱟᱹ ᱡᱟᱱᱟᱢ ᱨᱮᱭᱟᱜ ᱚᱠᱛᱚ ᱫᱚ ᱪᱮᱫ?,13
98,ᱮᱥᱴᱚᱨᱟᱥ ᱨᱮᱭᱟᱜ ᱡᱚᱛᱚ ᱠᱷᱚᱱ ᱵᱟᱛᱟᱣᱟᱜ ᱪᱤᱱᱦᱟᱹ ᱫᱚ ᱪᱮᱫ?,ᱮᱴᱟᱜ ᱵᱤᱨᱤᱭᱟᱹ ᱠᱚ ᱫᱟᱨᱟᱭ ᱛᱮ ᱯᱟᱥᱱᱟᱶ ᱞᱟᱹᱜᱤᱫ ᱮ ᱛᱷᱟᱯᱚᱱ ᱞᱮᱱᱟ ᱾
99,ᱪᱮᱫ ᱪᱮᱫ ᱵᱚᱱᱚᱫᱚᱞ ᱨᱮᱭᱟᱜ ᱵᱚᱱᱚᱫᱚᱞ ᱮᱥᱴᱚᱨᱟᱥ ᱨᱮᱭᱟᱜ ᱪᱤᱱᱦᱟᱹ ᱠᱟᱱᱟ?,"ᱚᱵᱷᱟᱵᱽ, ᱮᱴᱟᱜ ᱜᱳᱣ ᱪᱮᱛᱟᱱ ᱨᱮ ᱪᱟᱞᱟᱣ, ᱡᱟᱣᱜᱮ ᱞᱟᱹᱞᱤᱥ ᱟᱨ ᱡᱚᱢᱟᱜ ᱦᱟᱛᱟᱣ ᱠᱚᱢ ᱾"
100,ᱪᱮᱫ ᱦᱚᱲᱢᱚ ᱪᱤᱱᱦᱟᱹ ᱠᱚ ᱮᱥᱴᱚᱨᱟᱥᱮ ᱩᱫᱩᱜᱟ?,"ᱥᱲᱤᱝ ᱢᱩᱠᱠᱟᱥ ᱪᱷᱟᱹᱲ, ᱵᱷᱚᱞᱵᱷᱟᱞ ᱯᱷᱩᱞᱚᱜ, ᱞᱮᱡ ᱪᱮᱛᱟᱱ ᱨᱮ ᱫᱚᱦᱚ ᱟᱨ ᱦᱚᱲᱢᱚ ᱨᱮ ᱢᱩᱠᱠᱟᱥ ᱨᱮᱭᱟᱜ ᱮᱥᱮᱨ ᱦᱳᱭ ᱞᱮᱱᱟ ᱾"
101,ᱡᱟᱱᱟᱢ ᱞᱟᱹᱜᱤᱫ ᱮᱹ ᱮᱢ ᱼᱯᱤ ᱮᱢ ᱟᱹᱨᱤ ᱪᱮᱫ?,"ᱡᱩᱫᱤ صبح ᱨᱮ ᱮᱥᱴᱚᱨᱟᱥ ᱧᱮᱞᱚᱜᱼᱟ, ᱮᱱᱠᱷᱟᱱ ᱪᱟᱸᱫᱳ ᱨᱮ ᱡᱟᱱᱟᱢᱚᱜᱼᱟ; ᱡᱩᱫᱤ ᱪᱟᱸᱫᱳ ᱨᱮ ᱧᱮᱞᱚᱜᱼᱟ, ᱮᱱᱠᱷᱟᱱ ᱫᱚᱥᱟᱨ صبح ᱨᱮ ᱡᱟᱱᱟᱢᱚᱜᱼᱟ ᱾"
102,ᱵᱨᱟᱥᱚᱱ ᱞᱟᱹᱜᱤᱫ ᱡᱚᱛᱚ ᱠᱷᱚᱱ ᱠᱚᱢ ᱦᱚᱲᱢᱚ ᱨᱮᱭᱟᱜ ᱳᱡᱚᱱ ᱪᱮᱫ?,250 ᱠᱤᱞᱳᱢᱤᱴᱟᱨ ᱠᱷᱚᱱ ᱠᱚᱢ ᱡᱩᱭᱟᱹᱱ ᱠᱚ ᱱᱟᱯᱟᱭ ᱵᱟᱝ ᱠᱟᱱᱟ; 250 ᱠᱤᱞᱳᱢᱤᱴᱟᱨ ᱠᱷᱚᱱ ᱪᱮᱛᱟᱱ ᱡᱩᱭᱟᱹᱱ ᱠᱚᱫᱚ ᱡᱟᱱᱟᱢ ᱞᱟᱹᱜᱤᱫ ᱱᱟᱯᱟᱭ ᱾
103,ᱡᱮᱹᱵᱮᱹᱞᱤ ᱚᱠᱛᱚ ᱨᱮ ᱜᱮᱢᱮᱹᱞᱤ ᱨᱮᱭᱟᱜ ᱪᱤᱱᱦᱟᱹ ᱠᱚᱨᱟᱣ ᱞᱟᱹᱠᱛᱤ ᱠᱟᱱᱟ ᱾,ᱡᱟᱱᱟᱢ ᱛᱟᱭᱚᱢ 45-60 ᱫᱤᱱ ᱢᱩᱫᱨᱮ ᱾
104,ᱪᱮᱫ ᱚᱡᱮᱛᱮ ᱜᱟᱹᱨᱥᱩᱢ ᱨᱮᱭᱟᱜ ᱪᱤᱱᱦᱟᱹ ᱫᱚ ᱞᱟᱹᱠᱛᱤᱭᱟᱱ ᱠᱟᱱᱟ?,ᱱᱚᱶᱟ ᱫᱚ ᱜᱚᱭᱱᱟᱥᱤ ᱡᱤᱭᱟᱹᱞᱤ ᱠᱚ ᱞᱟᱹᱜᱤᱫ ᱠᱷᱚᱭᱟᱨᱚᱱ ᱥᱟᱢᱲᱟᱣ ᱟᱨ ᱵᱟᱝ ᱜᱚᱭᱱᱟᱥᱤ ᱡᱤᱭᱟᱹᱞᱤ ᱠᱚ ᱫᱚᱲᱦᱟᱛᱮ ᱡᱟᱱᱟᱢ ᱞᱟᱹᱜᱤᱫ ᱜᱚᱲᱚ ᱟᱭ ᱾
105,ᱥᱟᱭᱞᱮᱱᱴ ᱳᱭᱮᱥᱴᱨᱚᱥ ᱪᱮᱫ?,"ᱡᱟᱦᱟᱸ ᱚᱠᱛᱚ ᱡᱤᱯᱟᱹᱭᱟᱱ ᱪᱚᱠ ᱦᱳᱭᱳᱜᱼᱟ, ᱢᱮᱱᱠᱷᱟᱱ ᱦᱚᱭᱦᱟᱹᱭ ᱨᱮᱭᱟᱜ ᱧᱮᱞᱟᱱ ᱪᱤᱱᱦᱟᱹ ᱵᱟᱝ ᱛᱟᱦᱮᱸᱱᱟ ᱾"
106,ᱚᱥᱟᱵᱤᱠ ᱮᱥᱴᱚᱨᱟᱥ ᱥᱟᱭᱠᱮᱞ ᱨᱮᱱᱟᱜ ᱡᱮᱹᱞᱮᱹᱧ ᱪᱮᱫ ᱞᱮᱠᱟᱛᱮ ᱵᱚᱨᱱᱚᱱ ᱟᱠᱟᱱᱟ?,18 ᱢᱟᱦᱟ ᱠᱷᱚᱱ ᱠᱚᱢ (ᱦᱩᱰᱤᱧ ᱥᱟᱭᱠᱮᱞ) ᱵᱟᱝᱠᱷᱟᱱ 21 ᱢᱟᱦᱟ ᱠᱷᱚᱱ ᱰᱷᱮᱨ (ᱡᱮᱞᱮᱧ ᱥᱟᱭᱠᱮᱞ) ᱾
107,ᱨᱤᱯᱤᱤᱴ ᱵᱨᱤᱰᱟᱨ ᱡᱤᱭᱟᱹᱞᱤ ᱫᱚ ᱪᱮᱫ?,ᱯᱮ ᱜᱚᱴᱟᱝ ᱠᱷᱚᱱ ᱦᱚᱸ ᱡᱟᱹᱥᱛᱤ ᱡᱟᱱᱟᱢ ᱨᱮᱭᱟᱜ ᱨᱤᱠᱟᱹ ᱛᱟᱭᱚᱢ ᱡᱟᱱᱟᱢ ᱦᱟᱛᱟᱣ ᱨᱮ ᱵᱟᱝ ᱥᱤᱜᱤᱞ ᱟᱠᱟᱱ ᱢᱤᱫᱴᱟᱝ ᱡᱤᱭᱟᱹᱞᱤ ᱾
108,ᱪᱮᱫ ᱚᱡᱮᱛᱮ ᱵᱟᱨᱮᱛᱮ ᱡᱟᱱᱟᱢ ᱦᱩᱭᱩᱜᱼᱟ?,"ᱦᱳᱨᱢᱚᱱ ᱨᱮᱭᱟᱜ ᱵᱮᱼᱥᱩᱢᱟᱹᱱ, ᱵᱮᱼᱵᱩᱴᱟᱹ ᱰᱚᱵᱟᱹ, ᱵᱮᱼᱵᱩᱴᱟᱹ ᱥᱟᱨᱢᱟᱜᱟᱱ, ᱜᱮᱢᱮᱧ ᱟᱨ ᱯᱳᱭᱞᱳ ᱜᱮᱵᱩᱴᱟᱹ ᱜᱚᱡ ᱾"
109,ᱯᱳᱭᱞᱳ ᱜᱮᱢᱮᱧ ᱨᱮᱭᱟᱜ ᱜᱚᱡ ᱚᱡᱮᱛᱮ ᱜᱮᱢᱮᱧᱟᱱ ᱮᱥᱮᱨᱟᱱ ᱠᱚᱣᱟᱜ ᱧᱩᱛᱩᱢ ᱚᱞ ᱢᱮ ᱾,"ᱴᱨᱤᱠᱳᱢᱳᱱᱟᱥ ᱯᱷᱮᱴᱟᱥ, ᱠᱮᱢᱯᱟᱭᱞᱳᱵᱮᱠᱴᱟᱨ ᱯᱷᱮᱴᱟᱥ, ᱵᱨᱩᱥᱮᱞᱟ ᱮᱵᱟᱨᱴᱟᱥ ᱟᱨ ᱟᱭ ᱵᱤ ᱟᱨ ᱼ ᱟᱭ ᱯᱤ ᱵᱷᱤᱨᱮᱥ ᱾"
110,ᱮᱥᱴᱚᱨᱟᱥ ᱪᱤᱱᱦᱟᱹ ᱞᱟᱹᱜᱤᱫ ᱪᱮᱫ ᱞᱮᱠᱟᱛᱮ ᱱᱟᱯᱟᱭ ᱦᱩᱭ ᱫᱟᱲᱮᱭᱟᱜᱼᱟ?,ᱫᱤᱱ ᱨᱮ ᱠᱚᱢ ᱠᱷᱚᱱ ᱠᱚᱢ ᱯᱮ ᱫᱷᱟᱣ ᱡᱤᱭᱟᱹᱞᱤ ᱠᱚ ᱧᱮᱞ ᱢᱮ ᱟᱨ ᱱᱟᱯᱟᱭ ᱚᱞ ᱫᱚᱦᱚ ᱢᱮ ᱾
111,ᱱᱩᱴᱨᱤᱥᱚᱱ ᱪᱮᱫ ᱞᱮᱠᱟᱛᱮ ᱡᱟᱱᱟᱢ ᱮ ᱮᱥᱮᱨᱼᱟ?,"ᱯᱚᱨᱤᱢᱟᱱ ᱫᱟᱲᱮ, ᱯᱨᱳᱴᱤᱱ, ᱢᱮᱱᱟᱨᱮᱞ ᱟᱨ ᱵᱤᱴᱟᱢᱤᱱ ᱫᱚ ᱡᱟᱱᱟᱢ ᱫᱟᱲᱮ ᱟᱨ ᱡᱟᱱᱟᱢ ᱨᱮᱭᱟᱜ ᱦᱟᱨ ᱮ ᱵᱟᱹᱲᱛᱤᱼᱟ ᱾"
112,ᱥᱟᱨᱵᱷᱟᱨ ᱮᱢ ᱟᱠᱟᱱ ᱵᱮᱱᱟᱣ ᱵᱤᱵᱚᱨᱚᱱ ᱨᱮᱭᱟᱜ ᱦᱚᱨᱟ ᱫᱚ ᱪᱮᱫ?,ᱳᱮᱥᱴᱨᱚᱥ ᱚᱠᱛᱚ ᱨᱮ 12-24 ᱴᱟᱲᱟᱝ ᱛᱟᱞᱟ ᱨᱮ ᱵᱟᱨᱵᱟᱨ AI ᱠᱚᱨᱟᱣ ᱢᱮ ᱾
113,ᱜᱳᱲᱤᱭᱟᱹ ᱠᱚᱣᱟᱜ ᱵᱤᱨᱟᱹᱫᱟᱹᱞᱤ ᱫᱚ ᱪᱮᱫ?,ᱵᱟᱨᱮᱛᱮ ᱡᱟᱱᱟᱢ ᱨᱮᱭᱟᱜ ᱨᱤᱠᱟᱹᱭ ᱛᱟᱭᱚᱢ ᱦᱚᱸ ᱜᱟᱹᱛᱤᱞᱚᱜ ᱥᱮ ᱜᱤᱫᱽᱨᱟᱹ ᱡᱟᱱᱟᱢ ᱵᱟᱝ ᱦᱳᱭᱳᱜᱼᱟ ᱾
114,ᱵᱤᱨᱟᱹᱫᱟᱹᱞᱤ ᱨᱮᱭᱟᱜ ᱢᱩᱲᱩᱫ ᱚᱡᱮ ᱠᱚ ᱪᱮᱫ?,"ᱱᱩᱛᱚᱱᱟᱹᱥᱚᱱ, ᱜᱮᱢᱮᱧ, ᱦᱚᱨᱢᱚᱱ ᱨᱮᱭᱟᱜ ᱵᱮᱼᱥᱩᱢᱟᱹᱱ, ᱡᱮᱱᱮᱴᱤᱠ ᱵᱮᱼᱲᱤᱪᱟᱹᱲ ᱟᱨ ᱵᱮᱼᱲᱤᱪᱟᱹᱲ ᱵᱚᱱᱫᱮᱡ ᱾"
115,ᱰᱚᱭᱟᱨᱤ ᱪᱟᱥ ᱨᱮ ᱵᱤᱨᱟᱹᱫᱟᱹᱞᱤ ᱫᱚ ᱪᱮᱫ ᱞᱟᱹᱜᱤᱫ ᱢᱤᱫᱴᱟᱝ ᱢᱟᱨᱟᱝ ᱪᱟᱹᱱᱛᱤ ᱠᱟᱱᱟ?,ᱵᱮᱱᱟᱣ ᱫᱟᱲᱮ ᱠᱚᱢ ᱟᱨ ᱫᱚᱦᱚ ᱨᱮᱭᱟᱜ ᱠᱷᱚᱨᱪᱟ ᱠᱷᱟᱹᱛᱤᱨ ᱛᱮ ᱱᱚᱶᱟ ᱫᱚ ᱠᱟᱹᱣᱰᱤ ᱟᱹᱨᱤ ᱨᱮᱭᱟᱜ ᱦᱟᱹᱱ ᱨᱮᱭᱟᱜ ᱚᱡᱮ ᱦᱳᱭᱳᱜᱼᱟ ᱾
116,ᱯᱷᱟᱨᱢ ᱨᱮᱠᱳᱰ ᱪᱮᱫ ᱞᱮᱠᱟᱛᱮ ᱵᱤᱨᱤᱫ ᱫᱟᱲᱮᱭ ᱵᱟᱹᱲᱛᱤᱼᱟ?,"ᱩᱱᱠᱩ ᱫᱚ ᱥᱟᱭᱠᱮᱞ, ᱡᱟᱱᱟᱢ ᱱᱟᱜᱟᱢ ᱧᱮᱞ ᱞᱟᱹᱜᱤᱫ ᱟᱨ ᱡᱟᱱᱟᱢ ᱨᱮᱭᱟᱜ ᱟᱱᱟᱴ ᱠᱚ ᱢᱟᱲᱟᱝ ᱠᱷᱚᱱ ᱜᱮ ᱧᱮᱞ ᱞᱟᱹᱜᱤᱫ ᱜᱚᱲᱚ ᱠᱚ ᱮᱢᱼᱟ ᱾"
117,ᱪᱮᱫ ᱞᱮᱠᱟᱛᱮ ᱰᱤᱭᱳᱨᱢᱤᱝ ᱵᱤᱨᱟᱹᱫᱟᱹᱞᱤ ᱫᱟᱲᱮᱭ ᱵᱟᱹᱲᱛᱤᱼᱟ?,"ᱱᱚᱶᱟ ᱫᱚ ᱥᱟᱱᱟᱢᱟᱜ ᱦᱚᱲᱢᱚ ᱟᱨ ᱱᱩᱴᱤᱨᱤᱱᱴ ᱮᱥᱮᱨ ᱫᱟᱲᱮᱹᱣᱟ, ᱡᱟᱱᱟᱢ ᱫᱟᱲᱮᱹᱣᱟᱱᱟᱜ ᱫᱟᱲᱮᱹᱣᱟ ᱾"
118,ᱜᱤᱫᱽᱨᱟᱹ ᱡᱟᱱᱟᱢᱚᱜ ᱞᱟᱦᱟᱨᱮ ᱵᱤᱨᱤᱭᱟᱹ ᱠᱚ ᱪᱮᱫ ᱞᱟᱹᱜᱤᱫ ᱥᱩᱠᱟᱣ ᱦᱩᱭᱩᱜ ᱛᱟᱢᱟ?,"ᱚᱰᱮᱰᱟᱨ ᱨᱮᱭᱟᱜ ᱱᱟᱯᱟᱭ ᱨᱮ ᱵᱟᱹᱲᱛᱤ ᱞᱟᱹᱜᱤᱫ, ᱟᱨᱦᱚᱸ ᱱᱟᱯᱟᱭ ᱫᱳᱠᱟᱱ ᱵᱮᱱᱟᱣ ᱜᱚᱴᱟ ᱢᱮ, ᱟᱨ ᱯᱷᱮᱱᱴᱮᱞ ᱨᱮᱭᱟᱜ ᱵᱟᱹᱲᱛᱤ ᱨᱮ ᱜᱚᱲᱚ ᱮᱢ ᱢᱮ ᱾"
119,ᱜᱤᱫᱽᱨᱟᱹ ᱡᱟᱱᱟᱢ ᱛᱟᱭᱚᱢ ᱪᱮᱫ ᱚᱠᱛᱚ ᱨᱮ ᱡᱟᱱᱟᱢ ᱮᱦᱚᱵ ᱦᱩᱭᱩᱜᱼᱟ?,ᱥᱮᱨᱢᱟ ᱨᱮ ᱢᱤᱫᱴᱟᱝ ᱜᱳᱰᱟᱹ ᱧᱟᱢ ᱞᱟᱹᱜᱤᱫ ᱯᱮᱨᱮᱪ 120 ᱫᱤᱱ ᱛᱟᱭᱚᱢ ᱾
120,ᱡᱟᱱᱟᱢ ᱫᱤᱱ ᱨᱮᱭᱟᱜ ᱢᱩᱪᱟᱹᱫ ᱥᱮᱫ ᱪᱮᱫ ᱚᱡᱮᱛᱮ ᱴᱨᱟᱥᱚᱱ ᱵᱚᱱᱚᱫᱚᱞ ᱦᱳᱭᱳᱜᱼᱟ?,ᱥᱴᱨᱮᱥ ᱯᱷᱮᱱᱴᱮᱞ ڈیولپمنٹ ᱮ ᱮᱥᱮᱨ ᱫᱟᱲᱮᱭᱟᱜᱼᱟ ᱟᱨ ᱯᱮᱨᱮᱪᱟᱹᱲ ᱨᱮᱭᱟᱜ ᱞᱟᱹᱞᱤᱥ ᱨᱮᱭᱟᱜ ᱚᱡᱮ ᱦᱩᱭ ᱫᱟᱲᱮᱭᱟᱜᱼᱟ ᱾
121,ᱜᱚᱭᱱᱟᱥᱤ ᱡᱤᱭᱟᱹᱞᱤ ᱠᱚ ᱠᱷᱚᱱ ᱪᱮᱫ ᱞᱟᱹᱜᱤᱫ ᱵᱷᱮᱜᱟᱨ ᱦᱳᱭᱳᱜᱼᱟ?,"ᱟᱨᱦᱚᱸ ᱱᱟᱯᱟᱭ ᱱᱩᱴᱨᱤᱥᱚᱱ, ᱪᱚᱭᱟᱨᱚᱱ ᱟᱨ ᱥᱟᱨᱵᱷᱟᱨ ᱯᱟᱥᱱᱟᱶ ᱮᱢᱚᱜ ᱞᱟᱹᱜᱤᱫ ᱾"
122,ᱨᱮ ᱜᱟᱹᱨᱥᱩᱢ ᱚᱛᱚᱢ ᱨᱮᱭᱟᱜ ᱞᱟᱹᱠᱛᱤ ᱢᱮᱱᱟᱜᱼᱟ ᱾ ,"ᱱᱚᱶᱟ ᱫᱚ ᱠᱚᱢ ᱮ ᱵᱚᱱᱚᱫᱚᱞᱼᱟ, ᱵᱟᱛᱷᱟᱹ ᱨᱮᱭᱟᱜ ᱱᱟᱯᱟᱭ ᱮ ᱱᱟᱯᱟᱭᱼᱟ, ᱟᱨ ᱫᱚᱦᱚ ᱯᱞᱟᱥᱮᱱᱴᱟᱜ ᱞᱮᱠᱟᱱ ᱟᱱᱟᱴ ᱠᱚ ᱠᱚᱢᱼᱟ ᱾"
123,ᱪᱟᱥᱤᱭᱟᱹ ᱠᱚ ᱪᱮᱫ ᱚᱡᱮᱛᱮ ᱥᱮᱨᱣᱟ ᱟᱱᱟᱜ ᱩᱯᱟᱹᱭ ᱪᱮᱛᱟᱱ ᱴᱮᱦᱟᱴ ᱞᱟᱹᱜᱤᱫ ᱮ ᱵᱟᱝ ᱠᱚ ᱵᱟᱝ ᱠᱷᱚᱡᱚᱜ ᱠᱟᱱᱟ?,"ᱱᱟᱦᱟᱜ ᱥᱮᱪᱮᱫ ᱚᱡᱮᱛᱮ, ᱟᱭᱢᱟ ᱦᱚᱲ ᱜᱮ ᱢᱚᱱᱮ ᱦᱩᱭᱩᱜ ᱠᱟᱱᱟ ᱡᱮ ᱥᱮᱨᱣᱟ ᱟᱱᱟᱜ ᱦᱚᱨᱟᱠᱚ ᱨᱮ ᱵᱳᱭᱱᱫᱷᱤᱠ ᱥᱟᱹᱵᱩᱫᱛᱤ ᱨᱮᱭᱟᱜ ᱚᱵᱷᱟᱵᱽ ᱢᱮᱱᱟᱜᱼᱟ ᱾"
124,ᱛᱷᱟᱭᱤ ᱩᱯᱟᱹᱭ ᱪᱮᱫ?,"ᱱᱚᱶᱟ ᱫᱚ ᱢᱤᱫᱴᱟᱝ ᱫᱷᱚᱨᱚᱢ, ᱧᱮᱞᱟᱱ ᱟᱨ ᱦᱚᱨᱟ ᱨᱮᱭᱟᱜ ᱵᱚᱱᱫᱮᱡ ᱡᱟᱦᱟᱸ ᱫᱚ ᱜᱟᱫᱮᱞ ᱠᱚ ᱫᱟᱨᱟᱭ ᱛᱮ ᱩᱱᱠᱩᱭᱟᱜ ᱦᱚᱭᱦᱩᱫᱤᱥ ᱵᱟᱰᱟᱭ ᱟᱨ ᱪᱟᱪᱟᱞᱟᱣ ᱞᱟᱹᱜᱤᱫ ᱵᱮᱱᱟᱣ ᱟᱠᱟᱱᱟ ᱾"
125,ᱥᱮᱨᱣᱟ ᱟᱱᱟᱜ ᱩᱯᱟᱹᱭ ᱫᱤᱥᱚᱢ ᱨᱮᱭᱟᱜ ᱩᱯᱟᱹᱭ ᱠᱷᱚᱱ ᱪᱮᱫ ᱞᱮᱠᱟᱛᱮ ᱵᱷᱮᱜᱟᱨ ᱢᱮᱱᱟᱜᱼᱟ?,"ᱥᱮᱨᱣᱟ ᱟᱱᱟᱜ ᱩᱯᱟᱹᱭ ᱫᱚ ᱢᱟᱨᱟᱝ ᱞᱮᱠᱟᱛᱮ ᱟᱛᱳ ᱨᱮᱭᱟᱜ ᱦᱚᱨᱟ ᱠᱚ ᱩᱫᱩᱜ ᱥᱚᱫᱚᱨᱼᱟ, ᱮᱴᱟᱜ ᱥᱮᱪ ᱫᱤᱥᱚᱢ ᱨᱮᱭᱟᱜ ᱩᱯᱟᱹᱭ ᱫᱚ ᱡᱟᱣᱜᱮ ᱜᱚᱴᱟᱼᱵᱩᱴᱟᱹ ᱡᱟᱹᱛᱤᱭᱟᱹᱨᱤ ᱜᱟᱫᱮᱞ ᱥᱟᱞᱟᱜ ᱥᱮᱞᱮᱫ ᱢᱮᱱᱟᱜᱼᱟ ᱟᱨ ᱱᱚᱶᱟ ᱥᱟᱶᱛᱟᱹᱨᱤ ᱥᱮ ᱨᱟᱡᱟᱹᱨᱤ ᱨᱮᱭᱟᱜ ᱠᱟᱛᱷᱟ ᱮᱢ ᱫᱚᱦᱚ ᱫᱟᱲᱮᱭᱟᱜᱼᱟ ᱾"
126,ᱛᱷᱟᱭᱤ ᱵᱟᱰᱟᱭ ᱵᱚᱱᱫᱮᱡ ᱨᱮ ᱪᱮᱫ ᱦᱚᱨᱟ ᱠᱚ ᱥᱮᱞᱮᱫ ᱢᱮᱱᱟᱜᱼᱟ?,"ᱩᱯᱟᱹᱭ ᱵᱮᱱᱟᱣ, ᱫᱚᱦᱚ, ᱵᱮᱣᱦᱟᱨ, ᱥᱟᱹᱵᱩᱫ ᱟᱨ ᱯᱟᱥᱱᱟᱣ ᱾"
127,ᱴᱚᱴᱷᱟ ᱨᱮᱭᱟᱜ ᱦᱚᱭᱦᱩᱫᱥᱩᱢ ᱨᱮᱭᱟᱜ ᱦᱚᱭᱦᱩᱫᱥᱩᱢ ᱨᱮᱭᱟᱜ ᱢᱤᱫᱴᱟᱝ ᱢᱩᱲᱩᱫ ᱱᱟᱯᱟᱭ ᱪᱮᱫ?,ᱱᱚᱶᱟ ᱫᱚ ᱟᱹᱰᱤ ᱥᱟᱫᱷᱟᱨᱚᱱ ᱟᱨ ᱱᱚᱶᱟ ᱞᱟᱹᱜᱤᱫ ᱠᱟᱹᱴᱤᱪ ᱩᱯᱟᱹᱭ ᱥᱮ ᱪᱮᱨᱛᱤᱭᱟᱹ ᱠᱚᱣᱟᱜ ᱯᱚᱨᱟᱢᱚᱥ ᱨᱮᱭᱟᱜ ᱞᱟᱹᱠᱛᱤ ᱵᱟᱝ ᱛᱟᱦᱮᱸᱱᱟ ᱾
128,ᱫᱚᱠᱠᱷᱤᱱᱼᱯᱩᱨᱵᱚ ᱴᱚᱴᱷᱟ ᱨᱮ ᱴᱚᱴᱷᱟ ᱨᱮᱭᱟᱜ ᱩᱯᱟᱹᱭ ᱪᱮᱫ ᱞᱟᱹᱜᱤᱫ ᱜᱚᱱᱚᱝᱟᱱ?,"ᱵᱳᱭᱱᱫᱷᱤᱠ ᱵᱚᱨᱱᱚᱱ ᱵᱟᱝ ᱦᱚᱸ ᱧᱟᱢ ᱫᱟᱲᱮᱹᱭᱟᱜᱼᱟ, ᱚᱱᱟᱛᱮ ᱴᱚᱴᱷᱟ ᱨᱮᱭᱟᱜ ᱪᱤᱱᱦᱟᱹ ᱠᱚ ᱚᱠᱛᱚ ᱟᱱᱟᱜ ᱟᱨ ᱵᱮᱣᱦᱟᱨᱟᱱ ᱰᱚᱜᱚᱨ ᱠᱚ ᱮᱢᱼᱟ ᱾"
129,ᱪᱮᱫ ᱚᱡᱮᱛᱮ ᱴᱚᱴᱷᱟ ᱨᱮᱭᱟᱜ ᱪᱤᱱᱦᱟᱹ ᱠᱚ ᱡᱟᱦᱟᱱ ᱚᱠᱛᱮ ᱨᱮ ᱵᱳᱭᱱᱫᱷᱤᱠ ᱟᱠᱷᱟᱲᱟ ᱠᱷᱚᱱ ᱟᱨᱦᱚᱸ ᱱᱟᱯᱟᱭ ᱦᱩᱭ ᱫᱟᱲᱮᱭᱟᱜᱼᱟ?,ᱱᱚᱶᱟ ᱠᱚᱫᱚ ᱥᱟᱹᱜᱤᱧ ᱨᱮᱭᱟᱜ ᱦᱚᱭᱦᱩᱫᱤᱥ ᱛᱟᱞᱢᱟ ᱨᱮᱭᱟᱜ ᱛᱚᱛᱛᱟ ᱠᱷᱚᱱ ᱦᱚᱸ ᱴᱚᱴᱷᱟ ᱨᱮᱭᱟᱜ ᱦᱚᱭᱦᱩᱫᱤᱥ ᱨᱮᱭᱟᱜ ᱥᱚᱨᱟᱥᱚᱨᱤ ᱧᱮᱞ ᱨᱮᱭᱟᱜ ᱪᱮᱛᱟᱱ ᱴᱮᱦᱟᱴ ᱢᱮᱱᱟᱜᱼᱟ ᱾
130,ᱪᱮᱫ ᱚᱡᱮᱛᱮ ᱛᱷᱟᱭᱤ ᱩᱯᱟᱹᱭ ᱫᱚ ᱵᱳᱭᱱᱫᱷᱤᱠ ᱟᱠᱷᱟᱲᱟ ᱥᱟᱞᱟᱜ ᱥᱮᱞᱮᱫ ᱦᱳᱭᱳᱜᱼᱟ ᱾,ᱪᱟᱥ ᱨᱮᱭᱟᱜ ᱠᱟᱛᱷᱟ ᱦᱟᱛᱟᱣ ᱨᱮ ᱵᱟᱹᱲᱛᱤ ᱟᱨ ᱵᱤᱨᱟᱹᱫᱟᱹᱞᱤ ᱨᱮᱭᱟᱜ ᱦᱟᱹᱱ ᱠᱚᱢ ᱞᱟᱹᱜᱤᱫ ᱾
131,ᱪᱟᱥᱤᱭᱟᱹ ᱠᱚ ᱪᱮᱫ ᱞᱮᱠᱟᱛᱮ ᱩᱱᱠᱩᱭᱟᱜ ᱪᱟᱥ ᱦᱚᱨᱟ ᱠᱚ ᱩᱛᱱᱟᱹᱣ ᱞᱮᱫᱟ ᱾,"ᱵᱮᱼᱵᱟᱹᱛᱤᱞ ᱥᱮᱪᱮᱫ ᱛᱟᱞᱟᱛᱮ ᱫᱚ ᱵᱟᱝ, ᱵᱮᱼᱵᱟᱹᱛᱤᱞ ᱩᱯᱟᱹᱭ ᱟᱨ ᱟᱹᱰᱤ ᱫᱤᱱ ᱞᱟᱹᱜᱤᱫ ᱧᱮᱞ ᱞᱟᱹᱜᱤᱫ ᱛᱮ ᱾"
132,ᱪᱟᱥᱤᱭᱟᱹ ᱠᱚ ᱞᱟᱹᱜᱤᱫ ᱟᱹᱰᱤ ᱰᱷᱮᱨ ᱠᱷᱮᱹᱞᱳᱰ ᱨᱮᱭᱟᱜ ᱦᱚᱭᱦᱩᱫᱤᱥ ᱪᱮᱫ ᱮ ᱩᱫᱩᱜᱟ?,ᱱᱚᱶᱟ ᱫᱚ ᱢᱤᱫᱴᱟᱝ ᱱᱟᱯᱟᱭ ᱢᱩᱱᱥᱩᱢ ᱨᱮᱭᱟᱜ ᱠᱟᱛᱷᱟ ᱮᱢ ᱟᱠᱟᱫᱟ ᱾
133,ᱢᱟᱲᱟᱝ ᱨᱮᱭᱟᱜ ᱫᱟᱜᱡᱩᱠ ᱪᱮᱫ ᱞᱮᱠᱟᱛᱮ ᱯᱷᱚᱞᱮ ᱩᱭᱦᱟᱹᱨ ᱨᱮᱭᱟᱜ ᱮᱥᱮᱨ ᱞᱮᱫᱟᱭ ᱾,ᱪᱟᱥᱤᱭᱟᱹ ᱠᱚ ᱯᱳᱭᱞᱳ ᱫᱟᱜ ᱨᱮᱭᱟᱜ ᱚᱠᱛᱚ ᱪᱮᱛᱟᱱ ᱴᱮᱦᱟᱴ ᱠᱟᱛᱮ ᱯᱷᱚᱞᱮ ᱵᱟᱪᱷᱱᱟᱣ ᱨᱮᱭᱟᱜ ᱮ ᱜᱚᱴᱟ ᱞᱮᱫᱟ ᱾
134,ᱪᱮᱫ ᱩᱯᱨᱩᱢᱟᱱᱟᱜ ᱪᱤᱱᱦᱟᱹᱠᱚ ᱱᱟᱯᱟᱭ ᱫᱟᱜᱡᱩᱠᱤ ᱨᱮᱭᱟᱜ ᱪᱤᱱᱦᱟᱹ ᱠᱟᱱᱟ?,"ᱠᱳᱭᱞᱤ ᱥᱮᱹᱨᱮᱹᱧ, ᱯᱷᱟᱹᱨᱰᱩ ᱠᱨᱚᱠᱤᱝ, ᱠᱟᱣ ᱨᱮᱭᱟᱜ ᱚᱲᱟᱜ ᱨᱮᱭᱟᱜ ᱴᱷᱟᱶ ᱟᱨ ᱟᱢᱚᱞ ᱨᱮᱭᱟᱜ ᱟᱹᱰᱤ ᱰᱷᱮᱨ ᱯᱚᱨᱤᱢᱟᱱ ᱾"
135,ᱥᱮᱯᱴᱮᱢᱵᱚᱨᱼ ᱚᱠᱴᱳᱵᱚᱨ ᱨᱮᱭᱟᱜ ᱫᱟᱜᱫᱩᱱ ᱫᱚ ᱪᱮᱫ ᱞᱟᱹᱜᱤᱫ ᱟᱹᱰᱤ ᱜᱚᱱᱚᱝᱟᱱ?,ᱩᱱᱠᱩ ᱫᱚ ᱨᱚᱵᱤ ᱪᱟᱥ ᱞᱟᱹᱜᱤᱫ ᱫᱟᱜ ᱨᱮᱭᱟᱜ ᱥᱟᱹᱵᱩᱫ ᱮ ᱜᱚᱴᱟ ᱞᱮᱫᱟ ᱾
136,ᱪᱮᱫ ᱞᱮᱠᱟᱱ ᱫᱟᱜ ᱨᱮᱭᱟᱜ ᱦᱚᱨᱟ ᱪᱟᱥ ᱞᱟᱹᱜᱤᱫ ᱱᱟᱯᱟᱭ ᱠᱟᱱᱟ?,ᱟᱹᱰᱤ ᱠᱚᱢ ᱫᱟᱜ ᱟᱨ ᱠᱤᱪᱷᱩ ᱠᱤᱪᱷᱩ ᱚᱠᱛᱚ ᱟᱹᱰᱤ ᱰᱷᱮᱨ ᱫᱟᱜ ᱨᱮᱭᱟᱜ ᱥᱮᱞᱮᱫ ᱾
137,ᱪᱟᱥᱤᱭᱟᱹ ᱠᱚ ᱪᱮᱫ ᱞᱮᱠᱟᱛᱮ ᱚᱛ ᱨᱮᱭᱟᱜ ᱫᱟᱜ ᱨᱮᱭᱟᱜ ᱯᱚᱨᱤᱢᱟᱱ ᱠᱚ ᱵᱤᱰᱟᱹᱣᱼᱟ?,ᱫᱟᱜᱫᱩᱱᱚ ᱛᱟᱭᱚᱢ ᱚᱛ ᱟᱨ ᱚᱛ ᱠᱷᱚᱱ ᱫᱟᱜ ᱰᱟᱣᱩᱱ ᱧᱮᱞ ᱠᱟᱛᱮ ᱾
138,ᱫᱟᱜ ᱞᱟᱛᱟᱨ ᱨᱮᱭᱟᱜ ᱯᱚᱨᱤᱢᱟᱱ ᱪᱮᱫ ᱞᱮᱠᱟᱛᱮ ᱪᱟᱥ ᱨᱮᱭᱟᱜ ᱜᱚᱴᱟᱣᱟᱱ ᱠᱚ ᱮᱥᱮᱨᱼᱟ?,"ᱫᱟᱜ ᱨᱮᱭᱟᱜ ᱞᱟᱛᱟᱨ ᱫᱟᱜ ᱨᱮᱭᱟᱜ ᱯᱚᱨᱤᱢᱟᱱ ᱪᱮᱛᱟᱱ ᱨᱮ ᱫᱟᱜ ᱨᱮᱭᱟᱜ ᱯᱚᱨᱤᱢᱟᱱ ᱢᱮᱱᱟᱜ ᱟ, ᱢᱮᱱᱠᱷᱟᱱ ᱞᱟᱛᱟᱨ ᱯᱚᱨᱤᱢᱟᱱ ᱮᱴᱟᱜ ᱦᱚᱨᱟ ᱠᱚ ᱵᱚᱱᱚᱫᱚᱞ ᱞᱮᱫᱟ ᱾"
139,ᱫᱟᱜ ᱥᱟᱧᱪᱟᱣ ᱨᱮᱭᱟᱜ ᱵᱚᱱᱫᱮᱡ ᱫᱚ ᱪᱮᱫ ᱞᱟᱹᱜᱤᱫ ᱜᱚᱱᱚᱝᱟᱱ?,ᱩᱱᱠᱩᱭᱟᱜ ᱫᱟᱜ ᱨᱮᱭᱟᱜ ᱞᱟᱛᱟᱨ ᱚᱛᱢᱚᱱ ᱨᱮᱭᱟᱜ ᱵᱟᱪᱷᱱᱟᱣ ᱟᱨ ᱥᱮᱪ ᱧᱟᱢ ᱨᱮᱭᱟᱜ ᱯᱚᱨᱤᱢᱟᱱ ᱜᱚᱴᱟ ᱞᱮᱫᱟ ᱾
140,ᱪᱮᱫ ᱚᱡᱮ ᱠᱚᱫᱚ ᱥᱮᱨᱣᱟ ᱟᱱᱟᱜ ᱩᱯᱟᱹᱭ ᱵᱚᱱᱫᱮᱡ ᱠᱚ ᱦᱤᱫᱤᱡᱚᱜ ᱠᱟᱱᱟ?,"ᱱᱟᱦᱟᱜ ᱪᱟᱥ, ᱚᱱᱩᱢᱟᱹᱱᱟᱱ ᱦᱚᱭᱦᱩᱫ, ᱫᱟᱜ ᱠᱚᱢᱚᱜ ᱟᱨ ᱡᱚᱵᱚᱭᱟᱨᱚᱱᱛᱤ ᱨᱮᱭᱟᱜ ᱦᱟᱹᱱ ᱾"
141,ᱪᱮᱫ ᱞᱮᱠᱟᱛᱮ ᱱᱟᱶᱟ ᱞᱮᱠᱟᱱ ᱪᱟᱥ ᱥᱮᱨᱣᱟ ᱟᱱᱟᱜ ᱦᱚᱨᱟ ᱠᱚ ᱮᱥᱮᱨᱼᱟ?,ᱩᱱᱠᱩ ᱫᱚ ᱦᱩᱭᱫᱟᱲᱮᱭᱟᱜᱼᱟ ᱛᱷᱟᱭᱤ ᱯᱚᱨᱤᱥᱛᱩᱛᱚᱱᱛᱚᱨᱚ ᱥᱟᱞᱟᱜ ᱵᱟᱝ ᱢᱮᱥᱟ ᱫᱟᱲᱮᱭᱟᱜᱼᱟ ᱟᱨ ᱜᱷᱟᱹᱞᱟᱱ ᱟᱨ ᱵᱟᱝ ᱥᱤᱜᱤᱞᱟᱱ ᱠᱚ ᱞᱟᱹᱜᱤᱫ ᱮᱥᱮᱨ ᱫᱟᱲᱮ ᱰᱷᱮᱨ ᱫᱟᱲᱮᱭᱟᱜᱼᱟ ᱾
142,ᱪᱟᱥ ᱩᱭᱦᱟᱹᱨ ᱨᱮᱭᱟᱜ ᱩᱛᱱᱟᱹᱣ ᱞᱟᱹᱜᱤᱫ ᱥᱚᱨᱮᱥ ᱩᱯᱟᱹᱭ ᱫᱚ ᱪᱮᱫ?,ᱱᱟᱦᱟᱜ ᱵᱳᱭᱫᱽᱫᱷᱤᱠ ᱦᱚᱨᱟ ᱥᱟᱶ ᱥᱮᱨᱣᱟ ᱟᱱᱟᱜ ᱩᱯᱟᱹᱭ ᱨᱮᱭᱟᱜ ᱥᱮᱞᱮᱫ ᱾
143,ᱴᱚᱴᱷᱟ ᱨᱮᱭᱟᱜ ᱵᱚᱱᱫᱮᱡ ᱠᱚ ᱦᱚᱭᱦᱩᱫᱥᱤᱫ ᱵᱚᱱᱫᱮᱡ ᱞᱟᱹᱜᱤᱫ ᱪᱮᱫ ᱞᱟᱹᱜᱤᱫ ᱟᱨᱦᱚᱸ ᱫᱟᱲᱮᱹᱣᱟᱱᱟᱜ?,"ᱩᱱᱠᱚ ᱫᱚ ᱯᱚᱨᱤᱢᱟᱱᱼᱵᱩᱴᱟᱹ ᱩᱯᱟᱹᱭ ᱟᱨ ᱩᱯᱟᱹᱭ ᱪᱮᱛᱟᱱ ᱨᱮ ᱴᱮᱦᱟᱴᱚᱜᱼᱟ, ᱡᱟᱦᱟᱸ ᱠᱷᱟᱹᱛᱤᱨ ᱛᱮ ᱩᱱᱠᱚᱫᱚ ᱵᱮᱣᱦᱟᱨ ᱫᱟᱲᱮᱹᱭᱟᱜᱼᱟ ᱾"
144,ᱠᱷᱟᱹᱨᱰᱩ ᱪᱟᱥ ᱨᱮ ᱫᱟᱜ ᱵᱟᱡᱮᱴ ᱫᱚ ᱪᱮᱫ ᱞᱟᱹᱜᱤᱫ ᱟᱹᱰᱤ ᱞᱟᱹᱠᱛᱤ ᱠᱟᱱᱟ?,ᱱᱚᱶᱟ ᱫᱚ ᱠᱚᱢ ᱫᱟᱜ ᱨᱮᱭᱟᱜ ᱩᱯᱟᱹᱭ ᱨᱮᱭᱟᱜ ᱠᱟᱹᱢᱤ ᱟᱱᱟᱜ ᱵᱮᱣᱦᱟᱨ ᱮ ᱜᱚᱴᱟ ᱞᱮᱫᱟ ᱟᱨ ᱟᱹᱰᱤ ᱰᱷᱮᱨ ᱠᱷᱩᱞᱟᱹᱣ ᱮ ᱵᱚᱱᱚᱫᱚᱞ ᱞᱮᱫᱟ ᱾
145,ᱥᱮᱨᱣᱟ ᱟᱱᱟᱜ ᱪᱟᱥ ᱩᱯᱟᱹᱭ ᱫᱚᱦᱚ ᱞᱟᱹᱜᱤᱫ ᱪᱮᱫ ᱞᱟᱹᱠᱛᱤ ᱠᱟᱱᱟ?,ᱜᱟᱫᱮᱞ ᱠᱚ ᱨᱮᱭᱟᱜ ᱠᱟᱹᱢᱤᱣᱟᱱ ᱥᱮᱞᱮᱫ ᱟᱨ ᱱᱟᱦᱟᱜ ᱥᱟᱭᱱᱥ ᱥᱟᱞᱟᱜ ᱥᱮᱞᱮᱫ ᱾
146,ᱪᱮᱫ ᱚᱡᱮᱛᱮ ᱱᱟᱦᱟᱜ ᱪᱟᱥ ᱟᱨᱡᱟᱣ ᱵᱚᱱᱫᱮᱡ ᱠᱚ ᱫᱟᱵᱟ ᱨᱮ ᱢᱮᱱᱟᱜᱼᱟ?,ᱪᱮᱫᱟᱜ ᱥᱮ ᱩᱱᱠᱩ ᱫᱚ ᱮᱴᱟᱜ ᱴᱚᱴᱷᱟ ᱠᱷᱚᱱ ᱥᱤᱢᱤᱛᱟᱱ ᱥᱮᱨᱣᱟ ᱟᱱᱟᱜ ᱥᱟᱧᱪᱟᱣ ᱞᱟᱹᱜᱤᱫ ᱵᱟᱹᱲᱛᱤ ᱠᱷᱮᱞᱳᱰ ᱨᱮᱭᱟᱜ ᱮ ᱥᱟᱢᱟᱝ ᱫᱟᱯᱨᱟᱢ ᱞᱮᱱᱟ ᱾
147,ᱪᱮᱫ ᱞᱮᱠᱟᱛᱮ ᱵᱟᱝ ᱥᱟᱹᱵᱩᱫᱟᱱ ᱵᱚᱱᱫᱮᱡ ᱦᱚᱨᱟ ᱪᱟᱥ ᱠᱚ ᱮᱥᱮᱨᱼᱟ?,ᱱᱚᱶᱟ ᱠᱚᱫᱚ ᱵᱮᱱᱟᱣᱟᱱ ᱟᱨ ᱵᱚᱱᱚᱫᱚᱞ ᱫᱟᱲᱮ ᱠᱚᱢ ᱞᱟᱹᱜᱤᱫ ᱛᱮ ᱥᱮᱨᱣᱟ ᱟᱱᱟᱜ ᱩᱯᱟᱹᱭ ᱨᱮᱭᱟᱜ ᱜᱩᱱ ᱟᱨ ᱧᱟᱢ ᱨᱮᱭᱟᱜ ᱫᱟᱲᱮ ᱠᱚᱢᱚᱜᱼᱟ ᱾
148,ᱦᱚᱭᱦᱩᱫᱤ ᱟᱨ ᱦᱚᱭᱦᱩᱫᱤ ᱵᱚᱱᱚᱫᱚᱞ ᱪᱟᱥ ᱨᱮ ᱪᱮᱫ ᱞᱮᱠᱟᱛᱮ ᱮᱥᱮᱨ ᱟᱠᱟᱫᱟᱭ?,"ᱱᱚᱶᱟᱠᱚ ᱫᱚ ᱵᱮᱱᱟᱣᱟᱱ ᱵᱚᱱᱫᱮᱡ ᱮ ᱵᱚᱱᱚᱫᱚᱞᱼᱟ, ᱟᱨᱡᱟᱣ ᱠᱚᱢᱼᱟ ᱟᱨ ᱡᱚᱢᱟᱜ ᱨᱩᱠᱷᱟᱹᱭᱤ ᱞᱟᱹᱜᱤᱫ ᱟᱱᱟᱴ ᱮ ᱵᱟᱹᱲᱛᱤᱼᱟ ᱾"
149,ᱱᱟᱦᱟᱜ ᱪᱟᱥ ᱫᱚ ᱪᱮᱫ ᱢᱩᱲᱩᱫ ᱟᱱᱟᱴ ᱨᱮᱱᱟᱜ ᱮ ᱥᱟᱢᱟᱝ ᱫᱟᱯᱨᱟᱢ ᱦᱩᱭᱩᱜ ᱛᱟᱢᱟ?,ᱡᱮᱜᱮᱫ ᱨᱮᱭᱟᱜ ᱡᱚᱢᱟᱜ ᱨᱩᱠᱷᱟᱹᱭᱤ ᱥᱟᱞᱟᱜ ᱡᱳᱜᱟᱡᱳᱜ ᱵᱟᱝ ᱠᱟᱛᱮ ᱦᱚᱭᱦᱩᱫᱥᱤᱫ ᱵᱚᱱᱚᱫᱚᱞ ᱥᱟᱞᱟᱜ ᱥᱟᱡᱟᱹᱣᱟᱱᱟᱜ ᱟᱨ ᱥᱟᱡᱟᱹᱣᱟᱱᱟᱜ ᱵᱟᱹᱲᱛᱤ ᱾
150,ᱦᱚᱭᱦᱩᱫᱤᱼᱥᱢᱟᱨᱴ ᱪᱟᱥ (ᱥᱤ ᱮᱥ ᱮ) ᱪᱮᱫ?,ᱥᱤ ᱮᱥ ᱮ ᱦᱩᱭᱩᱜ ᱠᱟᱱᱟ ᱢᱤᱫᱴᱟᱝ ᱦᱚᱨᱟ ᱡᱟᱦᱟᱸ ᱦᱚᱭᱦᱩᱫᱤ ᱵᱚᱱᱚᱫᱚᱞ ᱨᱮᱭᱟᱜ ᱟᱶᱛᱟ ᱨᱮ ᱥᱟᱹᱵᱩᱫ ᱟᱱ ᱩᱛᱱᱟᱹᱣ ᱟᱨ ᱡᱚᱢᱟᱜ ᱨᱩᱠᱷᱟᱹᱭᱤ ᱜᱚᱴᱟ ᱞᱟᱹᱜᱤᱫ ᱪᱟᱥ ᱵᱚᱱᱫᱮᱡ ᱨᱮᱭᱟᱜ ᱵᱚᱱᱚᱫᱚᱞ ᱮ ᱠᱚᱨᱟᱣ ᱟᱠᱟᱫᱟ ᱾
151,ᱥᱤ ᱮᱥ ᱮ ᱨᱮᱭᱟᱜ ᱡᱚᱥ ᱫᱚ ᱪᱮᱫ ᱦᱚᱨᱟᱠᱚ ᱵᱚᱱᱚᱫᱚᱞ ᱦᱩᱭᱩᱜ ᱠᱟᱱᱟ?,ᱪᱟᱥ ᱟᱨᱡᱟᱣ ᱵᱚᱱᱫᱮᱡ ᱟᱨ ᱡᱚᱢᱟᱜ ᱜᱚᱱᱚᱝ ᱪᱤᱱ ᱾
152,ᱥᱤ ᱮᱥ ᱮ ᱪᱮᱫ ᱞᱮᱠᱟᱛᱮ ᱵᱮᱱᱟᱣ ᱫᱟᱲᱮᱹᱭᱟ?,ᱪᱟᱞᱟᱣᱟᱱ ᱞᱮᱠᱟᱛᱮ ᱪᱟᱥ ᱵᱮᱱᱟᱣ ᱫᱟᱲᱮ ᱟᱨ ᱪᱟᱥᱤᱭᱟᱹ ᱠᱚᱣᱟᱜ ᱟᱭ ᱵᱟᱹᱲᱛᱤ ᱞᱟᱹᱜᱤᱫ ᱛᱮ ᱾
153,ᱦᱚᱭᱦᱤᱸᱥᱤᱫ ᱦᱟᱛᱟᱣ ᱨᱮ ᱥᱤ ᱮᱥ ᱮ ᱪᱮᱫ ᱮᱱᱮᱢᱮ ᱯᱟᱞᱟᱣᱼᱟ?,ᱱᱚᱶᱟ ᱦᱚᱭᱦᱩᱫᱤ ᱵᱚᱱᱚᱫᱚᱞ ᱨᱮᱭᱟᱜ ᱮᱥᱮᱨ ᱨᱮ ᱪᱟᱥ ᱵᱚᱱᱫᱮᱡ ᱨᱮᱭᱟᱜ ᱫᱟᱲᱮᱭ ᱵᱮᱱᱟᱣᱼᱟ ᱾
154,ᱦᱚᱭᱦᱩᱫᱤ ᱵᱚᱱᱚᱫᱚᱞ ᱠᱚᱢ ᱞᱟᱹᱜᱤᱫ ᱥᱤ ᱮᱥ ᱮ ᱪᱮᱫ ᱞᱮᱠᱟᱛᱮ ᱮᱥᱮᱨ ᱞᱮᱫᱟᱭ?,"ᱡᱟᱦᱟᱸ ᱴᱷᱟᱶ ᱨᱮ ᱦᱩᱭᱫᱟᱲᱮᱭᱟᱜᱼᱟ, ᱚᱱᱟ ᱴᱷᱟᱶ ᱨᱮ ᱜᱨᱤᱦᱩᱱᱥ ᱜᱮᱥᱮ ᱩᱪᱷᱟᱹᱱ ᱠᱚᱢ ᱠᱟᱛᱮ ᱥᱮ ᱵᱚᱱᱚᱫᱚᱞ ᱠᱟᱛᱮ ᱾"
155,ᱴᱨᱮᱰᱼᱟᱯᱷ ᱥᱟᱞᱟᱜ ᱥᱤ ᱮᱥ ᱮ ᱨᱮᱭᱟᱜ ᱢᱤᱫᱴᱟᱝ ᱢᱩᱲᱩᱫ ᱟᱹᱨᱤ ᱪᱮᱫ?,"ᱱᱚᱶᱟ ᱫᱚ ᱵᱮᱯᱟᱨ ᱠᱚᱢ ᱞᱟᱹᱜᱤᱫ ᱟᱨ ᱵᱮᱱᱟᱣ ᱫᱟᱲᱮ, ᱦᱟᱛᱟᱣ ᱟᱨ ᱠᱚᱢ ᱨᱮᱭᱟᱜ ᱛᱟᱞᱟ ᱨᱮ ᱰᱷᱮᱨ ᱠᱷᱚᱱ ᱰᱷᱮᱨ ᱡᱳᱜᱟᱡᱳᱜ ᱞᱟᱹᱜᱤᱫ ᱮ ᱨᱤᱠᱟᱹ ᱞᱮᱫᱟ ᱾"
156,ᱥᱤ ᱮᱥ ᱮ ᱫᱚ ᱪᱮᱫ ᱞᱟᱹᱜᱤᱫ ᱱᱟᱶᱟᱱ ᱢᱮᱱᱛᱮ ᱢᱚᱱᱮ ᱦᱩᱭᱩᱜ ᱠᱟᱱᱟ?,"ᱱᱚᱶᱟ ᱫᱚ ᱪᱟᱥ ᱩᱛᱱᱟᱹᱣ ᱨᱮᱭᱟᱜ ᱰᱟᱦᱟᱨ ᱨᱮ ᱥᱟᱹᱵᱩᱫᱟᱱ, ᱚᱱᱩᱢᱟᱹᱱ ᱟᱨ ᱚᱱᱩᱢᱟᱹᱱ ᱮ ᱥᱮᱞᱮᱫ ᱞᱮᱫᱟ ᱾"
157,ᱥᱤ ᱮᱥ ᱮ ᱚᱠᱟ ᱨᱮ ᱵᱮᱣᱦᱟᱨ ᱦᱩᱭᱩᱜᱼᱟ?,"ᱚᱛᱢᱚᱱ, ᱚᱛᱢᱚᱱ, ᱵᱤᱨ, ᱥᱟᱢᱩᱫ ᱟᱨ ᱫᱟᱜ ᱫᱟᱜ ᱨᱮᱭᱟᱜ ᱮᱥᱠᱳᱥᱴᱤᱢ ᱨᱮ ᱾"
158,ᱥᱤ ᱮᱥ ᱮ ᱥᱟᱯᱲᱟᱣ ᱨᱮᱭᱟᱜ ᱢᱩᱲᱩᱫ ᱦᱤᱸᱥ ᱠᱚ ᱪᱮᱫ?,"ᱛᱮᱠᱱᱤᱠᱚᱞ, ᱦᱚᱨᱟ, ᱟᱹᱨᱤ, ᱛᱷᱟᱯᱚᱱᱟᱱ ᱵᱚᱱᱫᱮᱡ ᱟᱨ ᱵᱤᱱᱤᱭᱳᱜ ᱨᱮᱭᱟᱜ ᱦᱚᱨᱟ ᱾"
159,ᱯᱷᱟᱨᱢ ᱞᱮᱵᱷᱮᱞ ᱨᱮ ᱥᱤ ᱮᱥ ᱮ ᱨᱮ ᱪᱮᱫ ᱥᱮᱞᱮᱫ ᱢᱮᱱᱟᱜᱼᱟ?,"ᱚᱛᱢᱚᱱ, ᱯᱷᱚᱞᱚᱠ, ᱜᱚᱭᱟᱨᱚᱱ, ᱢᱟᱱᱡᱩᱠᱡᱚᱥ ᱟᱨ ᱫᱟᱜᱡᱚᱥᱚᱱ ᱨᱮᱭᱟᱜ ᱵᱚᱱᱫᱮᱡ ᱦᱩᱭᱫᱟᱲᱮᱭᱟᱜᱼᱟ ᱾"
160,ᱥᱤ ᱮᱥ ᱮ ᱪᱮᱫ ᱞᱮᱠᱟᱛᱮ ᱮᱥᱠᱳᱥᱴᱚᱢ ᱵᱚᱱᱫᱮᱡ ᱨᱮ ᱜᱚᱲᱚ ᱠᱚ ᱮᱢᱼᱟ?,ᱡᱚᱢᱟᱜ ᱨᱩᱠᱷᱟᱹᱭᱤ ᱟᱨ ᱦᱚᱭᱦᱩᱫᱥᱤᱫ ᱨᱮ ᱴᱮᱠᱟᱣ ᱫᱚᱦᱚ ᱞᱟᱹᱜᱤᱫ ᱟᱨᱡᱟᱹᱭᱟᱱ ᱯᱚᱨᱤᱥᱮᱵᱟ ᱥᱟᱨᱵᱷᱟᱨ ᱫᱚᱦᱚ ᱠᱟᱛᱮ ᱾
161,ᱥᱤ ᱮᱥ ᱮ ᱪᱮᱫ ᱞᱮᱠᱟᱛᱮ ᱪᱟᱥᱤᱭᱟᱹ ᱠᱚ ᱦᱚᱭᱦᱩᱫᱥᱤᱫ ᱨᱮᱭᱟᱜ ᱦᱤᱫᱤᱡ ᱥᱟᱢᱲᱟᱣ ᱨᱮ ᱜᱚᱲᱚ ᱮᱢᱼᱟ?,"ᱵᱮᱣᱦᱟᱨ ᱟᱨ ᱠᱚᱢ ᱞᱟᱹᱜᱤᱫ ᱛᱮ ᱰᱚᱜᱚᱨ, ᱩᱯᱟᱹᱭ ᱟᱨ ᱦᱚᱨᱟ ᱮᱢᱚᱜ ᱥᱟᱨᱵᱷᱟᱨ ᱛᱟᱞᱟᱛᱮ ᱾"
162,ᱥᱤ ᱮᱥ ᱮ ᱫᱟᱨᱟᱭ ᱛᱮ ᱡᱚᱢᱟᱜ ᱵᱚᱱᱫᱮᱡ ᱨᱮ ᱪᱮᱫ ᱪᱮᱫ ᱵᱚᱱᱚᱫᱚᱞ ᱦᱳᱭᱳᱜᱼᱟ ᱾,ᱵᱚᱱᱚᱫᱚᱞ ᱫᱟᱲᱮ ᱵᱟᱹᱲᱛᱤ ᱞᱟᱹᱜᱤᱫ ᱰᱤᱢᱟᱱᱼᱥᱟᱭᱰ ᱯᱚᱨᱤᱢᱟᱱ ᱟᱨ ᱜᱚᱱᱚᱝ ᱪᱤᱱ ᱨᱮ ᱵᱟᱹᱲᱛᱤ ᱾
163,ᱥᱤ ᱮᱥ ᱮ ᱨᱮ ᱮᱥᱮᱨᱟᱱ ᱠᱚ ᱥᱟᱞᱟᱜ ᱡᱳᱜᱟᱡᱳᱜ ᱫᱚ ᱪᱮᱫ ᱞᱟᱹᱜᱤᱫ ᱟᱹᱰᱤ ᱞᱟᱹᱠᱛᱤ ᱠᱟᱱᱟ?,"ᱪᱮᱫᱟᱜ ᱥᱮ, ᱥᱤ ᱮᱥ ᱮ ᱨᱮᱭᱟᱜ ᱦᱚᱨᱟ ᱠᱚ ᱵᱮᱱᱟᱣ ᱞᱟᱹᱜᱤᱫ ᱟᱭᱢᱟ ᱥᱮᱪᱟᱨ ᱟᱨ ᱠᱟᱹᱢᱤᱭᱟᱹ ᱠᱚ ᱢᱩᱫᱨᱮ ᱡᱳᱜᱟᱡᱳᱜ ᱞᱟᱹᱠᱛᱤ ᱢᱮᱱᱟᱜᱼᱟ ᱾"
164,ᱥᱤ ᱮᱥ ᱮ ᱨᱮ ᱟᱹᱨᱤ ᱠᱚ ᱪᱮᱫ ᱮᱱᱮᱢ ᱠᱚ ᱯᱟᱞᱟᱣᱼᱟ?,ᱩᱱᱠᱚᱫᱚ ᱥᱟᱹᱵᱩᱫᱟᱱ ᱪᱟᱥ ᱦᱚᱨᱟ ᱠᱚ ᱥᱟᱯᱲᱟᱣ ᱞᱟᱹᱜᱤᱫ ᱜᱚᱲᱚ ᱦᱚᱨᱟ ᱠᱚ ᱵᱮᱱᱟᱣ ᱞᱮᱫᱟ ᱾
165,ᱥᱤᱹ ᱮᱥ ᱮᱹ ᱪᱮᱫ ᱞᱮᱠᱟᱛᱮ ᱠᱚᱢ ᱚᱠᱛᱚ ᱨᱮᱭᱟᱜ ᱟᱨ ᱰᱷᱮᱨ ᱚᱠᱛᱚ ᱨᱮᱭᱟᱜ ᱡᱚᱥ ᱠᱚ ᱥᱟᱢᱵᱲᱟᱣᱼᱟ?,ᱟᱭᱢᱟ ᱫᱤᱱ ᱞᱟᱹᱜᱤᱫ ᱦᱟᱛᱟᱣ ᱟᱨ ᱠᱚᱢ ᱨᱮᱭᱟᱜ ᱠᱟᱛᱷᱟ ᱜᱚᱴᱟ ᱠᱟᱛᱮ ᱩᱱᱚᱠᱛᱚ ᱡᱚᱢᱟᱜ ᱨᱩᱠᱷᱟᱹᱭᱤ ᱨᱮᱭᱟᱜ ᱞᱟᱹᱠᱛᱤ ᱠᱚ ᱧᱮᱞ ᱠᱟᱛᱮ ᱾
166,ᱥᱤ ᱮᱥ ᱮ ᱨᱮ ᱡᱚᱢᱟᱜ ᱨᱮᱭᱟᱜ ᱜᱚᱱᱚᱝ ᱪᱤᱱ ᱫᱚ ᱪᱮᱫ ᱞᱟᱹᱜᱤᱫ ᱞᱟᱹᱠᱛᱤᱭᱟᱱ?,"ᱱᱚᱶᱟ ᱠᱚᱫᱚ ᱵᱮᱱᱟᱣ, ᱦᱟᱹᱴᱤᱧ ᱟᱨ ᱵᱮᱣᱦᱟᱨ ᱮ ᱮᱥᱮᱨᱼᱟ, ᱡᱟᱦᱟᱸ ᱫᱚ ᱥᱟᱱᱟᱢᱟᱜ ᱥᱟᱵ ᱫᱚᱦᱚ ᱫᱟᱲᱮᱭ ᱮᱥᱮᱨᱼᱟ ᱾"
167,ᱥᱤ ᱮᱥ ᱮ ᱨᱮᱭᱟᱜ ᱠᱟᱛᱷᱟ ᱞᱮᱠᱟᱛᱮ ᱞᱮᱡᱤᱞᱤᱭᱮᱱᱥᱤ ᱨᱮᱭᱟᱜ ᱢᱮᱱᱮᱫ ᱪᱮᱫ?,ᱪᱟᱥ ᱵᱚᱱᱫᱮᱡ ᱨᱮᱭᱟᱜ ᱦᱚᱭᱦᱩᱫᱤᱥ ᱥᱟᱞᱟᱜ ᱡᱳᱜᱟᱡᱳᱜ ᱫᱚᱦᱚ ᱟᱨ ᱨᱩᱣᱟᱹᱲ ᱨᱮᱭᱟᱜ ᱫᱟᱲᱮ ᱾
168,ᱪᱮᱫ ᱚᱡᱮᱛᱮ ᱥᱤ ᱮᱥ ᱮ ᱥᱮᱨᱣᱟ ᱟᱱᱟᱜ ᱦᱚᱨᱟ ᱠᱷᱚᱱ ᱵᱷᱮᱜᱟᱨ ᱦᱩᱭ ᱟᱠᱟᱱᱟ?,"ᱢᱤᱫ ᱥᱟᱶᱛᱮ ᱵᱮᱱᱟᱣ ᱫᱟᱲᱮ, ᱦᱟᱛᱟᱣ ᱟᱨ ᱠᱚᱢ ᱨᱮᱭᱟᱜ ᱪᱮᱛᱟᱱ ᱨᱮ ᱱᱚᱶᱟ ᱨᱮᱭᱟᱜ ᱥᱮᱞᱮᱫ ᱟᱱᱟᱜ ᱛᱟᱞᱢᱟ ᱾"
169,ᱪᱮᱫ ᱚᱡᱮᱛᱮ ᱥᱤ ᱮᱥ ᱮ ᱡᱮᱜᱮᱫ ᱨᱮᱭᱟᱜ ᱞᱟᱹᱠᱛᱤᱭᱟᱱ ᱠᱟᱱᱟ?,ᱦᱚᱭᱦᱩᱫᱤ ᱵᱚᱱᱚᱫᱚᱞ ᱨᱮᱭᱟᱜ ᱮᱥᱮᱨ ᱠᱚ ᱥᱟᱢᱲᱟᱶ ᱚᱠᱛᱚ ᱱᱚᱶᱟ ᱫᱚ ᱡᱚᱢᱟᱜ ᱨᱩᱠᱷᱟᱹᱭᱤ ᱨᱮᱭᱟᱜ ᱟᱱᱟᱴ ᱠᱚ ᱥᱟᱢᱲᱟᱶᱼᱟ ᱾
170,ᱫᱟᱜ ᱮᱢ ᱪᱮᱫ ᱠᱟᱱᱟ?,ᱥᱮᱪ ᱨᱮᱭᱟᱜ ᱦᱚᱨᱟ ᱫᱚ ᱦᱩᱭᱩᱜ ᱠᱟᱱᱟ ᱵᱟᱹᱲᱛᱤ ᱟᱨ ᱵᱮᱱᱟᱣ ᱫᱟᱲᱮ ᱞᱟᱹᱜᱤᱫ ᱯᱚᱨᱤᱢᱟᱱ ᱚᱠᱛᱮ ᱨᱮ ᱪᱟᱥ ᱨᱮ ᱫᱟᱜ ᱨᱮᱭᱟᱜ ᱠᱟᱹᱨᱤ ᱟᱱᱟᱜ ᱵᱮᱣᱦᱟᱨ ᱾
171,ᱪᱟᱥ ᱨᱮ ᱪᱮᱫ ᱞᱟᱹᱜᱤᱫ ᱥᱮᱪ ᱨᱮᱭᱟᱜ ᱞᱟᱹᱠᱛᱤ ᱢᱮᱱᱟᱜᱼᱟ?,"ᱡᱟᱦᱟᱸ ᱚᱠᱛᱚ ᱫᱟᱜ ᱨᱮᱭᱟᱜ ᱯᱚᱨᱤᱢᱟᱱ ᱵᱟᱝ ᱦᱚᱭᱩᱜ ᱟ, ᱩᱱ ᱚᱠᱛᱚ ᱱᱚᱶᱟ ᱫᱟᱜ ᱥᱟᱨᱵᱷᱟᱨ ᱮ ᱠᱚᱨᱟᱣᱼᱟ, ᱡᱟᱦᱟᱸ ᱫᱚ ᱜᱚᱴᱟᱵᱩᱴᱟᱹ ᱯᱷᱚᱞᱮ ᱨᱮᱭᱟᱜ ᱵᱟᱹᱲᱛᱤ ᱟᱨ ᱟᱨᱡᱟᱣ ᱮ ᱜᱚᱴᱟ ᱞᱮᱫᱟ ᱾"
172,ᱥᱟᱧᱪᱟᱣ ᱪᱮᱫ ᱞᱮᱠᱟᱛᱮ ᱱᱩᱴᱤᱨᱤᱱᱴ ᱮᱥᱮᱨ ᱨᱮ ᱜᱚᱲᱚ ᱟᱭ ᱾,ᱫᱟᱜ ᱚᱛᱢᱚᱱ ᱚᱛᱢᱚᱱ ᱨᱮᱭᱟᱜ ᱚᱛᱢᱚᱱ ᱚᱛᱢᱚᱱ ᱛᱟᱞᱟᱛᱮ ᱚᱛᱢᱚᱱ ᱨᱮᱭᱟᱜ ᱟᱭᱢᱟ ᱦᱤᱸᱥ ᱨᱮ ᱰᱩᱞᱟᱣᱼᱟ ᱾
173,ᱜᱷᱩᱨᱩᱢ ᱚᱠᱛᱚ ᱪᱮᱫ ᱞᱟᱹᱜᱤᱫ ᱥᱮᱪ ᱨᱮᱭᱟᱜ ᱞᱟᱹᱠᱛᱤ ᱢᱮᱱᱟᱜᱼᱟ?,ᱱᱚᱶᱟ ᱫᱚ ᱵᱳᱫᱽᱫᱷ ᱨᱮᱭᱟᱜ ᱮᱝᱥᱮᱨ ᱞᱟᱹᱜᱤᱫ ᱞᱟᱹᱠᱛᱤ ᱟᱱ ᱫᱟᱜ ᱮ ᱮᱢᱚᱜᱼᱟ ᱾
174,ᱥᱮᱪ ᱨᱮᱭᱟᱜ ᱪᱮᱫ ᱞᱮᱠᱟᱛᱮ ᱚᱛ ᱨᱮᱭᱟᱜ ᱚᱛ ᱨᱮ ᱮᱥᱮᱨ ᱦᱩᱭᱩᱜᱼᱟ?,"ᱱᱚᱶᱟ ᱫᱚ ᱚᱛ ᱨᱮᱭᱟᱜ ᱫᱟᱜ ᱮ ᱵᱟᱹᱲᱛᱤᱼᱟ, ᱡᱟᱦᱟᱸ ᱱᱚᱶᱟ ᱫᱚ ᱟᱨᱦᱚᱸ ᱫᱟᱲᱮᱹᱣᱟᱱᱟᱜ ᱟᱨ ᱡᱳᱞ ᱞᱟᱹᱜᱤᱫ ᱟᱹᱰᱤ ᱟᱞᱜᱟᱼᱟ ᱾"
175,ᱯᱷᱚᱞᱮ ᱨᱮᱭᱟᱜ ᱯᱚᱨᱤᱢᱟᱱ ᱥᱮᱪ ᱫᱟᱜ ᱨᱮᱭᱟᱜ ᱪᱮᱫ ᱮᱥᱮᱨ ᱦᱩᱭᱩᱜᱼᱟ?,ᱱᱚᱶᱟ ᱫᱚ ᱪᱟᱥ ᱨᱮᱭᱟᱜ ᱵᱮᱱᱟᱣ ᱫᱟᱲᱮ ᱟᱹᱰᱤ ᱵᱟᱹᱲᱛᱤᱼᱟ ᱾
176,ᱚᱛ ᱨᱮᱭᱟᱜ ᱥᱮᱪ ᱫᱚ ᱪᱮᱫ?,ᱱᱚᱶᱟ ᱫᱚ ᱢᱤᱫᱴᱟᱝ ᱦᱚᱨᱟ ᱡᱟᱦᱟᱸᱛᱮ ᱰᱩᱵᱩᱱᱞ ᱥᱮ ᱫᱟᱜᱫᱩᱱᱩᱞ ᱛᱟᱞᱟᱛᱮ ᱫᱟᱜ ᱥᱚᱨᱟᱥᱚᱨᱤ ᱚᱛ ᱨᱮᱭᱟᱜ ᱪᱮᱛᱟᱱ ᱨᱮ ᱵᱮᱣᱦᱟᱨ ᱦᱩᱭᱩᱜᱼᱟ ᱾
177,ᱪᱮᱫ ᱚᱡᱮᱛᱮ ᱚᱛ ᱨᱮᱭᱟᱜ ᱥᱮᱪ ᱠᱚᱢ ᱫᱟᱲᱮᱹᱣᱟ?,"ᱚᱛᱢᱚᱱ ᱨᱮᱭᱟᱜ ᱚᱵᱷᱟᱵᱽ ᱨᱮᱭᱟᱜ ᱦᱟᱨ ᱚᱡᱮᱛᱮ ᱚᱛᱢᱚᱱ, ᱦᱚᱭᱦᱩᱫᱤ ᱟᱨ ᱪᱟᱥ ᱨᱮᱭᱟᱜ ᱦᱚᱨᱟ ᱠᱚ ᱫᱟᱨᱟᱭ ᱛᱮ ᱮᱥᱮᱨᱚᱜᱼᱟ ᱾"
178,ᱥᱮᱪ ᱨᱮ ᱵᱮᱼᱵᱩᱴᱟᱹ ᱰᱩᱵᱟᱹ ᱫᱚ ᱪᱮᱫ?,ᱱᱚᱶᱟ ᱫᱚ ᱦᱩᱭᱩᱜ ᱠᱟᱱᱟ ᱚᱛ ᱨᱮ ᱵᱮᱱᱟᱣ ᱵᱟᱝ ᱠᱟᱛᱮ ᱥᱮ ᱰᱟᱣᱩᱱᱞᱳ ᱵᱚᱱᱫᱮᱡ ᱵᱚᱱᱫᱮᱡ ᱵᱟᱝ ᱠᱟᱛᱮ ᱫᱟᱜ ᱨᱮᱭᱟᱜ ᱵᱮᱣᱦᱟᱨ ᱾
179,ᱵᱮᱼᱵᱩᱴᱟᱹ ᱰᱩᱵᱟᱹ ᱨᱮᱭᱟᱜ ᱢᱤᱫᱴᱟᱝ ᱢᱟᱨᱟᱝ ᱟᱱᱟᱴ ᱪᱮᱫ?,ᱵᱮᱼᱥᱩᱢᱟᱹᱱ ᱫᱟᱜ ᱵᱚᱱᱚᱫᱚᱞ ᱨᱮᱭᱟᱜ ᱚᱡᱮᱛᱮ ᱤᱱᱞᱮᱴ ᱨᱮ ᱟᱹᱰᱤ ᱰᱷᱮᱨ ᱟᱨ ᱚᱯᱳᱴᱞᱮᱴ ᱨᱮ ᱠᱚᱢ ᱦᱳᱭᱳᱜᱼᱟ ᱾
180,ᱵᱮᱼᱵᱩᱴᱟᱹ ᱰᱩᱵᱟᱹ ᱨᱮᱭᱟᱜ ᱢᱩᱲᱩᱫ ᱱᱟᱯᱟᱭ ᱫᱚ ᱪᱮᱫ?,ᱱᱚᱶᱟ ᱨᱮᱭᱟᱜ ᱮᱛᱚᱦᱚᱵ ᱠᱷᱚᱨᱪᱟ ᱠᱚᱢ ᱾
181,ᱵᱟᱨᱰᱟᱨ ᱥᱴᱨᱤᱯ ᱦᱚᱨᱟ ᱫᱚ ᱪᱮᱫ?,ᱢᱤᱫᱴᱟᱝ ᱦᱚᱨᱟ ᱡᱟᱦᱟᱸ ᱨᱮ ᱫᱟᱜ ᱨᱮᱭᱟᱜ ᱰᱟᱣᱩᱱᱞ ᱥᱟᱢᱲᱟᱣ ᱞᱟᱹᱜᱤᱫ ᱴᱚᱴᱷᱟ ᱠᱚ ᱞᱮᱵᱷᱤ ᱫᱟᱨᱟᱭ ᱛᱮ ᱦᱟᱹᱴᱤᱧ ᱠᱟᱛᱮ ᱦᱟᱹᱴᱤᱧ ᱦᱳᱭᱳᱜᱼᱟ ᱾
182,ᱥᱤᱢᱟᱹ ᱥᱮᱪ ᱞᱟᱹᱜᱤᱫ ᱚᱠᱟ ᱚᱛ ᱫᱚ ᱱᱟᱯᱟᱭ ᱦᱩᱭᱩᱜ ᱠᱟᱱᱟ?,ᱡᱟᱦᱟᱸ ᱚᱛᱚᱢ ᱨᱮᱭᱟᱜ ᱚᱛᱚᱢ ᱨᱮᱭᱟᱜ ᱦᱟᱨ ᱠᱚᱢ ᱟᱨ ᱚᱛᱚᱢ ᱨᱮᱭᱟᱜ ᱦᱤᱫᱤᱡ ᱠᱚᱢ ᱾
183,ᱥᱤᱢᱟᱹ ᱥᱮᱪ ᱨᱮᱭᱟᱜ ᱢᱤᱫᱴᱟᱝ ᱟᱱᱟᱴ ᱪᱮᱫ?,ᱚᱛ ᱵᱮᱱᱟᱣ ᱚᱡᱮᱛᱮ ᱮᱛᱚᱦᱚᱵ ᱨᱮ ᱰᱷᱮᱨ ᱠᱷᱚᱨᱪᱟ ᱦᱩᱭᱩᱜᱼᱟ ᱾
184,ᱪᱮᱠ ᱦᱚᱨᱟ ᱫᱚ ᱪᱮᱫ ᱞᱟᱹᱜᱤᱫ ᱟᱨᱦᱚᱸ ᱠᱟᱹᱢᱤ ᱟᱱ?,ᱱᱚᱶᱟ ᱫᱚ ᱫᱟᱜ ᱨᱮᱭᱟᱜ ᱰᱟᱣᱩᱱᱞᱳᱰ ᱟᱨ ᱰᱟᱣᱩᱱᱞᱳ ᱰᱟᱣᱩᱱᱞᱳᱰ ᱛᱟᱞᱟᱛᱮ ᱫᱟᱜ ᱨᱮᱭᱟᱜ ᱰᱟᱣᱩᱱᱞᱳᱰ ᱠᱚᱢᱼᱟ ᱾
185,ᱪᱮᱠ ᱦᱚᱨᱟ ᱨᱮᱭᱟᱜ ᱚᱵᱷᱟᱵᱽ ᱪᱮᱫ?,ᱵᱚᱱᱫᱷ ᱵᱮᱱᱟᱣ ᱚᱡᱮᱛᱮ ᱪᱟᱥ ᱞᱟᱹᱜᱤᱫ ᱚᱛᱢᱚᱱ ᱨᱮᱭᱟᱜ ᱦᱟᱹᱱ ᱾
186,ᱯᱷᱚᱨᱳ ᱮᱥᱮᱨᱤᱜᱮᱱ ᱫᱚ ᱪᱮᱫ?,ᱥᱟᱱᱟᱢ ᱪᱟᱥ ᱚᱛᱚᱢ ᱨᱮ ᱫᱟᱜ ᱨᱮᱭᱟᱜ ᱵᱚᱱᱚᱫᱚᱞ ᱨᱮ ᱯᱷᱚᱞᱮ ᱨᱮᱭᱟᱜ ᱰᱟᱦᱟᱨ ᱠᱚ ᱢᱩᱫ ᱨᱮ ᱦᱩᱰᱤᱧ ᱫᱟᱜ ᱰᱟᱦᱟᱨ ᱨᱮ ᱫᱟᱜ ᱵᱮᱣᱦᱟᱨ ᱦᱩᱭᱩᱜᱼᱟ ᱾
187,ᱯᱷᱚᱨᱳ ᱥᱮᱪ ᱨᱮᱭᱟᱜ ᱢᱤᱫᱴᱟᱝ ᱢᱩᱲᱩᱫ ᱮᱱᱮᱢ ᱪᱮᱫ?,ᱱᱚᱶᱟ ᱫᱚ ᱚᱛ ᱨᱮᱭᱟᱜ ᱚᱛ ᱨᱮᱭᱟᱜ ᱥᱩᱢᱩᱝ ᱠᱤᱪᱷᱩ ᱦᱤᱸᱥ ᱮᱦᱳᱞ ᱠᱟᱛᱮ ᱚᱵᱷᱟᱵᱽ ᱨᱮᱭᱟᱜ ᱦᱟᱹᱱ ᱠᱚᱢᱼᱟ ᱾
188,ᱯᱷᱚᱨᱳ ᱥᱮᱪ ᱨᱮᱭᱟᱜ ᱢᱤᱫᱴᱟᱝ ᱟᱱᱟᱴ ᱪᱮᱫ?,ᱱᱚᱶᱟ ᱞᱟᱹᱜᱤᱫ ᱟᱨᱦᱚᱸ ᱠᱟᱹᱢᱤ ᱨᱮᱭᱟᱜ ᱞᱟᱹᱠᱛᱤ ᱢᱮᱱᱟᱜᱼᱟ ᱟᱨ ᱱᱚᱶᱟ ᱨᱮᱭᱟᱜ ᱚᱡᱮ ᱫᱚ ᱦᱩᱭ ᱫᱟᱲᱮᱭᱟᱜᱼᱟ ᱜᱷᱟᱹᱞ ᱾
189,ᱥᱯᱨᱤᱝᱞᱟᱨ ᱮᱥᱮᱨᱤᱜᱮᱥᱚᱱ ᱪᱮᱫ?,ᱱᱚᱶᱟ ᱫᱚ ᱢᱤᱫᱴᱟᱝ ᱦᱚᱨᱟ ᱡᱟᱦᱟᱸᱛᱮ پائپ ᱟᱨ ᱮᱥᱯᱨᱤᱝᱞᱟᱨ ᱵᱮᱣᱦᱟᱨ ᱠᱟᱛᱮ ᱫᱟᱜ ᱞᱮᱠᱟᱱ ᱪᱟᱥ ᱪᱮᱛᱟᱱ ᱨᱮ ᱫᱟᱜ ᱮᱥᱯᱨᱮ ᱠᱚᱨᱟᱣ ᱦᱩᱭᱩᱜᱼᱟ ᱾
190,ᱥᱯᱨᱤᱝᱞᱟᱨ ᱥᱮᱪ ᱨᱮᱭᱟᱜ ᱡᱚᱛᱚ ᱠᱷᱚᱱ ᱱᱟᱯᱟᱭ ᱴᱷᱟᱶ ᱫᱚ ᱪᱮᱫ?,"ᱵᱮᱼᱥᱩᱢᱟᱹᱱ, ᱰᱩᱞᱟᱝ, ᱵᱟᱞᱟᱝ ᱥᱮ ᱞᱟᱛᱟᱨ ᱚᱛ ᱢᱮᱲᱤ ᱾"
191,ᱥᱯᱨᱤᱝᱞᱟᱨ ᱥᱮᱪ ᱨᱮᱭᱟᱜ ᱠᱟᱹᱢᱤ ᱫᱟᱲᱮ ᱨᱮᱱᱟᱜ ᱯᱚᱨᱤᱢᱟᱱ ᱪᱮᱫ?,ᱚᱱᱢᱟᱱ 75-85% ᱾
192,ᱥᱯᱨᱤᱝᱞᱟᱨ ᱥᱮᱪ ᱨᱮᱭᱟᱜ ᱢᱩᱲᱩᱫ ᱱᱟᱯᱟᱭ ᱠᱚ ᱪᱮᱫ?,"ᱢᱤᱫ ᱞᱮᱠᱟᱱ ᱫᱟᱜ ᱵᱚᱱᱚᱫᱚᱞ, ᱫᱟᱜ ᱥᱟᱧᱪᱟᱣ, ᱦᱟᱹᱱ ᱠᱚᱢ ᱟᱨ ᱪᱟᱥ ᱨᱮᱭᱟᱜ ᱵᱟᱹᱲᱛᱤ ᱾"
193,ᱥᱯᱨᱤᱝᱞᱟᱨ ᱥᱮᱪ ᱨᱮᱭᱟᱜ ᱚᱵᱷᱟᱵᱽ ᱠᱚ ᱪᱮᱫ?,"ᱰᱷᱮᱨ ᱠᱷᱚᱨᱪᱟ, ᱵᱚᱱᱚᱫᱚᱞ ᱨᱮᱭᱟᱜ ᱚᱡᱮᱛᱮ, ᱦᱚᱭ ᱨᱮᱭᱟᱜ ᱮᱥᱮᱨ ᱟᱨ ᱟᱹᱰᱤ ᱥᱩᱨ ᱚᱛᱢᱚᱱ ᱞᱟᱹᱜᱤᱫ ᱵᱟᱝ ᱵᱮᱣᱦᱟᱨᱚᱜᱼᱟ ᱾"
194,ᱰᱨᱤᱯ ᱥᱮᱪ ᱫᱚ ᱪᱮᱫ ᱞᱟᱹᱜᱤᱫ ᱟᱹᱰᱤ ᱱᱟᱯᱟᱭ ᱦᱩᱭᱩᱜ ᱠᱟᱱᱟ?,ᱱᱚᱶᱟ ᱫᱚ ᱥᱚᱨᱟᱥᱚᱨᱤ ᱢᱩᱲᱩᱫ ᱴᱚᱴᱷᱟ ᱨᱮ ᱫᱟᱜ ᱥᱟᱨᱵᱷᱟᱨ ᱠᱟᱛᱮ ᱫᱟᱜ ᱵᱮᱶᱦᱟᱨ ᱠᱚᱢᱼᱟ ᱾
195,ᱰᱨᱤᱯ ᱥᱮᱪ ᱵᱚᱱᱫᱮᱡ ᱨᱮᱭᱟᱜ ᱢᱩᱲᱩᱫ ᱦᱤᱸᱥ ᱠᱚ ᱪᱮᱫ?,"ᱯᱮᱯ, ᱮᱢᱤᱴᱟᱨ, ᱵᱷᱟᱞᱵᱷ, ᱯᱷᱤᱞᱴᱟᱨ, ᱯᱟᱢᱯ ᱟᱨ ᱯᱮᱥᱟᱨ ᱨᱮᱜᱩᱞᱤᱴᱟᱨ ᱾"
196,ᱰᱨᱤᱯ ᱥᱮᱪ ᱨᱮ ᱥᱟᱫᱷᱟᱨᱚᱱ ᱫᱟᱜ ᱪᱷᱟᱹᱲ ᱨᱮᱭᱟᱜ ᱦᱟᱨ ᱪᱮᱫ?,ᱯᱨᱟᱭ 1-10 ᱞᱮᱴᱟᱨ ᱡᱚᱛᱚ ᱮᱢᱤᱴᱟᱨ ᱨᱮ ᱡᱚᱛᱚ ᱴᱟᱲᱟᱝ ᱨᱮ ᱾
197,ᱥᱮᱪ ᱨᱮᱭᱟᱜ ᱫᱟᱜ ᱨᱮᱭᱟᱜ ᱢᱟᱱᱢᱟᱱᱟᱜ ᱪᱮᱫ ᱦᱩᱭᱩᱜ ᱛᱟᱢᱟ?,"ᱱᱚᱶᱟ ᱫᱚ ᱦᱤᱫᱤᱡᱟᱱ ᱩᱯᱟᱹᱫᱽ ᱠᱷᱚᱱ ᱪᱷᱟᱹᱲ ᱟᱨ ᱚᱛᱢᱚᱱ, ᱡᱤᱭᱟᱹᱞᱤ ᱟᱨ ᱦᱚᱲ ᱠᱚ ᱞᱟᱹᱜᱤᱫ ᱥᱟᱨᱵᱷᱟᱨ ᱦᱳᱭᱳᱜᱼᱟ ᱾"
198,ᱥᱮᱪ ᱞᱟᱹᱜᱤᱫ ᱫᱟᱜ ᱨᱮᱭᱟᱜ ᱜᱚᱱᱚᱝ ᱪᱮᱫ ᱚᱡᱮᱛᱮ ᱜᱚᱴᱟ ᱦᱩᱭᱩᱜᱼᱟ?,"ᱞᱟᱹᱞᱤᱥ, ᱞᱟᱹᱞᱤᱥ, ᱥᱟᱰᱤᱭᱚᱢ ᱨᱮᱭᱟᱜ ᱯᱚᱨᱤᱢᱟᱱ, ᱵᱤᱥᱟᱱ ᱟᱭᱩᱢᱟᱹᱱ ᱟᱨ ᱢᱮᱠᱨᱳᱵᱟᱭᱤᱞ ᱜᱮᱢᱮᱧ ᱾"
199,ᱥᱮᱪ ᱫᱟᱜ ᱨᱮᱭᱟᱜ ᱥᱟᱫᱷᱟᱨᱚᱱ ᱯᱷᱮᱰᱟᱛ ᱠᱚ ᱪᱮᱫ?,"ᱚᱛ ᱨᱮᱭᱟᱜ ᱫᱟᱜ, ᱚᱛ ᱨᱮᱭᱟᱜ ᱫᱟᱜ ᱟᱨ ᱥᱟᱨᱵᱷᱟᱨ ᱟᱠᱟᱱ ᱫᱟᱜ ᱾"
200,ᱚᱛ ᱨᱮᱭᱟᱜ ᱫᱟᱜ ᱥᱟᱧᱪᱟᱣ ᱨᱮᱭᱟᱜ ᱢᱩᱲᱩᱫ ᱡᱚᱥ ᱫᱚ ᱪᱮᱫ?,ᱚᱵᱟᱥᱚᱱ ᱟᱨ ᱴᱨᱟᱱᱥᱯᱤᱨᱮᱥᱚᱱ ᱛᱟᱞᱟᱛᱮ ᱫᱟᱜ ᱨᱮᱭᱟᱜ ᱦᱟᱹᱱ ᱠᱚᱢ ᱞᱟᱹᱜᱤᱫ ᱾
201,ᱪᱮᱫ ᱚᱡᱮᱛᱮ ᱚᱛᱚᱢ ᱨᱮᱭᱟᱜ ᱫᱟᱜ ᱥᱟᱵ ᱫᱚᱦᱚ ᱟᱹᱰᱤ ᱞᱟᱹᱠᱛᱤ ᱠᱟᱱᱟ?,ᱱᱚᱶᱟ ᱫᱚ ᱪᱟᱥ ᱞᱟᱹᱜᱤᱫ ᱫᱟᱜ ᱨᱮᱭᱟᱜ ᱥᱟᱹᱵᱩᱫ ᱮ ᱜᱚᱴᱟ ᱞᱮᱫᱟ ᱟᱨ ᱥᱮᱪ ᱨᱮᱭᱟᱜ ᱞᱟᱹᱠᱛᱤ ᱠᱚᱢ ᱞᱮᱫᱟ ᱾
202,ᱡᱳᱨᱱᱤᱠ ᱢᱟᱞᱪ ᱪᱮᱫ?,ᱚᱛᱢᱚᱱ ᱨᱮᱭᱟᱜ ᱚᱛᱢᱚᱱ ᱟᱨ ᱚᱛᱢᱚᱱ ᱨᱮᱭᱟᱜ ᱚᱛᱢᱚᱱ ᱞᱮᱠᱟᱱ ᱥᱮᱨᱣᱟ ᱟᱱᱟᱜ ᱩᱯᱟᱹᱭ ᱚᱛᱢᱚᱱ ᱞᱟᱹᱜᱤᱫ ᱵᱮᱣᱦᱟᱨᱚᱜᱼᱟ ᱾
203,ᱢᱟᱞᱪᱤᱝ ᱪᱮᱫ ᱞᱮᱠᱟᱛᱮ ᱚᱛ ᱫᱚ ᱜᱚᱲᱚ ᱟᱭ?,"ᱱᱚᱶᱟ ᱫᱟᱜ ᱥᱟᱧᱪᱟᱣ ᱫᱚᱦᱚ, ᱚᱛ ᱨᱮᱭᱟᱜ ᱱᱟᱯᱟᱭ ᱟᱨ ᱵᱮᱱᱟᱣ ᱫᱟᱲᱮᱭ ᱵᱟᱹᱲᱛᱤᱼᱟ ᱾"
204,ᱠᱚᱢᱯᱳᱥᱴ ᱪᱮᱫ ᱞᱮᱠᱟᱛᱮ ᱫᱟᱜ ᱥᱟᱧᱪᱟᱣ ᱨᱮ ᱜᱚᱲᱚ ᱮᱢᱼᱟ?,ᱱᱚᱶᱟ ᱫᱚ ᱚᱵᱷᱟᱵᱽ ᱠᱚᱢᱼᱟ ᱟᱨ ᱚᱛᱚᱢ ᱨᱮᱭᱟᱜ ᱱᱩᱴᱤᱨᱮᱱᱴ ᱨᱮᱭᱟᱜ ᱯᱚᱨᱤᱢᱟᱱ ᱮ ᱵᱟᱹᱲᱛᱤᱼᱟ ᱾
205,ᱥᱟᱢᱲᱟᱣ ᱡᱚᱞᱟ ᱫᱚ ᱪᱮᱫ ᱠᱟᱱᱟ?,ᱫᱟᱜ ᱟᱨ ᱡᱩᱭᱟᱹᱱᱟᱱ ᱯᱚᱨᱤᱢᱟᱱ ᱫᱚᱦᱚ ᱞᱟᱹᱜᱤᱫ ᱚᱛ ᱨᱮᱭᱟᱜ ᱚᱵᱷᱟᱵᱽ ᱠᱚᱢ ᱢᱮ ᱾
206,ᱯᱷᱚᱞᱮ ᱨᱳᱨᱮᱴᱮᱱ ᱪᱮᱫ ᱞᱮᱠᱟᱛᱮ ᱫᱟᱜ ᱥᱟᱧᱪᱟᱣ ᱨᱮ ᱜᱚᱲᱚ ᱮᱢᱼᱟ?,ᱱᱚᱶᱟ ᱫᱚ ᱚᱛ ᱨᱮᱭᱟᱜ ᱵᱮᱱᱟᱣ ᱟᱨ ᱫᱟᱜ ᱫᱚᱦᱚ ᱨᱮᱭᱟᱜ ᱫᱟᱲᱮᱭ ᱵᱟᱹᱲᱛᱤᱼᱟ ᱾
207,ᱠᱳᱱᱴᱳᱨ ᱡᱳᱞ ᱞᱟᱹᱜᱤᱫ ᱪᱮᱫ ᱞᱮᱠᱟᱛᱮ ᱫᱟᱜ ᱥᱟᱧᱪᱟᱣ ᱦᱩᱭᱩᱜᱼᱟ?,"ᱱᱚᱶᱟ ᱫᱚ ᱥᱚᱞᱮᱯ ᱨᱮ ᱡᱳᱞ ᱠᱟᱛᱮ ᱫᱟᱜ ᱨᱮᱭᱟᱜ ᱰᱟᱣᱩᱱᱞ ᱠᱚᱢᱼᱟ, ᱡᱟᱦᱟᱸᱛᱮ ᱟᱨᱦᱚᱸ ᱫᱟᱜ ᱨᱮᱭᱟᱜ ᱚᱱᱩᱢᱟᱹᱱ ᱦᱳᱭᱳᱜᱼᱟ ᱾"
208,ᱥᱴᱨᱤᱯ ᱠᱨᱚᱯᱤᱝ ᱫᱚ ᱪᱮᱫ?,ᱜᱷᱩᱨᱩᱢ ᱠᱚᱢ ᱞᱟᱹᱜᱤᱫ ᱟᱨ ᱫᱟᱜ ᱥᱟᱧᱪᱟᱣ ᱞᱟᱹᱜᱤᱫ ᱢᱤᱫ ᱛᱟᱭᱚᱢ ᱟᱨ ᱢᱤᱫ ᱦᱚᱨᱟᱛᱮ ᱪᱟᱥ ᱢᱮ ᱾
209,ᱢᱮᱥᱟ ᱪᱟᱥ ᱪᱮᱫ ᱞᱮᱠᱟᱛᱮ ᱫᱟᱜ ᱥᱟᱧᱪᱟᱣ ᱨᱮ ᱜᱚᱲᱚ ᱮᱢᱼᱟ?,ᱟᱭᱢᱟ ᱞᱮᱠᱟᱱ ᱯᱷᱚᱞᱟᱹ ᱟᱭᱢᱟ ᱞᱮᱠᱟᱱ ᱞᱟᱛᱟᱨ ᱨᱮ ᱟᱨ ᱚᱠᱛᱚ ᱨᱮ ᱫᱟᱜ ᱨᱮᱭᱟᱜ ᱵᱮᱣᱦᱟᱨ ᱮ ᱠᱚᱨᱟᱣᱼᱟ ᱾
210,ᱫᱟᱜ ᱫᱟᱜ ᱥᱟᱧᱪᱟᱣ ᱪᱮᱫ ᱞᱮᱠᱟᱛᱮ ᱥᱮᱪ ᱞᱟᱹᱜᱤᱫ ᱜᱚᱲᱚ ᱮᱢᱼᱟ?,ᱱᱚᱶᱟ ᱫᱚ ᱛᱟᱭᱚᱢ ᱫᱟᱨᱟᱢ ᱪᱟᱥ ᱠᱟᱹᱢᱤ ᱞᱟᱹᱜᱤᱫ ᱫᱟᱜ ᱥᱟᱧᱪᱟᱣ ᱟᱨ ᱥᱟᱧᱪᱟᱣ ᱟᱠᱟᱫᱟᱭ ᱾
211,ᱢᱩᱲᱩᱫ ᱚᱛᱢᱚᱱ ᱚᱛᱢᱚᱱ ᱨᱮᱭᱟᱜ ᱯᱮᱛᱷᱳᱡᱮᱱ ᱨᱮᱭᱟᱜ ᱧᱩᱛᱩᱢ ᱚᱞ ᱢᱮ ᱾,"ᱢᱩᱬᱩᱫ ᱯᱮᱛᱷᱳᱡᱮᱱ ᱠᱚ ᱢᱩᱫᱽᱨᱮ ᱢᱮᱱᱟᱜᱼᱟ ᱨᱮᱡᱳᱠᱴᱳᱱᱤᱭᱟ, ᱯᱷᱩᱡᱮᱨᱤᱭᱟᱢ, ᱵᱷᱮᱨᱴᱤᱥᱤᱞᱤᱭᱟᱢ, ᱥᱠᱞᱮᱨᱳᱴᱤᱱᱤᱭᱟ, ᱯᱮᱛᱷᱤᱭᱟᱢ ᱟᱨ ᱯᱷᱟᱭᱴᱳᱯᱛᱷᱳᱨᱟ ᱞᱮᱠᱟᱱ ᱾"
212,ᱚᱛᱚᱢ ᱠᱷᱚᱱ ᱡᱟᱱᱟᱢᱚᱜ ᱨᱳᱜᱽ ᱨᱮᱭᱟᱜ ᱚᱡᱮᱛᱮ ᱯᱚᱨᱤᱢᱟᱱ ᱯᱚᱨᱤᱢᱟᱱ ᱪᱮᱫ ᱠᱚᱢᱚᱜᱼᱟ?,ᱚᱛᱚᱢ ᱠᱷᱚᱱ ᱡᱟᱱᱟᱢ ᱟᱠᱟᱱ ᱨᱳᱜᱽᱠᱚ ᱚᱡᱮᱛᱮ 50-75% ᱪᱟᱥ ᱨᱮᱭᱟᱜ ᱯᱚᱨᱤᱢᱟᱱ ᱠᱚᱢ ᱫᱟᱲᱮᱭᱟᱜᱼᱟ ᱾
213,ᱪᱮᱫ ᱞᱮᱠᱟᱛᱮ ᱚᱛᱚᱢ ᱠᱷᱚᱱ ᱡᱟᱱᱟᱢ ᱟᱠᱟᱱ ᱯᱮᱛᱷᱳᱡᱮᱱ ᱠᱚ ᱚᱛᱚᱢ ᱨᱮ ᱠᱚ ᱛᱟᱦᱮᱸᱱᱼᱟ?,"ᱩᱱᱠᱩ ᱫᱚ ᱥᱠᱞᱮᱨᱳᱴᱤᱭᱟ, ᱠᱞᱮᱢᱟᱭᱰᱳᱥᱯᱳᱨᱥ, ᱳᱥᱯᱳᱨᱥ ᱟᱨ ᱢᱮᱠᱨᱚᱥᱠᱞᱮᱨᱳᱴᱤᱭᱟ ᱞᱮᱠᱟᱱ ᱨᱩᱠᱷᱟᱹᱣᱟᱱ ᱵᱮᱱᱟᱣ ᱞᱮᱠᱟᱛᱮ ᱠᱚ ᱛᱟᱦᱮᱸᱱᱼᱟ ᱾"
214,ᱚᱛᱚᱢ ᱠᱷᱚᱱ ᱡᱟᱱᱟᱢᱚᱜ ᱞᱮᱠᱟᱱ ᱨᱳᱜᱽᱛᱮ ᱥᱟᱫᱷᱟᱨᱚᱱ ᱞᱮᱠᱟᱛᱮ ᱪᱮᱫ ᱪᱮᱫ ᱪᱟᱥ ᱠᱚ ᱮᱥᱮᱨᱚᱜᱼᱟ?,"ꯆꯦꯡ, ꯒꯦꯍꯨ, ᱠᱩᱛᱚ, ᱢᱮᱠᱦᱳᱠ,<unk>, ᱯᱷᱚᱞᱮ ᱟᱨ ᱥᱳᱯᱨᱳᱲ ᱾"
215,ᱚᱛᱚᱢ ᱠᱷᱚᱱ ᱡᱟᱱᱟᱢᱚᱜ ᱨᱳᱜᱽ ᱨᱮᱭᱟᱜ ᱥᱟᱫᱷᱟᱨᱚᱱ ᱪᱤᱱᱦᱟᱹ ᱠᱚ ᱪᱮᱫ?,"ᱨᱟᱛᱟᱝ, ᱰᱟᱢᱯᱤᱝᱼᱳᱯᱷ, ᱵᱤᱞᱟᱝ, ᱡᱚᱞᱟ, ᱥᱴᱚᱱᱴᱤᱝ, ᱥᱚᱨᱠ ᱯᱷᱨᱟᱠ ᱟᱨ ᱰᱟᱭᱵᱮᱠ ᱾"
216,ᱪᱮᱫ ᱚᱡᱮᱛᱮ ᱚᱛᱚᱢ ᱠᱷᱚᱱ ᱡᱟᱱᱟᱢᱚᱜ ᱜᱮᱢᱟᱜᱟᱱ ᱜᱮᱢᱟᱜᱟᱱ ᱜᱮᱢᱮᱧ ᱨᱮᱭᱟᱜ ᱪᱤᱱᱦᱟᱹ ᱵᱟᱝ ᱦᱩᱭ ᱟᱠᱟᱱᱟ?,"ᱪᱮᱫᱟᱜ ᱥᱮ ᱟᱭᱢᱟ ᱯᱮᱛᱷᱳᱡᱮᱱ ᱢᱤᱫ ᱞᱮᱠᱟᱱ ᱪᱤᱱᱦᱟᱹ ᱮ ᱵᱮᱱᱟᱣ ᱞᱮᱫᱟ, ᱡᱟᱦᱟᱸ ᱫᱚ ᱪᱤᱱᱦᱟᱹ ᱞᱟᱹᱜᱤᱫ ᱟᱹᱰᱤ ᱜᱮᱠᱲᱤ ᱮ ᱵᱮᱱᱟᱣ ᱞᱮᱫᱟ ᱾"
217,ᱪᱮᱫ ᱞᱮᱠᱟᱛᱮ ᱚᱛᱚᱢ ᱠᱷᱚᱱ ᱡᱟᱱᱟᱢᱚᱜ ᱞᱮᱠᱟᱱ ᱨᱳᱜᱽ ᱥᱮᱨᱣᱟ ᱞᱮᱠᱟᱛᱮ ᱥᱟᱢᱲᱟᱣ ᱦᱩᱭᱩᱜᱼᱟ?,ᱥᱱᱛᱷᱮᱴᱤᱠ ᱠᱤᱢᱤᱠᱮᱞ ᱯᱷᱟᱝᱜᱤᱥᱟᱭᱰᱤᱥ ᱵᱟᱨᱵᱟᱨ ᱵᱮᱣᱦᱟᱨ ᱛᱟᱞᱟᱛᱮ ᱾
218,ᱥᱱᱛᱷᱮᱴᱤᱠ ᱯᱷᱟᱝᱜᱤᱥᱟᱭᱰᱤᱥ ᱨᱮᱭᱟᱜ ᱟᱱᱟᱴ ᱠᱚ ᱪᱮᱫ?,"ᱱᱚᱶᱟ ᱠᱚᱫᱚ ᱦᱚᱭᱦᱩᱫᱥᱩᱢᱟᱹᱧ ᱯᱚᱨᱟᱢᱚᱥ, ᱥᱟᱣᱟᱨ ᱨᱮᱭᱟᱜ ᱟᱱᱟᱴ ᱟᱨ ᱚᱛᱚᱢ ᱨᱮᱭᱟᱜ ᱜᱚᱱᱚᱝᱟᱱ ᱡᱮᱠᱨᱳᱵᱤᱠ ᱠᱚ ᱦᱟᱹᱱᱼᱟ ᱾"
219,ᱪᱮᱫ ᱚᱡᱮᱛᱮ ᱨᱳᱜᱽ ᱵᱚᱱᱫᱮᱡ ᱵᱚᱱᱫᱮᱡ ᱵᱚᱱᱫᱮᱡ ᱟᱱᱟᱜ ᱦᱚᱨᱟ ᱥᱮᱫ ᱪᱟᱞᱟᱣ ᱟᱠᱟᱱᱟ?,"ᱦᱚᱭᱦᱩᱫᱥᱮᱫ ᱨᱮᱭᱟᱜ ᱪᱟᱹᱱᱛᱤ ᱟᱨ ᱱᱟᱯᱟᱭ, ᱟᱭᱢᱟ ᱫᱤᱱ ᱨᱮᱭᱟᱜ ᱩᱯᱟᱹᱭ ᱨᱮᱭᱟᱜ ᱞᱟᱹᱠᱛᱤ ᱚᱡᱮᱛᱮ ᱾"
220,ᱚᱛᱚᱢ ᱠᱷᱚᱱ ᱡᱟᱱᱟᱢᱚᱜ ᱞᱮᱠᱟᱱ ᱨᱳᱜᱽ ᱥᱟᱢᱲᱟᱣ ᱞᱟᱹᱜᱤᱫ ᱮᱥᱮᱨᱟᱱ ᱦᱚᱨᱟ ᱨᱮᱭᱟᱜ ᱧᱩᱛᱩᱢ ᱚᱞ ᱢᱮ ᱾,"ᱯᱷᱚᱞᱮ ᱨᱳᱨᱮᱴᱮᱱ, ᱚᱛᱚᱢ ᱨᱮᱭᱟᱜ ᱥᱳᱞᱟᱨᱟᱭᱡᱮᱥᱚᱱ, ᱮᱱᱟᱭᱳᱨᱳᱵᱤᱠ ᱚᱛᱚᱢ ᱨᱮᱭᱟᱜ ᱰᱤᱥᱤᱱᱯᱷᱮᱥᱮᱴᱮᱥᱚᱱ ᱟᱨ ᱡᱚᱭᱳᱯᱷᱤᱭᱩᱢᱤᱜᱮᱥᱚᱱ ᱾"
221,ᱨᱳᱜᱽ ᱥᱟᱢᱵᱲᱟᱣ ᱨᱮ ᱪᱮᱫ ᱪᱮᱫ ᱜᱚᱱᱚᱝᱟᱱ ᱡᱮᱹᱥᱩᱢᱟᱹ ᱠᱚ ᱵᱮᱣᱦᱟᱨᱚᱜᱼᱟ?,"ᱴᱨᱤᱠᱳᱰᱟᱨᱢᱟ, ᱵᱮᱥᱤᱞᱟᱥ, ᱥᱤᱭᱩᱰᱳᱢᱳᱱᱟᱥ ᱟᱨ ᱮᱠᱴᱤᱱᱳᱢᱟᱭᱥᱤᱴᱤᱥ ᱾"
222,ᱪᱮᱫ ᱞᱮᱠᱟᱛᱮ ᱜᱚᱱᱚᱝᱟᱱ ᱡᱮᱠᱨᱳᱵᱤᱠ ᱠᱚᱫᱚ ᱯᱮᱛᱷᱳᱡᱮᱱ ᱠᱚ ᱫᱟᱯᱨᱟᱢᱼᱟ?,"ᱮᱱᱴᱤᱵᱟᱭᱳᱥᱤᱥ, ᱦᱮᱯᱨᱟᱣ, ᱢᱮᱠᱳᱯᱟᱨᱟᱥᱤᱴᱤᱡᱤᱢ ᱟᱨ ᱚᱛᱢᱚᱱ ᱵᱤᱨᱩᱫᱷ ᱨᱮᱭᱟᱜ ᱚᱡᱮᱛᱮ ᱾"
223,ᱢᱤᱫᱴᱟᱝ ᱜᱮ ᱮᱥᱴᱮᱨᱮᱱ ᱠᱷᱚᱱ ᱢᱮᱠᱨᱳᱵᱟᱭᱮᱞ ᱠᱚᱱᱥᱳᱨᱴᱤᱭᱟ ᱫᱚ ᱪᱮᱫ ᱞᱟᱹᱜᱤᱫ ᱥᱚᱨᱮᱥ ᱦᱩᱭᱩᱜᱼᱟ?,ᱱᱚᱶᱟ ᱠᱚᱫᱚ ᱟᱨᱦᱚᱸ ᱥᱟᱹᱵᱩᱫ ᱟᱨ ᱠᱟᱹᱢᱤ ᱟᱱᱟᱜ ᱨᱳᱜᱽ ᱠᱚ ᱴᱮᱠᱟᱣ ᱨᱮᱭᱟᱜ ᱮ ᱥᱟᱨᱵᱷᱟᱨ ᱞᱮᱫᱟ ᱾
224,ᱮᱱᱰᱳᱯᱷᱟᱭᱤᱴ ᱠᱚ ᱪᱮᱫ?,ᱡᱮᱠᱲᱤᱠᱚ ᱡᱟᱦᱟᱸ ᱚᱛᱢᱚᱱ ᱨᱮᱭᱟᱜ ᱴᱤᱥᱩ ᱢᱩᱫ ᱨᱮ ᱛᱟᱦᱮᱸᱱᱟ ᱟᱨ ᱯᱮᱛᱷᱳᱡᱮᱱ ᱠᱚ ᱴᱷᱮᱱ ᱠᱷᱚᱱ ᱨᱩᱠᱷᱟᱹᱭᱟᱹ ᱠᱚ ᱮᱢᱼᱟ ᱾
225,ᱮᱱᱰᱳᱯᱷᱟᱭᱤᱴ ᱠᱚ ᱪᱮᱫ ᱞᱮᱠᱟᱛᱮ ᱚᱛᱢᱚᱱ ᱠᱚ ᱥᱟᱨᱦᱟᱶᱼᱟ?,"ᱱᱚᱶᱟ ᱠᱚᱫᱚ ᱵᱟᱹᱲᱛᱤ, ᱱᱩᱴᱤᱨᱮᱱᱴ ᱦᱟᱛᱟᱣ ᱟᱨ ᱥᱴᱨᱮᱥ ᱪᱳᱞᱟᱨᱮᱱᱥᱮᱨᱼᱟ ᱾"
226,ᱴᱮᱠᱟᱣ ᱞᱮᱠᱟᱱ ᱠᱚ ᱪᱮᱫ ᱞᱟᱹᱜᱤᱫ ᱞᱟᱹᱠᱛᱤᱭᱟᱱ ᱠᱟᱱᱟ?,ᱱᱚᱶᱟ ᱠᱚ ᱠᱷᱚᱨᱪᱟᱼᱟᱱ ᱟᱨ ᱯᱚᱨᱤᱢᱟᱱ ᱞᱮᱠᱟᱛᱮ ᱥᱟᱨᱵᱷᱟᱨ ᱜᱮᱢᱮᱧ ᱥᱟᱢᱲᱟᱣ ᱮ ᱮᱢᱚᱜ ᱠᱟᱱᱟ ᱾
227,ᱨᱩᱠᱷᱟᱹᱣᱟᱱᱟᱜ ᱪᱟᱥ ᱵᱮᱱᱟᱣ ᱞᱟᱹᱜᱤᱫ ᱪᱮᱫ ᱦᱚᱨᱟ ᱠᱚ ᱵᱮᱣᱦᱟᱨᱚᱜᱼᱟ?,ᱢᱟᱨᱠᱟᱨ ᱟᱜ ᱜᱚᱲᱚ ᱛᱮ ᱵᱟᱪᱷᱱᱟᱣ ᱟᱨ ᱥᱤ ᱟᱨ ᱟᱭ ᱮᱥ ᱯᱤ ᱟᱨ/ᱠᱮᱥ9 ᱡᱮᱱᱳᱢ ᱮᱰᱤᱴᱤᱝ ᱾
228,ᱦᱳᱥᱴᱼᱤᱱᱰᱩᱥᱰ ᱡᱤᱱ ᱥᱟᱭᱞᱮᱱᱥᱤᱝ (HIGS) ᱪᱮᱫ?,ᱢᱤᱫᱴᱟᱝ ᱦᱚᱨᱟ ᱡᱟᱦᱟᱛᱮ ᱚᱛᱢᱚᱱ ᱜᱮᱢᱮᱧ ᱠᱚᱢ ᱞᱟᱹᱜᱤᱫ ᱯᱮᱛᱷᱳᱡᱮᱱ ᱡᱤᱱ ᱠᱚ ᱫᱟᱯᱨᱟᱢᱼᱟ ᱾
229,ᱚᱛ ᱨᱮᱭᱟᱜ ᱱᱟᱯᱟᱭ ᱪᱮᱫ ᱞᱮᱠᱟᱛᱮ ᱨᱳᱜᱽ ᱵᱚᱱᱫᱮᱡ ᱮ ᱮᱥᱮᱨᱼᱟ?,ᱱᱟᱯᱟᱭ ᱚᱛᱚᱢ ᱯᱮᱛᱷᱳᱡᱮᱱ ᱵᱮᱱᱟᱣ ᱠᱚᱢᱼᱟ ᱟᱨ ᱵᱷᱟᱞᱮᱭᱟᱜᱟᱱ ᱡᱮᱠᱨᱳᱵᱤᱠ ᱠᱚ ᱜᱚᱲᱚ ᱠᱚ ᱮᱢᱼᱟ ᱾
230,ᱚᱛᱚᱢ ᱠᱷᱚᱱ ᱡᱟᱱᱟᱢᱚᱜ ᱞᱮᱠᱟᱱ ᱨᱳᱜᱽ ᱥᱟᱢᱲᱟᱣ ᱞᱟᱹᱜᱤᱫ ᱵᱮᱣᱦᱟᱨᱚᱜ ᱠᱟᱱ ᱞᱟᱠᱪᱟᱨ ᱦᱚᱨᱟ ᱠᱚ ᱨᱮᱭᱟᱜ ᱧᱩᱛᱩᱢ ᱚᱞ ᱢᱮ ᱾,"ᱯᱷᱚᱞᱮ ᱨᱳᱴᱮᱹᱱ, ᱤᱱᱴᱟᱨᱠᱨᱚᱯᱤᱝ, ᱦᱨᱤᱱ ᱥᱟᱨᱵᱷᱟᱨ ᱟᱨ ᱡᱳᱨᱱᱤᱠ ᱮᱢᱤᱱᱰᱮᱥᱚᱱ ᱾"
231,ᱚᱛ ᱨᱮᱭᱟᱜ ᱥᱳᱞᱟᱨᱟᱭᱡᱮᱥᱚᱱ ᱪᱮᱫ?,ᱯᱮᱛᱷᱳᱡᱮᱱ ᱠᱚ ᱜᱚᱡ ᱞᱟᱹᱜᱤᱫ ᱥᱩᱱᱤᱵᱟᱹᱨᱡ ᱵᱮᱣᱦᱟᱨ ᱠᱟᱛᱮ ᱚᱛᱢᱚᱱ ᱦᱚᱭᱩᱜ ᱟ ᱾
232,ᱵᱳᱭᱯᱷᱤᱭᱩᱢᱤᱜᱮᱥᱚᱱ ᱪᱮᱫ?,ᱯᱮᱛᱷᱳᱡᱮᱱ ᱠᱚ ᱵᱚᱱᱚᱫᱚᱞ ᱞᱟᱹᱜᱤᱫ ᱵᱤᱥᱟᱣᱟᱱ ᱚᱛᱢᱚᱱ ᱨᱮᱭᱟᱜ ᱵᱮᱣᱦᱟᱨ (ᱡᱮᱞᱮᱠᱟ ᱵᱨᱟᱥᱤᱠᱟ) ᱡᱳᱨᱟᱱ ᱠᱚᱢᱯᱟᱣᱩᱱᱰ ᱪᱷᱟᱹᱲ ᱞᱟᱹᱜᱤᱫ ᱾
233,ᱯᱮᱱᱴᱮᱱᱴ ᱯᱮᱛᱷᱳᱞᱡᱤ ᱨᱮ ᱳᱢᱤᱠ ꯇꯦꯛꯅꯣꯂꯣꯖꯤ ᱪᱮᱫ?,"ᱡᱮᱱᱳᱢᱤᱠᱥ, ᱴᱨᱮᱱᱠᱨᱤᱯᱠᱳᱢᱤᱠᱥ, ᱯᱨᱳᱴᱤᱳᱢᱤᱠᱥ ᱟᱨ ᱢᱮᱴᱚᱵᱚᱞᱳᱢᱤᱠᱥ ᱚᱛᱢᱚᱱᱼᱯᱮᱛᱷᱳᱡᱮᱱ ᱨᱮᱭᱟᱜ ᱡᱳᱜᱟᱡᱳᱜ ᱯᱟᱲᱦᱟᱣ ᱞᱟᱹᱜᱤᱫ ᱵᱮᱣᱦᱟᱨᱚᱜᱼᱟ ᱾"
234,ᱢᱳᱞᱤᱠᱩᱞᱟᱨ ᱰᱟᱭᱚᱜᱳᱥᱴᱤᱠ ᱪᱮᱫ ᱞᱮᱠᱟᱛᱮ ᱜᱚᱲᱚ ᱮᱢᱼᱟ?,ᱩᱱᱠᱩ ᱫᱚ ᱯᱤ ᱥᱤ ᱟᱨ ᱟᱨ ᱵᱤᱣᱳᱥᱮᱱᱥᱳᱨ ᱵᱮᱣᱦᱟᱨ ᱠᱟᱛᱮ ᱯᱮᱛᱷᱳᱡᱮᱱ ᱠᱚ ᱮᱛᱚᱦᱚᱵ ᱟᱨ ᱥᱚᱨᱟᱥᱚᱨᱤ ᱪᱤᱱᱦᱟᱹ ᱞᱟᱹᱜᱤᱫ ᱮ ᱫᱟᱲᱮᱹᱭᱟᱜᱼᱟ ᱾
235,ᱱᱟᱯᱟᱭ ᱪᱟᱥ ᱪᱮᱫ ᱞᱮᱠᱟᱛᱮ ᱨᱳᱜᱽ ᱥᱟᱢᱵᱲᱟᱣ ᱨᱮ ᱜᱚᱲᱚ ᱮᱢᱼᱟ?,ᱱᱚᱶᱟ ᱥᱮᱱᱥᱳᱨ ᱟᱨ ᱡᱤ ᱟᱭ ᱮᱥ ᱴᱩᱞ ᱵᱮᱣᱦᱟᱨ ᱠᱟᱛᱮ ᱥᱟᱭᱤᱴᱼᱯᱷᱤᱥᱤᱠ ᱢᱮᱱᱴᱚᱨᱤᱝ ᱟᱨ ᱴᱟᱨᱜᱮᱴᱰ ᱤᱱᱴᱟᱨᱵᱷᱮᱱᱥᱚᱱ ᱫᱟᱲᱮᱹᱭᱟᱜᱼᱟ ᱾
236,ᱯᱷᱟᱝᱜᱤᱥᱟᱭᱰᱤᱥ ᱨᱮᱭᱟᱜ ᱵᱳᱴᱟᱱᱤᱠᱮᱞ ᱮᱴᱟᱜ ᱩᱯᱟᱹᱭ ᱪᱮᱫ?,"ᱚᱛᱢᱚᱱ ᱨᱮᱭᱟᱜ ᱮᱥᱴᱚᱨᱠᱴ, ᱮᱥᱮᱱᱥᱤᱠᱮᱞ ᱳᱭᱮᱞ ᱟᱨ ᱱᱟᱪᱟᱨᱟᱞ ᱢᱮᱴᱟᱵᱳᱞᱟᱭᱤᱴ ᱾"
237,ᱵᱳᱴᱟᱱᱤᱠᱮᱞ ᱠᱚ ᱪᱮᱫ ᱞᱟᱹᱜᱤᱫ ᱠᱚ ᱥᱚᱨᱮᱥᱼᱟ?,ᱱᱚᱶᱟ ᱠᱚᱫᱚ ᱦᱚᱭᱦᱩᱫᱤᱥᱼᱟᱱ ᱟᱨ ᱴᱮᱠᱟᱣ ᱨᱮᱭᱟᱜ ᱫᱟᱲᱮ ᱠᱚᱢᱼᱟ ᱾
238,ᱨᱳᱜᱽ ᱥᱟᱢᱲᱟᱣ ᱨᱮ ᱱᱟᱦᱟᱜ ᱨᱚᱥᱤᱭᱟᱱᱟᱜ ᱦᱚᱨᱟ ᱠᱚ ᱪᱮᱫ?,"ᱠᱚᱢ ᱟᱠᱟᱱ ᱰᱳᱡᱽ, ᱴᱮᱡᱮᱴᱰ ᱯᱷᱟᱝᱜᱤᱥᱟᱭᱰᱤᱥ ᱟᱨ ᱥᱟᱢᱵᱲᱟᱣᱼ ᱪᱷᱟᱹᱲ ᱵᱮᱱᱟᱣ ᱾"
239,ᱨᱚᱥᱤᱭᱟᱱᱟᱜ ᱵᱤᱥᱚᱱ ᱵᱚᱱᱚᱫᱚᱞ ᱨᱮᱱᱟᱜ ᱮᱱᱮᱢ ᱪᱮᱫ?,ᱱᱚᱶᱟ ᱫᱚ ᱮᱛᱚᱦᱚᱵ ᱥᱮᱫ ᱜᱮᱢᱮᱧ ᱠᱷᱚᱱ ᱚᱛᱢᱚᱱ ᱠᱚ ᱨᱩᱠᱷᱟᱹᱭᱟᱹᱭᱟ ᱾
240,ᱡᱟᱨᱯᱟᱼᱟᱱ ᱨᱚᱥᱚᱠᱟᱱ ᱠᱚ ᱪᱮᱫ ᱪᱮᱫ?,ᱪᱤᱛᱳᱥᱟᱱ ᱞᱮᱠᱟᱱ ᱠᱚᱢᱯᱟᱣᱩᱱᱰ ᱡᱟᱦᱟᱸ ᱚᱛᱢᱚᱱ ᱨᱮᱭᱟᱜ ᱨᱩᱠᱷᱟᱹᱭᱟᱹ ᱦᱚᱨᱟ ᱠᱚ ᱮᱥᱮᱨᱼᱟ ᱾
241,ᱯᱚᱞᱥᱰ الیکٹرᱤᱠ ᱯᱷᱤᱞᱰ (PEF) ꯇꯦꯛꯅꯣꯂꯣꯖꯤ ᱪᱮᱫ?,ᱢᱤᱫᱴᱟᱝ ᱵᱟᱝᱼᱛᱷᱚᱢᱟᱞ ᱦᱚᱨᱟ ᱡᱟᱦᱟᱸ ᱦᱩᱰᱤᱧ ᱟᱞᱤᱠᱟᱨ ᱯᱮᱥ ᱵᱮᱣᱦᱟᱨ ᱠᱟᱛᱮ ᱡᱮᱠᱲᱤᱜᱟᱹᱱ ᱠᱚ ᱜᱚᱡ ᱞᱮᱫᱮᱭᱟ ᱾
242,PEF ᱪᱮᱫ ᱞᱮᱠᱟᱛᱮ ᱯᱮᱛᱷᱳᱡᱮᱱ ᱠᱚ ᱵᱮᱹᱠᱤᱥᱴᱟᱣᱟ?,ᱠᱳᱥ ᱨᱮᱭᱟᱜ ᱪᱚᱞᱟᱹ ᱟᱨ ᱚᱱᱛᱟᱨᱮ ᱵᱮᱱᱟᱣ ᱵᱚᱱᱚᱫᱚᱞ ᱠᱟᱛᱮ ᱾
243,ᱤᱱᱴᱤᱜᱨᱮᱴᱮᱰ ᱰᱤᱡᱤᱥ ᱢᱮᱱᱮᱡᱢᱮᱱᱴ (ᱟᱭ ᱰᱤ ᱮᱢ) ᱪᱮᱫ?,"ᱡᱩᱭᱟᱹᱱᱤᱠ, ᱞᱟᱠᱪᱟᱨ, ᱡᱮᱱᱮᱴᱤᱠ ᱟᱨ ᱨᱚᱥᱤᱭᱟᱱᱟᱜ ᱦᱚᱨᱟ ᱠᱚ ᱥᱮᱞᱮᱫ ᱠᱟᱛᱮ ᱢᱤᱫᱴᱟᱝ ᱦᱚᱨᱟ ᱾"
244,ᱟᱭ ᱰᱤ ᱮᱢ ᱪᱮᱫ ᱞᱟᱹᱜᱤᱫ ᱠᱟᱹᱢᱤᱼᱟ?,"ᱱᱚᱶᱟ ᱴᱮᱠᱟᱣ ᱫᱚᱦᱚ ᱫᱟᱲᱮᱹᱣᱟᱱᱟᱜ, ᱟᱭᱢᱟ ᱫᱤᱱ ᱨᱮᱭᱟᱜ ᱨᱳᱜᱽ ᱥᱟᱢᱵᱲᱟᱣᱼᱟ ᱾"
245,ᱥᱚᱯᱨᱮᱥᱤᱵᱷ ᱠᱚᱢᱯᱳᱥᱴ ᱪᱮᱫ ᱞᱮᱠᱟᱛᱮ ᱜᱚᱲᱚ ᱮᱢᱼᱟ?,"ᱱᱚᱶᱟ ᱠᱚ ᱢᱩᱫᱽᱨᱮ ᱢᱮᱱᱟᱜ ᱟ ᱜᱚᱱᱚᱝᱟᱱ ᱡᱮᱠᱨᱳᱵᱤᱠ, ᱡᱟᱦᱟᱸ ᱫᱚ ᱯᱮᱛᱷᱳᱡᱮᱱ ᱠᱚ ᱵᱚᱱᱚᱫᱚᱞᱼᱟ ᱾"
246,ᱱᱟᱱᱳᱯᱚᱴᱤᱠᱚᱞ ᱫᱚ ᱪᱮᱫ ᱞᱮᱠᱟᱛᱮ ᱨᱳᱜᱽ ᱥᱟᱢᱵᱲᱟᱣ ᱨᱮ ᱵᱮᱣᱦᱟᱨ ᱦᱩᱭᱩᱜᱼᱟ?,"ᱩᱱᱠᱩ ᱫᱚ ᱠᱟᱹᱢᱤ ᱞᱮᱠᱟᱛᱮ ᱯᱮᱛᱷᱳᱡᱮᱱ ᱠᱚ ᱡᱚᱥ ᱞᱮᱫᱟ, ᱡᱮᱞᱮᱠᱟ ᱥᱤ ᱤᱭᱩ ᱳ ᱱᱟᱱᱳᱯᱟᱨᱴᱤᱠᱚᱞ ᱠᱚᱫᱚ ᱵᱮᱠᱴᱮᱨᱤᱭᱟᱞ ᱩᱭᱞᱤᱴ ᱥᱟᱢᱲᱟᱣ ᱞᱮᱫᱟ ᱾"
247,ᱱᱮᱢᱟᱴᱳᱰ ᱥᱟᱢᱲᱟᱣ ᱨᱮ ᱚᱛᱢᱚᱱ ᱠᱷᱚᱱ ᱧᱟᱢ ᱟᱠᱟᱱ ᱠᱚᱢᱯᱟᱣᱩᱱᱰ ᱨᱮᱱᱟᱜ ᱮᱱᱮᱢ ᱪᱮᱫ?,"2, 4, 0ᱼ ᱰᱟᱭᱼᱴᱮᱨᱴᱼᱵᱤᱭᱩᱴᱟᱭᱞᱯᱷᱤᱱᱳᱞ ᱞᱮᱠᱟᱱ ᱠᱚᱢᱯᱟᱣᱩᱱᱰ ᱠᱚ ᱱᱮᱢᱮᱴᱳᱰ ᱮᱱᱡᱟᱭᱚᱢ ᱮ ᱵᱚᱱᱚᱫᱚᱞᱼᱟ ᱾"
248,ᱱᱟᱦᱟᱜ ᱦᱚᱨᱟ ᱠᱚ ᱦᱟᱛᱟᱣ ᱨᱮ ᱪᱮᱫ ᱥᱤᱢᱤᱛ ᱢᱮᱱᱟᱜᱼᱟ?,"ᱥᱠᱮᱞᱮᱵᱞᱤᱴᱤ, ᱠᱷᱚᱨᱪᱟ, ᱟᱨ ᱯᱷᱮᱞᱰᱼᱥᱴᱮᱞ ᱥᱟᱨᱵᱷᱟᱨ ᱞᱮᱠᱟᱱ ᱥᱟᱛᱟᱢᱠᱚ ᱾"
249,ᱚᱛᱚᱢ ᱛᱮ ᱩᱯᱟᱹᱭᱟᱱ ᱨᱳᱜᱽ ᱵᱚᱱᱫᱮᱡ ᱨᱮᱭᱟᱜ ᱛᱟᱭᱚᱢ ᱫᱟᱨᱟᱢ ᱫᱚ ᱪᱮᱫ ᱠᱟᱱᱟ?,"ᱡᱳᱜᱟᱡᱳᱜᱽ, ᱵᱚᱱᱫᱮᱡ ᱟᱨ ᱱᱟᱯᱟᱭ ᱪᱟᱥ ᱨᱮᱭᱟᱜ ᱡᱳᱜᱟᱡᱳᱜ, ᱥᱟᱧᱪᱟᱣ ᱦᱚᱨᱟᱠᱚ ᱾"
250,ᱡᱟᱱᱟᱢᱚᱜ ᱠᱟᱱ ᱨᱳᱜᱽ ᱵᱚᱱᱫᱮᱡ ᱨᱮᱭᱟᱜ ᱦᱚᱨᱟ ᱠᱚ ᱨᱮᱭᱟᱜ ᱢᱩᱲᱩᱫ ᱛᱟᱞᱢᱟ ᱫᱚ ᱪᱮᱫ?,"ᱟᱭᱢᱟᱜᱟᱱ ᱩᱯᱟᱹᱭ ᱨᱮᱭᱟᱜ ᱥᱟᱵ ᱫᱚᱦᱚ ᱫᱟᱲᱮᱹᱣᱟᱱᱟᱜ, ᱱᱟᱯᱟᱭ ᱟᱨ ᱥᱮᱞᱮᱫ ᱾"
251,ᱪᱮᱫ ᱚᱡᱮᱛᱮ ᱥᱟᱹᱵᱩᱫᱟᱱ ᱨᱳᱜᱽ ᱵᱚᱱᱫᱮᱡ ᱫᱚ ᱞᱟᱹᱠᱛᱤᱭᱟᱱ ᱠᱟᱱᱟ?,"ᱱᱚᱶᱟ ᱫᱚ ᱚᱛᱚᱢ ᱨᱮᱭᱟᱜ ᱱᱟᱯᱟᱭ ᱮ ᱨᱩᱠᱷᱟᱹᱭᱼᱟ, ᱡᱚᱢᱟᱜ ᱨᱮᱭᱟᱜ ᱨᱩᱠᱷᱟᱹᱭᱤ ᱮ ᱜᱚᱴᱟᱼᱟ ᱟᱨ ᱚᱛᱢᱚᱱ ᱨᱮᱭᱟᱜ ᱮᱥᱮᱨ ᱠᱚᱢᱼᱟ ᱾"
252,ᱵᱮᱼᱢᱩᱥᱩᱢ ᱡᱳᱞᱟᱝ ᱪᱮᱫ ᱟᱨ ᱱᱚᱶᱟ ᱪᱮᱫ ᱞᱮᱠᱟᱛᱮ ᱫᱟᱜ ᱥᱟᱧᱪᱟᱣ ᱨᱮ ᱜᱚᱲᱚ ᱮᱢᱚᱜᱼᱟ?,"ᱢᱟᱲᱟᱝᱼᱢᱩᱥᱩᱢ ᱫᱟᱜᱡᱩᱵᱟᱹ ᱢᱟᱲᱟᱝ ᱨᱮ ᱵᱮᱼᱢᱩᱥᱩᱢ ᱡᱳᱞ ᱨᱮᱭᱟᱜ ᱚᱡᱮ ᱫᱚ ᱦᱩᱭᱩᱜ ᱠᱟᱱᱟ ᱡᱳᱞ ᱾ ᱱᱚᱶᱟ ᱫᱚ ᱟᱨᱦᱚᱸ ᱱᱟᱯᱟᱭ ᱫᱟᱜ ᱥᱟᱵ ᱞᱟᱹᱜᱤᱫ ᱮᱢ ᱠᱟᱛᱮ ᱚᱛ ᱨᱮᱭᱟᱜ ᱫᱟᱜ ᱫᱚᱦᱚ ᱨᱮ ᱜᱚᱲᱚ ᱮᱢᱼᱟ ᱾ ᱡᱟᱦᱟᱸ ᱚᱠᱛᱚ ᱚᱛ ᱫᱚ 30 ᱥᱮᱱᱴᱤᱢᱤᱴᱟᱨ ᱰᱟᱣᱩᱱᱞ ᱨᱮ ᱡᱳᱞᱟᱣ ᱦᱩᱭᱩᱜᱼᱟ, ᱩᱱ ᱚᱠᱛᱚ ᱫᱟᱜ ᱫᱚ ᱚᱛ ᱨᱮ 90 ᱥᱮᱱᱴᱤᱢᱤᱴᱟᱨ ᱦᱟᱹᱵᱤᱡ ᱮ ᱥᱮᱱ ᱫᱟᱲᱮᱭᱟᱜᱼᱟ ᱾"
253,ᱡᱮᱹᱞᱮᱹᱧ ᱡᱳᱞ ᱨᱮᱭᱟᱜ ᱚᱡᱮᱛᱮ ᱚᱛ ᱨᱮ ᱫᱟᱜ ᱫᱚᱦᱚ ᱫᱟᱲᱮᱹᱭᱟᱜᱼᱟ?,ᱰᱩᱵᱟᱹ ᱡᱳᱞ ᱞᱟᱹᱜᱤᱫ (ᱚᱱᱢᱟᱱ 30 ᱥᱮᱱᱴᱤᱢᱤᱴᱟᱨ) ᱫᱟᱜ ᱨᱮᱭᱟᱜ ᱫᱟᱜ 90 ᱥᱮᱱᱴᱤᱢᱤᱴᱟᱨ ᱦᱟᱹᱵᱤᱡ ᱥᱮᱴᱮᱨ ᱠᱟᱛᱮ ᱚᱛ ᱨᱮᱭᱟᱜ ᱰᱩᱵᱟᱹ ᱨᱮ ᱥᱮᱱ ᱫᱟᱲᱮᱭᱟᱜᱼᱟ ᱾ ᱱᱚᱶᱟ ᱥᱟᱢᱵᱲᱟᱣ ᱫᱟᱜᱫᱩᱱᱩᱞ ᱫᱚ ᱠᱷᱚᱨᱟ ᱚᱠᱛᱚ ᱨᱮ ᱪᱟᱥ ᱨᱮᱭᱟᱜ ᱜᱚᱲᱚ ᱠᱚ ᱮᱢᱼᱟ ᱾
254,ᱚᱛᱤᱢᱟᱱ ᱚᱛᱤᱢᱟᱱ ᱨᱮᱦᱚᱸ ᱪᱮᱫ ᱪᱮᱫ ᱪᱟᱥ ᱟᱹᱨᱤ ᱦᱚᱨᱟᱠᱚ ᱪᱟᱥ ᱨᱮᱭᱟᱜ ᱯᱚᱨᱤᱢᱟᱱ ᱵᱟᱹᱲᱛᱤᱼᱟ?,"ᱢᱟᱲᱟᱝ ᱠᱷᱚᱱ ᱜᱮ ᱵᱳᱣᱟᱱᱟᱜ, ᱥᱟᱨ ᱨᱮᱭᱟᱜ ᱛᱟᱞᱟ ᱞᱮᱠᱟᱛᱮ ᱵᱮᱣᱦᱟᱨ, ᱚᱠᱛᱚ ᱥᱟᱶᱼᱛᱮ ᱱᱟᱲᱼᱲᱤᱪᱟᱹᱲ, ᱜᱷᱟᱹᱞᱼᱲᱤᱪᱟᱹᱲ ᱟᱨ ᱨᱳᱜᱽ ᱥᱟᱢᱲᱟᱣ, ᱟᱨ ᱜᱚᱴᱟᱼᱵᱩᱴᱟᱹ ᱞᱮᱠᱟᱛᱮ ᱠᱤᱨᱤᱧ ᱞᱮᱠᱟᱱ ᱦᱚᱨᱟ ᱠᱚᱢ ᱚᱛᱤᱢᱟᱱ ᱦᱩᱭ ᱠᱟᱛᱮ ᱨᱮᱦᱚᱸ ᱪᱟᱥ ᱨᱮᱭᱟᱜ ᱯᱚᱨᱤᱢᱟᱱ ᱵᱟᱹᱲᱛᱤ ᱨᱮ ᱜᱚᱲᱚ ᱮᱢᱼᱟ ᱾"
255,ᱢᱟᱞᱪᱤᱝ ᱪᱮᱫ ᱞᱮᱠᱟᱛᱮ ᱚᱛ ᱨᱮᱭᱟᱜ ᱫᱟᱜ ᱥᱟᱵ ᱫᱚᱦᱚ ᱨᱮ ᱜᱚᱲᱚ ᱮᱢᱼᱟ?,"ᱢᱟᱞᱪᱤᱝ ᱨᱮᱭᱟᱜ ᱢᱩᱫᱽᱨᱮ ᱢᱮᱱᱟᱜᱼᱟ ᱡᱮᱹᱱᱟᱥᱤ ᱵᱤᱨᱟᱹᱫᱟᱹᱞᱤ ᱥᱟᱞᱟᱜ ᱢᱮᱲᱟᱹᱜ, ᱡᱟᱦᱟᱫᱚ ᱚᱵᱷᱟᱵᱽ ᱠᱚᱢᱼᱟ, ᱢᱮᱲᱮᱡ ᱨᱮᱭᱟᱜ ᱞᱚᱞᱟᱝ ᱫᱚᱦᱚᱼᱟ ᱟᱨ ᱢᱮᱲᱤᱡᱽ ᱨᱮ ᱫᱟᱜ ᱫᱚᱦᱚ ᱨᱮ ᱜᱚᱲᱚ ᱮᱢᱼᱟ ᱾"
256,ᱫᱟᱜ ᱥᱟᱧᱪᱟᱣ ᱨᱮ ᱴᱮᱨᱮᱥ ᱪᱟᱥ ᱨᱮᱭᱟᱜ ᱮᱱᱮᱢ ᱪᱮᱫ?,"ᱵᱩᱨᱩ ᱥᱚᱞᱮᱯ ᱨᱮ ᱴᱮᱨᱮᱹᱥ ᱪᱟᱥ ᱫᱟᱜ ᱨᱮᱭᱟᱜ ᱰᱩᱵᱟᱹ ᱠᱚᱢ ᱠᱟᱛᱮ ᱫᱟᱜ ᱨᱮᱭᱟᱜ ᱰᱩᱵᱟᱹ ᱮ ᱵᱚᱱᱚᱫᱚᱞᱼᱟ, ᱡᱟᱦᱟᱸ ᱠᱷᱟᱹᱛᱤᱨᱛᱮ ᱚᱛᱚᱢ ᱨᱮ ᱟᱨᱦᱚᱸ ᱰᱷᱮᱨ ᱫᱟᱜ ᱰᱩᱵᱟᱹᱜ ᱟ ᱾"
257,ᱪᱮᱫ ᱞᱮᱠᱟᱛᱮ ᱠᱳᱱᱴᱩᱨ ᱡᱳᱞ ᱟᱨ ᱚᱛᱢᱚᱱ ᱵᱚᱱᱚᱫᱚᱞ ᱫᱟᱜ ᱨᱮᱭᱟᱜ ᱦᱟᱹᱱ ᱠᱚᱢᱼᱟ?,"ᱠᱳᱱᱴᱳᱨ ᱡᱚᱞᱟᱣ ᱟᱨ ᱜᱷᱩᱨᱟᱹ ᱟᱨ ᱚᱛᱢᱚᱱ ᱚᱛᱢᱚᱱ ᱚᱛᱢᱚᱱ ᱚᱛᱢᱚᱱ ᱚᱛᱢᱚᱱ ᱚᱛᱢᱚᱱ ᱚᱛᱢᱚᱱ ᱛᱟᱭᱚᱢ, ᱫᱟᱜ ᱨᱮᱭᱟᱜ ᱚᱱᱩᱢᱟᱹᱱ ᱰᱷᱮᱨ ᱠᱟᱛᱮ ᱟᱨ ᱚᱛᱢᱚᱱ ᱨᱮᱭᱟᱜ ᱫᱟᱜ ᱫᱚᱦᱚ ᱫᱟᱲᱮ ᱵᱟᱹᱲᱛᱤ ᱠᱟᱛᱮ ᱫᱟᱜ ᱨᱮᱭᱟᱜ ᱰᱟᱣᱩᱱ ᱠᱚᱢᱼᱟ ᱾"
258,ᱯᱷᱚᱞᱮ ᱨᱳᱨᱮᱴᱮᱱ ᱪᱮᱫ ᱞᱮᱠᱟᱛᱮ ᱫᱟᱜ ᱥᱟᱧᱪᱟᱣ ᱨᱮ ᱮᱥᱮᱨ ᱞᱮᱫᱟᱭ ᱾,"ᱯᱷᱚᱞᱮ ᱵᱚᱱᱚᱫᱚᱞ, ᱡᱮᱞᱮᱠᱟ ᱡᱚᱢᱟᱜ ᱟᱨ ᱚᱱᱟ ᱛᱟᱭᱚᱢ ᱫᱟᱹᱨᱰᱩ, ᱚᱛᱢᱚᱱ ᱟᱨ ᱚᱛᱢᱚᱱ ᱫᱟᱲᱮᱹᱣᱟ, ᱡᱟᱦᱟᱸ ᱚᱛᱢᱚᱱ ᱫᱚᱦᱚ ᱞᱟᱹᱜᱤᱫ ᱚᱛᱢᱚᱱ ᱨᱮᱭᱟᱜ ᱫᱟᱲᱮᱭ ᱵᱟᱹᱲᱛᱤᱣᱟ ᱾"
259,ᱫᱟᱜ ᱥᱟᱧᱪᱟᱣ ᱞᱟᱹᱜᱤᱫ ᱥᱯᱨᱤᱝᱞᱟᱨ ᱥᱮᱪ ᱪᱮᱫ ᱞᱮᱠᱟᱛᱮ ᱠᱟᱹᱢᱤᱼᱟ?,"ᱥᱯᱨᱤᱝᱞᱟᱨ ᱥᱮᱪ ᱫᱚ ᱯᱨᱟᱭ <ᱟᱭᱰᱤ1> ᱚᱛ ᱨᱮᱭᱟᱜ ᱫᱟᱜ ᱥᱟᱧᱪᱟᱣ ᱫᱟᱲᱮᱹᱭᱟᱜᱼᱟ, ᱵᱤᱥᱮᱥᱠᱟᱭᱛᱮ ᱡᱮᱹᱞᱮᱹᱴ, ᱰᱚᱞᱥ ᱟᱨ ᱚᱛᱢᱚᱱ ᱞᱮᱠᱟᱱ ᱟᱹᱰᱤ ᱥᱩᱨ ᱚᱛᱢᱚᱱ ᱨᱮᱭᱟᱜ ᱪᱟᱥ ᱞᱟᱹᱜᱤᱫ ᱾"
260,ᱰᱨᱤᱯ ᱥᱮᱪ ᱫᱚ ᱫᱟᱜ ᱥᱟᱧᱪᱟᱣ ᱞᱟᱹᱜᱤᱫ ᱪᱮᱫ ᱞᱟᱹᱜᱤᱫ ᱠᱟᱹᱢᱤ ᱟᱱᱟᱜ ᱢᱮᱱᱛᱮ ᱢᱚᱱᱮ ᱦᱩᱭᱩᱜ ᱠᱟᱱᱟ?,"ᱰᱨᱤᱯ ᱥᱮᱪ ᱟᱹᱰᱤ ᱠᱚᱢ ᱯᱚᱨᱤᱢᱟᱱ ᱨᱮ ᱚᱛᱢᱚᱱ ᱨᱮᱭᱟᱜ ᱢᱩᱲᱩᱫ ᱨᱮ ᱫᱟᱜ ᱥᱟᱨᱵᱷᱟᱨᱼᱟ, ᱡᱟᱦᱟᱸᱛᱮ ᱚᱵᱷᱟᱵᱽ ᱟᱨ ᱵᱮᱶᱦᱟᱨ ᱠᱚᱢᱚᱜᱼᱟ ᱾ ᱱᱚᱶᱟ ᱫᱚ ᱚᱱᱢᱟᱱ 25-30% ᱫᱟᱜ ᱥᱟᱧᱪᱟᱣᱼᱟ ᱾"
261,ᱰᱨᱤᱯ ᱥᱮᱪ ᱨᱮᱭᱟᱜ ᱢᱤᱫᱴᱟᱝ ᱥᱟᱫᱷᱟᱨᱚᱱ ᱟᱨ ᱠᱚᱢ ᱠᱷᱚᱨᱪᱟ ᱨᱮᱱᱟᱜ ᱦᱚᱨᱟ ᱪᱮᱫ?,"ᱢᱤᱫᱴᱟᱝ ᱥᱟᱫᱷᱟᱨᱚᱱ ᱦᱚᱨᱟ ᱢᱩᱫᱽᱨᱮ ᱢᱮᱱᱟᱜᱼᱟ ᱢᱤᱫᱴᱟᱝ ᱢᱮᱫ ᱨᱮᱭᱟᱜ ᱞᱚᱫᱚᱢ ᱨᱮ 1ᱼ3 ᱜᱚᱴᱟᱝ ᱦᱩᱰᱤᱧ ᱜᱷᱩᱨᱮ ᱰᱩᱞᱟᱹᱣ ᱟᱨ ᱚᱱᱟ ᱚᱛᱢᱚᱱ ᱥᱳᱨ ᱨᱮ ᱰᱩᱵᱟᱹ ᱠᱚᱨᱟᱣ ᱾ ᱚᱛᱚᱢ ᱠᱷᱚᱱ ᱫᱟᱜ ᱞᱟᱴᱩᱼᱞᱟᱴᱩ ᱰᱩᱨᱩᱢᱚᱜᱼᱟ, ᱡᱟᱦᱟᱸ ᱠᱷᱟᱹᱛᱤᱨ ᱛᱮ ᱚᱛᱚᱢ ᱨᱮ ᱫᱟᱜ ᱨᱮᱭᱟᱜ ᱯᱚᱨᱤᱢᱟᱱ ᱛᱟᱦᱮᱸᱱᱟ ᱾"
262,ᱫᱟᱜ ᱫᱟᱜ ᱥᱟᱧᱪᱟᱣ ᱪᱮᱫ ᱞᱮᱠᱟᱛᱮ ᱪᱟᱥᱤᱭᱟᱹ ᱠᱚ ᱜᱚᱲᱚᱼᱟ?,"ᱫᱟᱜ ᱫᱟᱜ ᱥᱟᱧᱪᱟᱣ ᱨᱮᱭᱟᱜ ᱢᱩᱫᱽᱨᱮ ᱢᱮᱱᱟᱜᱼᱟ ᱦᱩᱰᱤᱧ ᱦᱩᱰᱤᱧ ᱛᱩᱲᱟᱹ ᱨᱮ ᱫᱟᱜ ᱫᱟᱜ ᱥᱟᱧᱪᱟᱣ ᱟᱨ ᱥᱟᱵ ᱫᱚᱦᱚ, ᱡᱟᱦᱟᱸ ᱫᱚ ᱨᱟᱛᱟᱝ ᱫᱤᱱ ᱞᱮᱠᱟ ᱠᱷᱚᱨᱟ ᱫᱤᱱ ᱨᱮ ᱥᱮᱪ ᱞᱟᱹᱜᱤᱫ ᱵᱮᱣᱦᱟᱨ ᱦᱩᱭ ᱫᱟᱲᱮᱭᱟᱜᱼᱟ ᱾"
263,ᱪᱮᱫ ᱚᱡᱮᱛᱮ ᱫᱟᱜ ᱥᱟᱧᱪᱟᱣ ᱨᱮᱭᱟᱜ ᱦᱚᱨᱟ ᱠᱚ ᱜᱚᱴᱟᱼᱵᱩᱴᱟᱹ ᱞᱮᱠᱟᱛᱮ ᱵᱮᱣᱦᱟᱨ ᱦᱩᱭᱩᱜ ᱠᱟᱱᱟ ᱾,ᱱᱚᱶᱟ ᱦᱚᱨᱟ ᱠᱚᱫᱚ ᱩᱱ ᱚᱠᱛᱚ ᱜᱮ ᱮᱥᱮᱨᱟᱱ ᱦᱳᱭᱳᱜᱼᱟ ᱡᱚᱠᱷᱚᱱ ᱚᱱᱟ ᱠᱚ ᱱᱟᱯᱟᱭ ᱟᱨ ᱢᱤᱫ ᱥᱟᱶᱛᱮ ᱵᱮᱣᱦᱟᱨ ᱦᱳᱭᱳᱜᱼᱟ; ᱵᱮᱼᱵᱩᱴᱟᱹ ᱵᱮᱶᱦᱟᱨ ᱚᱱᱟ ᱠᱚ ᱨᱮᱭᱟᱜ ᱮᱥᱮᱨ ᱠᱚᱢ ᱫᱟᱲᱮᱭᱟᱜᱼᱟ ᱟᱨ ᱠᱟᱹᱢᱤ ᱞᱮᱠᱟᱛᱮ ᱫᱟᱜ ᱥᱟᱧᱪᱟᱣ ᱨᱮ ᱵᱟᱝ ᱥᱤᱜᱤᱞ ᱦᱩᱭ ᱫᱟᱲᱮᱭᱟᱜᱼᱟ ᱾
264,ᱪᱮᱫ ᱚᱡᱮᱛᱮ ᱵᱤᱨᱟᱰᱟᱹ ᱫᱚ ᱪᱟᱥ ᱟᱨᱡᱟᱣ ᱨᱮ ᱢᱤᱫᱴᱟᱝ ᱢᱟᱨᱟᱝ ᱵᱚᱱᱫᱮᱡ ᱢᱮᱱᱛᱮ ᱢᱚᱱᱮ ᱦᱩᱭᱩᱜ ᱠᱟᱱᱟ?,"ᱞᱚᱫᱚᱢ ᱫᱚ ᱢᱤᱫᱴᱟᱝ ᱢᱟᱨᱟᱝ ᱵᱚᱱᱫᱮᱡ ᱚᱡᱮ ᱫᱚ ᱱᱚᱶᱟᱠᱚ ᱫᱚ ᱥᱩᱱᱤᱯ, ᱫᱟᱜ, ᱱᱩᱴᱨᱤᱥᱚᱱ ᱟᱨ ᱴᱷᱟᱶ ᱞᱟᱹᱜᱤᱫ ᱯᱷᱚᱞᱚᱠ ᱥᱟᱞᱟᱜ ᱠᱚ ᱦᱮᱯᱨᱟᱣᱼᱟ, ᱟᱨ ᱱᱚᱶᱟ ᱥᱟᱶ ᱥᱟᱶᱛᱮ ᱞᱟᱹᱞᱤᱥ ᱟᱨ ᱯᱮᱛᱷᱳᱡᱮᱱ ᱠᱚ ᱫᱚᱦᱚᱼᱟ ᱾ ᱱᱚᱶᱟ ᱫᱚ ᱪᱟᱥ ᱟᱨᱡᱟᱣ ᱨᱮᱭᱟᱜ ᱯᱚᱨᱤᱢᱟᱱ ᱟᱨ ᱜᱚᱱᱚᱝ ᱵᱟᱱᱟᱨ ᱜᱮ ᱠᱚᱢᱼᱟ ᱟᱨ ᱪᱟᱥ ᱨᱮᱭᱟᱜ ᱠᱷᱚᱨᱪᱟ ᱵᱟᱹᱲᱛᱤᱼᱟ ᱾"
265,ᱠᱟᱢᱟᱱᱟᱜ ᱚᱡᱮ ᱠᱚ ᱵᱤᱨᱤᱫ ᱚᱡᱮᱛᱮ ᱟᱨᱡᱟᱣ ᱦᱟᱹᱱ ᱮ ᱮᱥᱮᱨᱼᱟ?,"ᱵᱤᱨᱤᱫ ᱟᱨ ᱪᱟᱥ ᱨᱮᱭᱟᱜ ᱞᱮᱠᱟᱱ, ᱵᱤᱨᱤᱫ ᱨᱮᱭᱟᱜ ᱜᱟᱹᱱᱛᱤ, ᱵᱤᱨᱤᱫ ᱵᱮᱱᱟᱣ ᱨᱮᱭᱟᱜ ᱚᱠᱛᱚ, ᱟᱨ ᱯᱷᱚᱞᱮᱼ ᱵᱤᱨᱤᱫ ᱦᱮᱯᱨᱟᱣ ᱨᱮᱭᱟᱜ ᱞᱟᱹᱠᱛᱤᱭᱟᱱ ᱚᱠᱛᱚ ᱞᱮᱠᱟᱱ ᱚᱡᱮ ᱠᱚ ᱪᱮᱛᱟᱱ ᱨᱮ ᱯᱚᱨᱤᱢᱟᱱ ᱨᱮᱭᱟᱜ ᱦᱟᱹᱱ ᱴᱮᱦᱟᱴᱚᱜᱼᱟ ᱾"
266,ᱟᱢ ᱪᱮᱫ ᱮᱢ ᱦᱩᱭ ᱫᱟᱲᱮᱭᱟᱜᱼᱟ ᱡᱩᱫᱤ ᱯᱷᱚᱞᱟᱹ ᱵᱤᱨ ᱨᱮ ᱵᱮ ᱥᱟᱢᱵᱲᱟᱣ ᱫᱚᱦᱚ ᱦᱩᱭᱩᱜᱼᱟ ᱾,"ᱡᱚᱫᱤ ᱵᱟᱝ ᱥᱟᱢᱵᱲᱟᱣ ᱫᱚᱦᱚ ᱦᱳᱭᱳᱜᱼᱟ, ᱮᱱᱠᱷᱟᱱ ᱵᱮᱼᱵᱟᱹᱲᱤᱡ ᱩᱯᱟᱹᱭ ᱞᱟᱹᱜᱤᱫ ᱯᱷᱚᱞᱚᱠ ᱥᱟᱞᱟᱜ ᱟᱹᱰᱤ ᱜᱟᱱ ᱦᱮᱯᱨᱟᱣ ᱠᱷᱟᱹᱛᱤᱨ ᱛᱮ ᱵᱤᱨᱤᱫ ᱠᱚ 100% ᱠᱷᱮᱹᱞ ᱨᱮᱭᱟᱜ ᱦᱟᱹᱱ ᱨᱮᱭᱟᱜ ᱚᱡᱮ ᱦᱩᱭ ᱫᱟᱲᱮᱭᱟᱜᱼᱟ ᱾"
267,ᱪᱮᱫ ᱚᱡᱮᱛᱮ ᱵᱮᱱᱟᱣᱟᱱ ᱫᱤᱥᱚᱢ ᱠᱚ ᱨᱮ ᱛᱤ ᱛᱮ ᱱᱟᱰᱩ ᱫᱚ ᱠᱚᱢ ᱥᱟᱫᱷᱟᱨᱚᱱ ᱦᱩᱭ ᱟᱠᱟᱱᱟ?,ᱰᱷᱮᱨᱚᱜ ᱠᱟᱱ ᱪᱟᱥ ᱠᱟᱹᱢᱤ ᱨᱮᱭᱟᱜ ᱠᱷᱚᱨᱪᱟ ᱟᱨ ᱟᱛᱳ ᱨᱮᱱ ᱠᱟᱹᱢᱤᱭᱟᱹ ᱠᱚ ᱥᱟᱦᱟᱨ ᱴᱚᱴᱷᱟ ᱨᱮ ᱪᱟᱞᱟᱣ ᱞᱮᱱ ᱚᱡᱮᱛᱮ ᱛᱤ ᱛᱮ ᱱᱟᱲᱟᱝ ᱫᱚ ᱠᱚᱢᱚᱜ ᱠᱟᱱᱟ ᱾
268,ᱦᱟᱨᱵᱤᱥᱟᱭᱰᱤᱥ ᱪᱮᱛᱟᱱ ᱟᱹᱰᱤ ᱰᱷᱮᱨ ᱴᱮᱦᱟᱴ ᱠᱷᱟᱹᱛᱤᱨᱛᱮ ᱪᱮᱫ ᱟᱱᱟᱴ ᱦᱮᱡ ᱟᱠᱟᱱᱟ?,"ᱢᱤᱫ ᱞᱮᱠᱟᱱ ᱠᱟᱹᱢᱤ ᱦᱚᱨᱟ ᱥᱟᱶ ᱵᱤᱨᱰᱤᱥᱟᱭᱰᱤᱥ ᱪᱮᱛᱟᱱ ᱟᱹᱰᱤ ᱰᱷᱮᱨ ᱴᱮᱦᱟᱴ ᱨᱮᱭᱟᱜ ᱚᱡᱮ ᱫᱚ ᱵᱤᱨᱰᱤᱥᱟᱭᱤᱥᱼᱨᱟᱥᱤ ᱵᱤᱨᱤᱫ ᱨᱮᱭᱟᱜ ᱩᱛᱱᱟᱹᱣ ᱦᱩᱭ ᱟᱠᱟᱱᱟ, ᱡᱮᱜᱮᱫ ᱨᱮᱭᱟᱜ 500 ᱜᱚᱴᱟᱝ ᱠᱷᱚᱱ ᱦᱚᱸ ᱰᱷᱮᱨ ᱜᱮᱢᱟᱜᱟᱱ ᱜᱮᱢᱮᱧ ᱨᱮᱭᱟᱜ ᱰᱚᱜᱚᱨ ᱢᱮᱱᱟᱜᱼᱟ ᱾"
269,ᱵᱨᱟᱣᱩᱱ ᱥᱟᱨᱵᱷᱟᱨ ᱫᱚ ᱪᱮᱫ?,"ᱵᱨᱟᱣᱩᱱ ᱥᱟᱨᱩᱨᱤᱝ ᱫᱚ ᱦᱩᱭᱩᱜ ᱠᱟᱱᱟ ᱥᱚᱨᱟᱥᱟᱹᱨᱤ ᱞᱮᱠᱟᱛᱮ ᱵᱤᱨᱤᱫ ᱨᱮᱭᱟᱜ ᱢᱤᱫᱴᱟᱝ ᱨᱩᱯ, ᱡᱟᱦᱟᱸ ᱨᱮ ᱢᱩᱲᱩᱫ ᱪᱟᱥ ᱥᱳᱨᱥᱳᱯᱳᱨ ᱨᱮ ᱥᱚᱨᱟᱥᱚᱨᱤ ᱥᱟᱨ ᱨᱮᱭᱟᱜ ᱪᱟᱥ ᱦᱳᱭᱳᱜᱼᱟ ᱟᱨ ᱚᱱᱟ ᱛᱟᱭᱚᱢ ᱚᱛᱢᱚᱱ ᱢᱟᱲᱟᱝ ᱨᱮ ᱢᱤᱫᱴᱟᱝ ᱵᱟᱪᱷᱱᱟᱣ ᱵᱤᱨᱵᱟᱥᱤᱰᱤᱥᱟᱭᱰ ᱵᱮᱣᱦᱟᱨ ᱠᱟᱛᱮ ᱥᱩᱠᱷᱟᱹᱣ ᱦᱳᱭᱳᱜᱼᱟ, ᱡᱟᱦᱟᱸ ᱠᱷᱟᱹᱛᱤᱨ ᱛᱮ ᱩᱱᱠᱩ ᱫᱚ ᱵᱤᱨᱤᱫ ᱨᱮ ᱥᱳᱯᱨᱳᱥ ᱦᱳᱭᱳᱜᱼᱟ ᱾"
270,ᱱᱚᱶᱟ ᱫᱚ ᱵᱨᱟᱣᱩᱱ ᱯᱷᱟᱨᱩᱭᱤᱝ ᱪᱮᱫ ᱞᱟᱹᱜᱤᱫ ᱠᱚ ᱢᱮᱱᱚᱜᱼᱟ?,"ᱱᱚᱶᱟ ᱫᱚ ᱵᱨᱟᱣᱩᱱ ᱯᱷᱟᱨᱩᱭᱤᱝ ᱠᱚ ᱢᱮᱱᱚᱜᱼᱟ, ᱚᱡᱮ ᱫᱚ ᱚᱛᱢᱚᱱᱤᱥᱟᱭᱰ ᱥᱯᱨᱮᱹ ᱫᱟᱨᱟᱭ ᱛᱮ ᱥᱮᱪ ᱞᱮᱱ ᱛᱟᱭᱚᱢ ᱜᱟᱹᱨᱰᱩ ᱯᱷᱟᱨᱵᱷ ᱫᱚ ᱵᱨᱟᱣᱩᱱ ᱦᱳᱭᱳᱜᱼᱟ ᱾"
271,ᱵᱨᱟᱣᱩᱱ ᱥᱟᱨᱵᱷᱟᱨ ᱞᱟᱹᱜᱤᱫ ᱯᱷᱚᱞᱮ ᱵᱟᱪᱷᱱᱟᱣ ᱚᱠᱛᱚ ᱪᱮᱫ ᱚᱡᱮ ᱠᱚ ᱩᱭᱦᱟᱹᱨ ᱦᱩᱭᱩᱜ ᱛᱟᱢᱟ?,"ᱪᱟᱥ ᱠᱚᱫᱚ ᱢᱩᱲᱩᱫ ᱪᱟᱥ ᱥᱟᱶᱛᱮ ᱯᱚᱨᱤᱢᱟᱱ ᱨᱮᱭᱟᱜ ᱩᱯᱟᱹᱭ ᱵᱮᱣᱦᱟᱨ ᱦᱳᱭᱳᱜᱼᱟ, ᱦᱚᱭᱵᱩᱫᱥᱤᱫ ᱨᱮ نائᱴᱨᱳᱡᱮᱱ (ᱥᱚᱨᱮᱥ ᱞᱮᱠᱟᱛᱮ ᱫᱟᱹᱨᱰᱩ) ᱛᱷᱟᱯᱚᱱ ᱦᱳᱭᱳᱜᱼᱟ, ᱟᱹᱰᱤ ᱵᱟᱹᱲᱛᱤ ᱡᱟᱱᱟᱢ ᱦᱳᱭᱳᱜᱼᱟ, ᱟᱹᱰᱤ ᱰᱷᱮᱨ ᱡᱮᱣᱟᱱᱟᱜ ᱯᱚᱨᱤᱢᱟᱱ ᱵᱮᱱᱟᱣ ᱦᱳᱭᱳᱜᱼᱟ, ᱵᱤᱨᱤᱫ ᱥᱟᱞᱟᱜ ᱱᱟᱯᱟᱭ ᱦᱮᱯᱨᱟᱣ ᱦᱳᱭᱳᱜᱼᱟ, ᱚᱛᱚᱢ ᱨᱮᱭᱟᱜ ᱱᱟᱯᱟᱭ ᱯᱚᱨᱤᱢᱟᱱ ᱮᱢ ᱦᱳᱭᱳᱜᱼᱟ, ᱟᱨ ᱠᱚᱢ ᱜᱚᱱᱚᱝ ᱨᱮ ᱟᱨ ᱟᱞᱜᱟᱛᱮ ᱧᱟᱢ ᱫᱟᱲᱮᱹᱭᱟᱜᱼᱟ ᱾"
272,ᱵᱨᱟᱣᱩᱱ ᱥᱟᱨᱵᱷᱟᱨ ᱞᱟᱹᱜᱤᱫ ᱪᱮᱫ ᱚᱡᱮᱛᱮ ᱯᱮᱞᱤᱢᱤᱱᱟᱥ ᱯᱷᱚᱞᱠᱚ ᱵᱷᱟᱞᱮ ᱮᱢ ᱦᱩᱭᱩᱜᱼᱟ?,"ᱯᱮᱡᱤ ᱟᱱᱟᱜ ᱪᱟᱥ ᱠᱚ ᱥᱚᱨᱮᱥ ᱠᱚᱨᱟᱣ ᱦᱳᱭᱳᱜᱼᱟ ᱪᱮᱫᱟᱜ ᱥᱮ ᱱᱚᱶᱟᱠᱚ ᱦᱚᱭᱦᱩᱫᱥᱮᱫ ᱨᱮ نائᱴᱨᱳᱡᱮᱱ ᱠᱚ ᱛᱷᱟᱯᱚᱱᱼᱟ, ᱚᱛᱚᱢ ᱨᱮᱭᱟᱜ ᱫᱟᱲᱮᱹᱣᱟᱱᱟᱜ ᱫᱟᱲᱮᱹᱭᱟᱜᱼᱟ ᱟᱨ ᱚᱛᱚᱢ ᱨᱮ ᱡᱳᱨᱱᱤᱠ ᱯᱚᱨᱤᱢᱟᱱ ᱥᱮᱞᱮᱫᱚᱜᱼᱟ ᱾"
273,ᱵᱨᱟᱣᱩᱱ ᱥᱟᱨᱵᱷᱟᱨ ᱞᱟᱹᱜᱤᱫ ᱥᱟᱫᱷᱟᱨᱚᱱ ᱞᱮᱠᱟᱛᱮ ᱵᱮᱣᱦᱟᱨᱚᱜ ᱠᱟᱱ ᱪᱟᱥ ᱨᱮᱭᱟᱜ ᱫᱟᱹᱭᱠᱟᱹ ᱮᱢ ᱢᱮ ᱾,"ᱥᱟᱫᱷᱟᱨᱚᱱ ᱪᱟᱥ ᱠᱚ ᱢᱩᱫᱽᱨᱮ ᱢᱮᱱᱟᱜᱼᱟ ᱫᱟᱝᱪᱟ, ᱥᱚᱱ ᱦᱮᱢᱯ ᱟᱨ ᱠᱟᱣᱯ ᱞᱮᱠᱟᱱ ᱫᱟᱨᱤ, ᱮᱴᱟᱜ ᱥᱮᱪ ᱱᱟᱭᱜᱟᱨ ᱟᱨ ᱵᱤᱨ ᱱᱤᱞ ᱞᱮᱠᱟᱱ ᱵᱟᱝ ᱫᱟᱨᱤ ᱥᱟᱫᱷᱟᱨᱚᱱ ᱞᱮᱠᱟᱛᱮ ᱠᱚᱢ ᱵᱮᱣᱦᱟᱨᱚᱜᱼᱟ ᱾"
274,ᱵᱨᱟᱣᱩᱱ ᱥᱟᱨᱵᱷᱟᱨ ᱞᱟᱹᱜᱤᱫ ᱪᱮᱫ ᱚᱡᱮᱛᱮ ᱢᱤᱫᱴᱟᱝ ᱥᱤᱨᱤᱟᱞᱼᱞᱤᱜᱤᱭᱩᱢ ᱨᱮᱭᱟᱜ ᱡᱳᱜᱟᱡᱳᱜ ᱫᱚ ᱥᱚᱨᱮᱥ ᱢᱮᱱᱛᱮ ᱢᱚᱱᱮ ᱦᱩᱭᱩᱜᱼᱟ?,"ᱱᱚᱶᱟ ᱡᱳᱜᱟᱡᱳᱜ ᱫᱚ ᱥᱚᱨᱮᱥ, ᱚᱡᱮ ᱫᱚ ᱫᱟᱹᱨᱰᱩ ᱱᱟᱹᱴᱨᱟᱡᱮᱱ ᱫᱚ ᱵᱚᱱᱚᱫᱚᱞᱼᱟ, ᱡᱟᱦᱟᱸ ᱫᱚ اناج ᱠᱚ ᱵᱮᱶᱦᱟᱨ ᱫᱟᱲᱮᱭᱟᱜᱼᱟ, ᱡᱟᱦᱟᱸ ᱨᱮᱭᱟᱜ ᱚᱡᱮ ᱫᱚ ᱰᱷᱮᱨ ᱟᱨᱡᱟᱣ, ᱚᱛᱚᱢ ᱨᱮᱭᱟᱜ ᱫᱟᱲᱮ ᱟᱨ ᱫᱟᱲᱮ ᱾"
275,ᱵᱨᱟᱣᱩᱱ ᱥᱟᱨᱩᱨᱤᱱ ᱫᱚ ᱪᱮᱫ ᱞᱮᱠᱟᱛᱮ ᱞᱟᱹᱞᱤᱥ ᱥᱟᱢᱵᱲᱟᱣ ᱨᱮ ᱜᱚᱲᱚ ᱮᱢᱼᱟ?,ᱵᱨᱟᱣᱩᱱ ᱥᱟᱨᱵᱷᱟᱨ ᱯᱷᱚᱞᱮ ᱵᱮᱱᱟᱣ ᱨᱮᱭᱟᱜ ᱮᱛᱚᱦᱚᱵ ᱚᱠᱛᱮ ᱨᱮ ᱠᱷᱮᱞᱳᱰ ᱟᱨ ᱚᱛ ᱨᱮᱭᱟᱜ ᱯᱚᱨᱫᱟ ᱮᱢ ᱛᱟᱞᱟᱛᱮ ᱵᱤᱨ ᱨᱮᱭᱟᱜ ᱵᱟᱹᱲᱛᱤ ᱫᱚ ᱮ ᱵᱚᱱᱚᱫᱚᱞᱼᱟ ᱾
276,ᱵᱨᱟᱣᱩᱱ ᱥᱟᱨᱩᱨᱤᱱ ᱨᱮᱭᱟᱜ ᱚᱛ ᱨᱮᱭᱟᱜ ᱱᱟᱯᱟᱭ ᱜᱚᱱᱚᱝ ᱪᱮᱫ?,"ᱱᱚᱶᱟ ᱫᱚ ᱡᱩᱭᱟᱹᱱᱟᱱ ᱠᱟᱨᱵᱚᱱ ᱮ ᱵᱟᱹᱲᱛᱤᱣᱟ, ᱚᱛ ᱨᱮᱭᱟᱜ ᱵᱚᱱᱫᱮᱡ ᱮ ᱵᱟᱹᱲᱛᱤᱣᱟ, ᱡᱩᱭᱟᱹᱱᱟᱱ ᱠᱟᱹᱢᱤ ᱦᱚᱨᱟ ᱮ ᱵᱟᱹᱲᱛᱤᱣᱟ ᱟᱨ ᱚᱛ ᱨᱮᱭᱟᱜ ᱡᱩᱭᱟᱹᱱᱤᱠ ᱠᱮᱢᱤᱠᱮᱞ ᱯᱚᱨᱛᱤ ᱠᱚ ᱵᱟᱹᱲᱛᱤᱣᱟ ᱾"
277,ᱵᱨᱟᱣᱩᱱ ᱥᱟᱨᱵᱷᱟᱨ ᱫᱟᱜ ᱥᱟᱧᱪᱟᱣ ᱨᱮ ᱪᱮᱫ ᱞᱮᱠᱟᱛᱮ ᱮᱥᱮᱨ ᱟᱠᱟᱫᱟᱭ?,"ᱱᱚᱶᱟ ᱫᱚ ᱚᱛ ᱨᱮᱭᱟᱜ ᱯᱚᱨᱫᱟ ᱮᱢ ᱠᱟᱛᱮ, ᱚᱵᱷᱟᱵᱽ ᱠᱚᱢ ᱠᱟᱛᱮ, ᱟᱨ ᱫᱟᱜ ᱨᱮᱭᱟᱜ ᱰᱟᱣᱩᱱᱞ ᱟᱨ ᱦᱚᱭ ᱨᱮᱭᱟᱜ ᱜᱷᱟᱹᱞ ᱠᱚᱢ ᱠᱟᱛᱮ ᱚᱛ ᱨᱮᱭᱟᱜ ᱫᱟᱜ ᱥᱟᱧᱪᱟᱣ ᱫᱚᱦᱚᱼᱟ ᱾"
278,ᱪᱟᱥᱤᱭᱟᱹ ᱠᱚ ᱞᱟᱹᱜᱤᱫ ᱵᱨᱟᱣᱩᱱ ᱥᱟᱨᱵᱷᱟᱨ ᱨᱮᱭᱟᱜ ᱠᱟᱣᱰᱤ ᱠᱟᱹᱣᱰᱤ ᱟᱹᱨᱤ ᱜᱚᱱᱚᱝ ᱢᱮᱱᱟᱜᱼᱟ?,"ᱱᱚᱶᱟ ᱵᱤᱱᱤᱭᱳᱜ ᱨᱮᱭᱟᱜ ᱠᱷᱚᱨᱪᱟ ᱠᱚᱢᱼᱟ (ᱡᱟᱦᱟᱸ ᱞᱮᱠᱟ ᱥᱟᱨ), ᱟᱨᱡᱟᱣ ᱵᱟᱹᱲᱛᱤᱼᱟ, ᱚᱛᱢᱚᱱ ᱫᱟᱲᱮ ᱵᱟᱹᱲᱛᱤᱼᱟ ᱟᱨ ᱡᱚᱛᱚ ᱠᱷᱚᱱ ᱰᱷᱮᱨ ᱟᱨᱡᱟᱣ ᱫᱟᱲᱮ ᱵᱟᱹᱲᱛᱤᱼᱟ ᱾"
279,ᱵᱨᱟᱣᱩᱱ ᱥᱟᱨᱵᱷᱟᱨ ᱫᱚ ᱪᱮᱫ ᱞᱟᱹᱜᱤᱫ ᱮᱠᱳᱹᱴᱼᱯᱷᱨᱤᱱᱰᱤᱞ ᱢᱮᱱᱛᱮ ᱢᱚᱱᱮ ᱦᱩᱭᱩᱜᱼᱟ?,"ᱱᱚᱶᱟ ᱫᱚ ᱥᱱᱛᱷᱮᱴᱤᱠ ᱦᱟᱨᱵᱤᱥᱟᱭᱰᱤᱥ ᱪᱮᱛᱟᱱ ᱴᱮᱦᱟᱴ ᱠᱚᱢᱼᱟ, ᱚᱛᱢᱚᱱ ᱨᱮᱭᱟᱜ ᱱᱟᱯᱟᱭ ᱵᱟᱹᱲᱛᱤᱼᱟ, ᱫᱟᱜ ᱥᱟᱧᱪᱟᱣ ᱫᱚᱦᱚᱼᱟ ᱟᱨ ᱵᱷᱟᱞᱮᱠᱟᱱ ᱪᱟᱥ ᱦᱚᱨᱟ ᱠᱚ ᱜᱚᱲᱚᱼᱟ ᱾"
280,ᱵᱨᱟᱣᱩᱱ ᱥᱟᱨᱵᱷᱟᱨ ᱦᱟᱛᱟᱣ ᱠᱷᱟᱹᱛᱤᱨ ᱡᱟᱦᱟᱸᱭ ᱫᱚ ᱡᱚᱛᱚ ᱠᱷᱚᱱ ᱰᱷᱮᱨ ᱥᱤᱜᱤᱞ ᱮ ᱧᱟᱢ ᱫᱟᱲᱮᱭᱟᱜᱼᱟ?,"ᱥᱟᱧᱪᱟᱣᱼᱟᱱ ᱟᱨ ᱞᱟᱛᱟᱨ ᱨᱮ ᱢᱮᱱᱟᱜ ᱵᱤᱨᱤᱭᱟᱹ ᱠᱚ ᱡᱚᱛᱚ ᱠᱷᱚᱱ ᱰᱷᱮᱨ ᱠᱚ ᱵᱷᱟᱞᱮ ᱧᱟᱢ ᱫᱟᱲᱮᱭᱟᱜᱼᱟ ᱪᱮᱫᱟᱜ ᱥᱮ ᱱᱚᱶᱟ ᱫᱚ ᱠᱷᱚᱨᱪᱟᱼᱟᱱ, ᱦᱟᱛᱟᱣ ᱞᱟᱹᱜᱤᱫ ᱟᱞᱜᱟ ᱟᱨ ᱵᱮᱱᱟᱣ ᱫᱟᱲᱮᱹᱭᱟᱜᱼᱟ ᱾"
281,ᱪᱟᱥ ᱨᱮ ᱵᱨᱟᱣᱩᱱ ᱥᱟᱨᱵᱷᱟᱨ ᱨᱮᱭᱟᱜ ᱥᱟᱱᱟᱢᱟᱜ ᱜᱚᱱᱚᱝ ᱪᱮᱫ?,"ᱵᱨᱟᱣᱩᱱ ᱯᱷᱟᱨᱩᱭᱝ ᱫᱚ ᱦᱩᱭᱩᱜ ᱠᱟᱱᱟ ᱢᱤᱫᱴᱟᱝ ᱱᱟᱶᱟᱱ, ᱮᱥᱮᱨᱼᱥᱩᱢᱟᱹᱱᱟᱱ ᱵᱤᱨ ᱵᱚᱱᱫᱮᱡ ᱵᱚᱱᱫᱮᱡ ᱦᱚᱨᱟ ᱡᱟᱦᱟᱸ ᱫᱚ ᱚᱛᱢᱚᱱ ᱨᱮᱭᱟᱜ ᱱᱟᱯᱟᱭ ᱵᱟᱹᱲᱛᱤᱼᱟ, ᱩᱯᱚᱥᱚᱫᱚᱞ ᱠᱚ ᱥᱟᱧᱪᱟᱣᱼᱟ, ᱯᱷᱚᱞᱮ ᱵᱮᱱᱟᱣ ᱫᱟᱲᱮᱹᱭᱟᱜᱼᱟ ᱟᱨ ᱪᱟᱥᱤᱭᱟᱹ ᱠᱚ ᱠᱟᱹᱣᱰᱤ ᱟᱹᱨᱤ ᱞᱮᱠᱟᱛᱮ ᱥᱤᱜᱤᱞᱮ ᱧᱟᱢᱼᱟ ᱾"
282,ᱱᱟᱦᱟᱜ ᱚᱠᱛᱚ ᱨᱮ ᱪᱮᱫ ᱚᱡᱮᱛᱮ ᱪᱟᱥ ᱫᱚ ᱰᱷᱮᱨᱚᱜ ᱠᱟᱱ ᱟᱱᱟᱴ ᱠᱚ ᱥᱟᱢᱟᱝ ᱫᱟᱯᱨᱟᱢ ᱟᱠᱟᱱᱟ?,"ᱦᱚᱭᱦᱚᱫᱚᱢ ᱵᱚᱱᱚᱫᱚᱞ, ᱜᱷᱟᱹᱞ, ᱨᱳᱜᱽ ᱟᱨ ᱥᱤᱢᱤᱛ ᱩᱯᱟᱹᱭ ᱞᱮᱠᱟᱱ ᱚᱡᱮ ᱠᱚ ᱫᱟᱨᱟᱭ ᱛᱮ ᱪᱟᱥ ᱵᱚᱱᱚᱫᱚᱞᱚᱜ ᱠᱟᱱᱟ, ᱡᱟᱦᱟᱸ ᱫᱚ ᱵᱮᱱᱟᱣ ᱫᱟᱲᱮ ᱟᱨ ᱫᱚᱦᱚ ᱫᱟᱲᱮ ᱠᱚᱢᱼᱟ ᱾"
283,ᱪᱟᱥ ᱨᱮᱭᱟᱜ ᱰᱨᱚᱱ ᱠᱚ ᱪᱮᱫ?,"ᱪᱟᱥ ᱨᱮᱭᱟᱜ ᱰᱨᱚᱱᱠᱚ, ᱡᱟᱦᱟᱸ ᱫᱚ ᱦᱚᱲ ᱟᱱᱢᱟᱱᱰ ᱮᱨᱤᱭᱟᱞ ᱵᱷᱤᱠᱮᱞ (ᱤᱭᱩ ᱮ ᱵᱷᱤ) ᱧᱩᱛᱩᱢ ᱛᱮ ᱦᱚᱸ ᱩᱯᱨᱩᱢᱟ, ᱚᱱᱟ ᱫᱚ ᱦᱩᱭᱩᱜ ᱠᱟᱱᱟ ᱟᱹᱰᱤ ᱥᱚᱨᱮᱥ ᱩᱯᱟᱹᱭ ᱡᱟᱦᱟᱸ ᱫᱚ ᱥᱤᱜᱤᱞ ᱞᱮᱠᱟᱛᱮ ᱧᱮᱞ ᱞᱟᱹᱜᱤᱫ, ᱮᱥᱯᱨᱟᱭ ᱞᱟᱹᱜᱤᱫ ᱟᱨ ᱪᱟᱥ ᱥᱟᱢᱲᱟᱣ ᱞᱟᱹᱜᱤᱫ ᱵᱮᱣᱦᱟᱨᱚᱜᱼᱟ ᱾"
284,ᱯᱷᱚᱞᱮ ᱥᱟᱢᱲᱟᱣ ᱞᱟᱹᱜᱤᱫ ᱰᱨᱚᱱ ᱵᱮᱣᱦᱟᱨ ᱨᱮᱭᱟᱜ ᱢᱩᱲᱩᱫ ᱱᱟᱯᱟᱭ ᱠᱚ ᱪᱮᱫ?,"ᱰᱨᱚᱱᱠᱚ ᱟᱹᱰᱤ ᱰᱷᱮᱨ ᱠᱟᱹᱢᱤ ᱫᱟᱲᱮ, ᱠᱟᱹᱢᱤᱭᱟᱹ ᱠᱚᱣᱟᱜ ᱞᱟᱹᱠᱛᱤ ᱠᱚᱢ, ᱵᱮᱶᱦᱟᱨ ᱨᱮᱭᱟᱜ ᱵᱮᱶᱦᱟᱨ, ᱠᱤᱢᱤᱥᱟᱭᱰ ᱨᱮᱭᱟᱜ ᱦᱟᱹᱱ ᱠᱚᱢ ᱟᱨ ᱟᱹᱰᱤ ᱵᱟᱹᱲᱛᱤ ᱴᱚᱴᱷᱟ ᱨᱮ ᱟᱹᱰᱤ ᱜᱟᱹᱨᱫᱷᱟᱹᱛᱮ ᱯᱟᱥᱱᱟᱣ ᱨᱮᱭᱟᱜ ᱫᱟᱲᱮᱭ ᱮᱢᱼᱟ ᱾"
285,ᱰᱨᱚᱱ ᱠᱚ ᱪᱮᱫ ᱞᱮᱠᱟᱛᱮ ᱮᱢᱤᱥᱴᱟᱭᱰᱤᱥ ᱨᱮᱭᱟᱜ ᱵᱮᱣᱦᱟᱨ ᱮ ᱱᱟᱯᱟᱭᱼᱟ?,"ᱰᱨᱚᱱᱠᱚ ᱱᱟᱯᱟᱭ ᱟᱨ ᱢᱤᱫ ᱞᱮᱠᱟᱱ ᱮᱥᱯᱨᱮᱭ ᱮᱢᱼᱟ, ᱡᱟᱦᱟᱸ ᱫᱚ ᱢᱮᱱᱩᱞ ᱦᱚᱨᱟ ᱠᱷᱟᱹᱛᱤᱨ ᱛᱮ ᱵᱟᱝ ᱵᱮᱣᱦᱟᱨ ᱟᱨ ᱨᱚᱥᱤᱭᱟᱱᱟᱜ ᱵᱮᱶᱦᱟᱨ ᱠᱚᱢᱼᱟ ᱾"
286,ᱰᱨᱚᱱ ᱠᱚ ᱪᱮᱫ ᱞᱮᱠᱟᱛᱮ ᱚᱱᱟ ᱴᱚᱴᱷᱟ ᱨᱮ ᱜᱚᱲᱚ ᱠᱚ ᱮᱢᱼᱟ ᱡᱟᱦᱟᱸ ᱴᱚᱴᱷᱟ ᱨᱮ ᱥᱮᱴᱮᱨ ᱫᱚ ᱟᱹᱰᱤ ᱟᱱᱟᱴ ᱠᱟᱱᱟ ᱾,"ᱰᱨᱚᱱ ᱠᱚᱫᱚ ᱵᱮᱼᱵᱟᱹᱛᱤᱞ ᱞᱮᱠᱟᱛᱮ ᱥᱮ ᱢᱮᱥᱤᱱᱼᱵᱮᱹᱰ ᱦᱚᱨᱟ ᱞᱮᱠᱟᱛᱮ, ᱯᱷᱚᱞᱮ ᱨᱮᱭᱟᱜ ᱦᱟᱹᱱ ᱵᱟᱝ ᱠᱟᱛᱮ ᱟᱹᱰᱤ ᱟᱞᱜᱟᱛᱮ ᱞᱚᱫᱟᱢ ᱚᱛᱢᱚᱱ, ᱥᱮᱪ ᱟᱨ ᱚᱛᱢᱚᱱ ᱨᱮ ᱥᱮᱴᱮᱨ ᱫᱟᱲᱮᱹᱭᱟᱜᱼᱟ ᱾"
287,ᱰᱨᱚᱱ ᱠᱚ ᱪᱮᱫ ᱞᱮᱠᱟᱛᱮ ᱪᱟᱥ ᱨᱮᱭᱟᱜ ᱟᱱᱟᱴ ᱠᱚ ᱢᱟᱲᱟᱝ ᱠᱷᱚᱱ ᱜᱮ ᱵᱟᱰᱟᱭ ᱞᱟᱹᱜᱤᱫ ᱜᱚᱲᱚ ᱠᱚ ᱮᱢᱼᱟ?,"ᱤᱱᱯᱷᱨᱟᱨᱮᱰ ᱠᱮᱢᱮᱨᱟ ᱟᱨ ᱥᱮᱱᱥᱳᱨ ᱥᱟᱶ ᱰᱨᱚᱱ ᱠᱚᱫᱚ ᱱᱟᱦᱟᱜ ᱚᱠᱛᱚ ᱨᱮ ᱯᱷᱚᱞᱮ ᱨᱮᱭᱟᱜ ᱱᱟᱯᱟᱭ ᱵᱤᱪᱷᱱᱟᱶ ᱛᱟᱞᱟᱛᱮ ᱮᱛᱚᱦᱚᱵ ᱥᱮᱫ ᱜᱮᱢᱮᱧ, ᱨᱳᱜᱽ ᱟᱨ ᱱᱩᱴᱤᱨᱮᱱᱴ ᱨᱮᱭᱟᱜ ᱠᱚᱢ ᱠᱚ ᱧᱮᱞ ᱫᱟᱲᱮᱹᱭᱟᱜᱼᱟ ᱾"
288,ᱰᱨᱚᱱ ᱨᱮᱭᱟᱜ ᱵᱮᱣᱦᱟᱨ ᱪᱮᱫ ᱞᱮᱠᱟᱛᱮ ᱦᱚᱭᱦᱩᱫᱤᱥ ᱨᱮᱭᱟᱜ ᱮᱥᱮᱨ ᱠᱚᱢᱼᱟ?,"ᱴᱟᱨᱜᱮᱴ ᱥᱯᱨᱟᱭ ᱠᱚᱨᱟᱣ ᱫᱟᱲᱮ ᱠᱟᱛᱮ, ᱰᱨᱚᱱ ᱠᱚᱫᱚ ᱠᱤᱢᱤᱥᱟᱭᱰᱤᱥ ᱟᱨ ᱵᱮᱣᱦᱟᱨ ᱫᱟᱜ ᱨᱮᱭᱟᱜ ᱯᱚᱨᱤᱢᱟᱱ ᱠᱚᱢᱼᱟ, ᱦᱚᱭᱦᱩᱫᱥᱩᱢᱟᱹᱧ ᱯᱚᱨᱟᱢᱚᱥ ᱠᱚᱢᱼᱟ ᱟᱨ ᱡᱳᱨ ᱫᱚᱦᱚ ᱫᱟᱲᱮᱭ ᱯᱟᱥᱱᱟᱣᱼᱟ ᱾"
289,ᱯᱷᱟᱢ ᱵᱚᱱᱫᱮᱡ ᱨᱮ ᱰᱨᱚᱱ ᱰᱮᱴᱟ ᱪᱮᱫ ᱮᱱᱮᱢᱮ ᱯᱟᱞᱟᱣᱼᱟ?,"ᱰᱨᱚᱱ ᱨᱮᱭᱟᱜ ᱛᱚᱛᱛᱟ ᱵᱤᱪᱷᱱᱟᱣᱟᱱᱟᱜ ᱪᱟᱥ ᱨᱮᱭᱟᱜ ᱢᱮᱯ ᱵᱮᱱᱟᱣ ᱨᱮ ᱜᱚᱲᱚ ᱮᱢᱼᱟ, ᱪᱟᱥ ᱵᱟᱹᱲᱛᱤ ᱨᱮᱭᱟᱜ ᱦᱚᱨᱟ ᱠᱚ ᱵᱤᱪᱷᱱᱟᱣᱟ ᱟᱨ ᱩᱯᱟᱹᱭᱟᱱ ᱵᱮᱣᱦᱟᱨ ᱨᱮ ᱜᱚᱲᱚ ᱮᱢᱼᱟ, ᱡᱟᱦᱟᱸ ᱫᱚ ᱟᱨᱦᱚᱸ ᱱᱟᱯᱟᱭ ᱜᱚᱴᱟ ᱦᱟᱛᱟᱣ ᱨᱮ ᱜᱚᱲᱚ ᱮᱢᱼᱟ ᱾"
290,ᱰᱨᱚᱱ ᱫᱚ ᱪᱮᱫ ᱞᱟᱹᱜᱤᱫ ᱟᱭᱢᱟ ᱫᱤᱱ ᱞᱟᱹᱜᱤᱫ ᱠᱷᱚᱨᱪᱟ ᱟᱱᱟᱜ ᱢᱮᱱᱛᱮ ᱢᱚᱱᱮ ᱦᱩᱭᱩᱜᱼᱟ?,"ᱮᱱᱦᱚᱸ ᱮᱛᱚᱦᱚᱵ ᱠᱷᱚᱨᱪᱟ ᱡᱟᱹᱥᱛᱤ, ᱰᱨᱚᱱ ᱠᱚᱫᱚ ᱠᱟᱹᱢᱤᱭᱟᱹ ᱠᱚ ᱠᱚᱢᱼᱟ, ᱤᱱᱯᱩᱴ ᱵᱮᱶᱦᱟᱨ ᱥᱚᱨᱮᱥᱼᱟ ᱟᱨ ᱡᱮᱞᱤ ᱨᱮᱭᱟᱜ ᱦᱟᱹᱱ ᱮ ᱵᱚᱱᱚᱫᱚᱞᱼᱟ, ᱡᱟᱦᱟᱸ ᱠᱷᱟᱹᱛᱤᱨ ᱛᱮ ᱟᱹᱰᱤ ᱫᱤᱱ ᱨᱮᱭᱟᱜ ᱠᱟᱹᱣᱰᱤ ᱟᱹᱨᱤ ᱜᱚᱱᱚᱝ ᱧᱟᱢᱚᱜᱼᱟ ᱾"
291,ᱠᱤᱢᱟᱱ ᱚᱡᱮ ᱠᱚ ᱯᱮᱥᱴᱟᱭᱰᱤᱥ ᱥᱯᱨᱟᱭ ᱨᱮ ᱰᱨᱚᱱ ᱨᱮᱭᱟᱜ ᱠᱟᱹᱢᱤ ᱫᱟᱲᱮᱭ ᱮᱥᱮᱨᱼᱟ?,"ᱠᱟᱹᱢᱤ ᱫᱟᱲᱮᱹᱭᱟᱜ ᱟ ᱰᱨᱳᱯᱞᱮᱴ ᱨᱮᱭᱟᱜ ᱯᱚᱨᱤᱢᱟᱱ, ᱦᱚᱭ ᱨᱮᱭᱟᱜ ᱜᱟᱹᱨᱰᱩ, ᱳᱲᱟᱹᱣ ᱨᱮᱭᱟᱜ ᱜᱟᱹᱨᱰᱩ, ᱩᱥᱩᱞ, ᱞᱚᱞᱟᱝ ᱟᱨ ᱟᱨᱩᱛᱤ ᱪᱮᱛᱟᱱ ᱨᱮ ᱴᱮᱦᱟᱴᱚᱜᱼᱟ ᱾"
292,ᱰᱨᱚᱱ ᱮᱥᱯᱨᱟᱭ ᱨᱮ ᱰᱨᱚᱯᱚᱞᱤᱴ ᱜᱩᱱᱥᱴᱤ ᱪᱮᱫ?,"ᱰᱨᱚᱯᱞᱤᱴ ᱜᱩᱱᱥᱴᱤ ᱦᱩᱭᱩᱜ ᱠᱟᱱᱟ ᱡᱚᱛᱚ ᱤᱭᱩᱱᱤᱴ ᱴᱚᱴᱷᱟ ᱨᱮ ᱰᱨᱚᱯᱞᱤᱴ ᱨᱮᱭᱟᱜ ᱞᱮᱠᱷᱟ, ᱡᱟᱦᱟᱸ ᱫᱚ ᱩᱫᱩᱜ ᱥᱚᱫᱚᱨᱼᱟ ᱡᱮ ᱥᱯᱨᱮᱹ ᱫᱚ ᱪᱮᱫ ᱞᱮᱠᱟ ᱠᱟᱹᱢᱤ ᱞᱮᱠᱟᱛᱮ ᱛᱚᱛᱚᱴᱚᱠ ᱠᱚ ᱯᱮᱨᱮᱪ ᱟᱠᱟᱫᱟ ᱾"
293,ᱰᱨᱚᱱ ᱥᱯᱨᱟᱭ ᱠᱚᱨᱟᱣ ᱨᱮ ᱚᱛ ᱨᱮᱭᱟᱜ ᱯᱚᱨᱤᱢᱟᱱ ᱪᱮᱫ ᱮ ᱩᱫᱩᱜᱟ?,"ᱪᱮᱛᱟᱱ ᱨᱮᱭᱟᱜ ᱯᱚᱨᱤᱢᱟᱱ ᱡᱚᱛᱚ ᱤᱭᱩᱱᱤᱴ ᱴᱚᱴᱷᱟ ᱨᱮ ᱰᱨᱳᱯᱞᱮᱴᱥ ᱫᱟᱨᱟᱭ ᱛᱮ ᱯᱮᱨᱮᱪ ᱟᱠᱟᱱ ᱴᱚᱴᱷᱟ ᱨᱮᱭᱟᱜ ᱯᱚᱨᱤᱢᱟᱱ ᱮᱢ, ᱡᱟᱦᱟᱸ ᱨᱮ ᱩᱫᱩᱜ ᱥᱚᱫᱚᱨ ᱟᱠᱟᱱᱟ ᱡᱮ ᱠᱤᱢᱟᱱ ᱞᱮᱠᱟᱛᱮ ᱠᱤᱢᱟᱱ "
294,ᱥᱯᱨᱟᱭ ᱠᱚᱨᱟᱣ ᱨᱮ ᱠᱳᱭᱮᱯᱷᱤᱥᱤᱱᱴ ᱚᱯᱷ ᱳᱣᱟᱨᱟᱭᱮᱥᱚᱱ (ᱥᱤᱹᱵᱷᱤ) ᱨᱮᱱᱟᱜ ᱜᱚᱱᱚᱝ ᱪᱮᱫ?,ᱵᱷᱮᱜᱟᱨ ᱨᱮᱭᱟᱜ ᱠᱳᱭᱮᱯᱷᱤᱥᱤᱱᱴ ᱰᱨᱚᱯᱞᱮᱴ ᱰᱤᱥᱴᱨᱤᱵᱷᱥᱚᱱ ᱨᱮᱭᱟᱜ ᱢᱤᱫ ᱞᱮᱠᱟ ᱩᱫᱩᱜ ᱥᱚᱫᱚᱨᱼᱟ; ᱞᱟᱛᱟᱨ ᱥᱤᱵᱷᱤ ᱨᱮᱭᱟᱜ ᱢᱮᱱᱮᱫ ᱟᱨᱦᱚᱸ ᱢᱤᱫ ᱞᱮᱠᱟᱱ ᱟᱨ ᱠᱟᱹᱢᱤᱣᱟᱱ ᱥᱯᱨᱮᱭᱤᱝ ᱾
295,ᱰᱨᱚᱯᱞᱮᱴ ᱰᱨᱤᱯᱷᱴ ᱫᱚ ᱪᱮᱫ ᱟᱨ ᱱᱚᱶᱟ ᱫᱚ ᱪᱮᱫ ᱚᱡᱮᱛᱮ ᱢᱤᱫᱴᱟᱝ ᱟᱱᱟᱴ ᱠᱟᱱᱟ?,"ᱰᱨᱚᱯᱞᱮᱴ ᱰᱨᱤᱯᱷᱴ ᱦᱳᱭᱳᱜᱼᱟ ᱡᱚᱠᱷᱚᱱ ᱮᱥᱯᱨᱮᱹᱰ ᱠᱤᱢᱤᱥᱴᱟᱭᱰᱤᱥ ᱡᱚᱥ ᱴᱚᱴᱷᱟ ᱨᱮ ᱥᱮᱴᱮᱨ ᱵᱟᱝ ᱦᱳᱭᱳᱜᱼᱟ, ᱡᱟᱦᱟᱸ ᱨᱮᱭᱟᱜ ᱚᱡᱮ ᱦᱩᱭᱩᱜ ᱠᱟᱱᱟ ᱚᱵᱷᱟᱵᱽ ᱟᱨ ᱦᱚᱭᱦᱩᱫᱥᱩᱢᱟᱹᱧ ᱾"
296,ᱠᱟᱹᱢᱤᱭᱟᱱ ᱰᱨᱚᱱ ᱮᱥᱯᱨᱮᱭᱤᱝ ᱞᱟᱹᱜᱤᱫ ᱥᱚᱨᱮᱥ ᱴᱷᱟᱶ ᱠᱚ ᱪᱮᱫ?,"ᱠᱟᱹᱢᱤᱭᱟᱱ ᱥᱯᱨᱮᱭ ᱠᱚᱨᱟᱣ ᱦᱳᱭᱳᱜᱼᱟ 1.5-2 ᱢᱤᱴᱟᱨ ᱨᱮᱱᱟᱜ ᱩᱥᱩᱞ, 5 ᱢᱤᱴᱟᱨ/s ᱨᱮᱭᱟᱜ ᱜᱚᱛᱤ ᱟᱨ ᱦᱚᱭ ᱨᱮᱭᱟᱜ ᱜᱚᱛᱤ 5 ᱠᱤᱞᱳᱢᱤᱴᱟᱨ/ᱴᱟᱲᱟᱝ ᱞᱟᱛᱟᱨ ᱨᱮ ᱾"
297,ᱪᱟᱥ ᱨᱮ ᱳᱭᱮᱹᱞ ᱥᱟᱨᱵᱷᱮᱞᱮᱱᱥ ᱫᱚ ᱪᱮᱫ?,ᱯᱷᱚᱞᱮ ᱧᱮᱞ ᱞᱟᱹᱜᱤᱫ ᱟᱨ ᱞᱟᱹᱞᱤᱥ ᱟᱨ ᱨᱳᱜᱽ ᱞᱮᱠᱟᱱ ᱥᱟᱛᱟᱢ ᱠᱚ ᱧᱮᱞ ᱞᱟᱹᱜᱤᱫ ᱠᱟᱹᱢᱮᱨᱟ ᱟᱨ ᱥᱮᱱᱥᱳᱨ ᱥᱟᱶᱛᱮ ᱰᱨᱚᱱ ᱵᱮᱣᱦᱟᱨ ᱦᱚᱭᱩᱜ ᱟ ᱾
298,ᱰᱨᱚᱱ ᱠᱚ ᱪᱮᱫ ᱞᱮᱠᱟᱛᱮ ᱱᱟᱯᱟᱭ ᱪᱟᱥ ᱨᱮ ᱜᱚᱲᱚ ᱠᱚ ᱮᱢᱼᱟ?,"ᱰᱨᱚᱱ ᱠᱚᱫᱚ ᱱᱟᱦᱟᱜ ᱚᱠᱛᱚ ᱨᱮᱭᱟᱜ ᱛᱚᱛᱷᱚ ᱪᱮᱛᱟᱱ ᱴᱮᱦᱟᱴ ᱠᱟᱛᱮ ᱡᱮᱹᱥᱩᱢᱟᱹᱫᱤ ᱟᱨ ᱥᱟᱨ ᱞᱮᱠᱟᱱ ᱚᱱᱩᱢᱟᱹᱱ ᱨᱮᱭᱟᱜ ᱥᱚᱨᱟᱥᱚᱨᱤ ᱵᱮᱣᱦᱟᱨ, ᱚᱵᱷᱟᱵᱽ ᱠᱚᱢ ᱟᱨ ᱠᱟᱹᱢᱤ ᱫᱟᱲᱮ ᱵᱟᱹᱲᱛᱤ ᱞᱟᱹᱜᱤᱫ ᱮ ᱫᱟᱲᱮᱹᱭᱟᱜᱼᱟ ᱾"
299,ᱰᱨᱚᱱ ᱠᱚ ᱪᱮᱫ ᱞᱮᱠᱟᱛᱮ ᱜᱷᱟᱹᱞ ᱥᱟᱢᱵᱲᱟᱣ ᱨᱮᱭᱟᱜ ᱱᱟᱯᱟᱭᱼᱟ?,"ᱰᱨᱚᱱ ᱟᱹᱰᱤ ᱢᱟᱲᱟᱝ ᱥᱮᱱᱥᱳᱨ ᱠᱚ ᱵᱮᱣᱦᱟᱨ ᱠᱟᱛᱮ ᱢᱟᱲᱟᱝ ᱠᱷᱚᱱ ᱜᱮ ᱠᱤᱭᱟᱹ ᱠᱚ ᱪᱤᱱᱦᱟᱹ ᱞᱮᱫᱟ, ᱡᱟᱦᱟᱸ ᱫᱚ ᱜᱚᱴᱟᱵᱩᱴᱟᱹ ᱥᱟᱢᱲᱟᱣ ᱨᱮᱭᱟᱜ ᱦᱚᱨᱟ ᱠᱚ ᱮᱢ ᱞᱮᱫᱟ ᱟᱨ ᱪᱟᱥ ᱨᱮᱭᱟᱜ ᱦᱟᱹᱱ ᱠᱚᱢ ᱞᱮᱫᱟ ᱾"
300,ᱪᱟᱥ ᱨᱮ ᱰᱨᱚᱱ ꯇꯦꯛꯅꯣꯂꯣꯖꯤ ᱦᱟᱛᱟᱣ ᱨᱮᱭᱟᱜ ᱢᱩᱲᱩᱫ ᱟᱱᱟᱴ ᱠᱚ ᱪᱮᱫ?,"ᱞᱟᱹᱞᱤᱥ ᱠᱚ ᱢᱩᱫ ᱨᱮ ᱢᱮᱱᱟᱜᱼᱟ ᱵᱮᱯᱟᱨᱤᱭᱟᱹ ᱞᱟᱹᱞᱤᱥ, ᱥᱚᱨᱮᱥᱟᱱ ᱫᱟᱲᱮ ᱨᱮᱭᱟᱜ ᱞᱟᱹᱠᱛᱤ, ᱛᱚᱛᱛ ᱨᱮᱭᱟᱜ ᱵᱤᱪᱷᱱᱟᱶ ᱨᱮ ᱟᱱᱟᱴ ᱟᱨ ᱥᱟᱢᱵᱲᱟᱣ ᱵᱚᱱᱫᱮᱡ ᱾"
301,ᱰᱨᱚᱱ ᱵᱮᱶᱦᱟᱨ ᱨᱮ ᱰᱮᱴᱟ ᱤᱱᱴᱤᱜᱨᱟᱥᱚᱱ ᱫᱚ ᱪᱮᱫ ᱞᱟᱹᱜᱤᱫ ᱢᱤᱫᱴᱟᱝ ᱟᱱᱟᱴ ᱠᱟᱱᱟ?,"ᱱᱟᱦᱟᱜ ᱪᱟᱥ ᱵᱚᱱᱫᱮᱡ ᱥᱟᱶ ᱰᱨᱚᱱ ᱨᱮᱭᱟᱜ ᱛᱚᱛᱩᱛᱚ ᱥᱮᱞᱮᱫ ᱞᱟᱹᱜᱤᱫ ᱟᱨ ᱟᱹᱰᱤ ᱜᱟᱱ ᱛᱚᱛᱩᱛᱚ ᱵᱤᱪᱷᱱᱟᱶ ᱞᱟᱹᱜᱤᱫ ᱟᱹᱰᱤ ᱰᱷᱮᱨ ᱩᱯᱟᱹᱭ ᱟᱨ ᱩᱯᱟᱹᱭ ᱨᱮᱭᱟᱜ ᱞᱟᱹᱠᱛᱤ ᱢᱮᱱᱟᱜᱼᱟ, ᱡᱟᱦᱟᱸ ᱫᱚ ᱟᱹᱰᱤ ᱜᱟᱱ ᱪᱟᱥᱤᱭᱟᱹ ᱴᱷᱮᱱ ᱵᱟᱝ ᱢᱮᱱᱟᱜᱼᱟ ᱾"
302,ᱪᱟᱥ ᱨᱮ ᱰᱨᱚᱱ ᱦᱟᱛᱟᱣ ᱨᱮ ᱪᱮᱫ ᱪᱮᱫ ᱥᱟᱢᱵᱲᱟᱣ ᱨᱮᱭᱟᱜ ᱥᱟᱛᱟᱢ ᱠᱚ ᱮᱥᱮᱨᱼᱟ?,"ᱚᱣᱟᱨᱥᱯᱮᱥ, ᱜᱚᱭᱟᱨᱚᱱ, ᱟᱨ ᱥᱟᱨᱴᱤᱯᱷᱤᱠᱮᱴ ᱥᱟᱶᱛᱮ ᱡᱳᱜᱟᱡᱳᱜ ᱨᱮᱭᱟᱜ ᱟᱹᱨᱤ ᱠᱚᱫᱚ ᱰᱨᱚᱱ ᱨᱮᱭᱟᱜ ᱵᱮᱶᱦᱟᱨ ᱮ ᱵᱚᱱᱚᱫᱚᱞ ᱫᱟᱲᱮᱭᱟᱜᱼᱟ ᱟᱨ ᱚᱱᱟ ᱠᱚ ᱦᱟᱛᱟᱣ ᱨᱮᱭᱟᱜ ᱚᱠᱛᱚ ᱠᱚᱢ ᱫᱟᱲᱮᱹᱭᱟᱜᱼᱟ ᱾"
303,ᱪᱟᱥ ᱨᱮᱭᱟᱜ ᱰᱨᱚᱱ ᱛᱮᱠᱱᱤᱠᱚᱞ ᱨᱮ ᱛᱟᱭᱚᱢ ᱫᱟᱨᱟᱢ ᱨᱮ ᱪᱮᱫ ᱪᱮᱫ ᱩᱯᱟᱹᱭ ᱧᱟᱢ ᱨᱮᱭᱟᱜ ᱠᱟᱛᱷᱟ ᱢᱮᱱᱟᱜᱼᱟ?,"ᱥᱮᱱᱥᱳᱨ, ᱟᱨᱴᱤᱯᱷᱤᱥᱮᱞ ᱤᱱᱴᱤᱞᱤᱜᱮᱱᱥ ᱟᱨ ᱚᱥᱛᱩᱛᱚᱱᱚᱥ ᱱᱟᱵᱷᱤᱜᱮᱥᱚᱱ ᱨᱮᱭᱟᱜ ᱩᱛᱱᱟᱹᱣ ᱰᱨᱚᱱ ᱨᱮᱭᱟᱜ ᱠᱟᱹᱢᱤ ᱫᱟᱲᱮ ᱟᱨ ᱵᱮᱣᱦᱟᱨ ᱫᱟᱲᱮᱭ ᱵᱟᱹᱲᱛᱤᱼᱟ ᱢᱮᱱᱛᱮ ᱢᱚᱱᱮ ᱦᱩᱭᱩᱜ ᱠᱟᱱᱟ ᱾"
304,ᱰᱨᱚᱱ ᱠᱚ ᱪᱮᱫ ᱞᱮᱠᱟᱛᱮ ᱥᱟᱹᱵᱩᱫᱟᱱ ᱪᱟᱥ ᱨᱮ ᱜᱚᱲᱚ ᱠᱚ ᱮᱢᱼᱟ?,"ᱰᱨᱚᱱ ᱠᱚᱫᱚ ᱨᱚᱥᱤᱭᱟᱱᱟᱜ ᱵᱮᱶᱦᱟᱨ ᱠᱚᱢᱼᱟ, ᱚᱛᱢᱚᱱ ᱠᱚ ᱥᱟᱧᱪᱟᱣᱼᱟ ᱟᱨ ᱦᱚᱭᱦᱩᱫᱤᱥ ᱨᱮᱭᱟᱜ ᱦᱟᱹᱱ ᱠᱚᱢᱼᱟ, ᱡᱟᱦᱟᱸ ᱫᱚ ᱥᱟᱹᱵᱩᱫᱟᱱ ᱪᱟᱥ ᱦᱚᱨᱟ ᱠᱚ ᱜᱚᱲᱚᱼᱟ ᱾"
305,ᱯᱷᱚᱞᱮ ᱥᱟᱢᱲᱟᱣ ᱨᱮ ᱰᱨᱚᱱ ꯇꯦꯛꯅꯣꯂꯣꯖꯤ ᱨᱮᱭᱟᱜ ᱥᱟᱱᱟᱢ ᱞᱮᱠᱟᱛᱮ ᱪᱮᱫ ᱮᱥᱮᱨ ᱢᱮᱱᱟᱜᱼᱟ?,"ᱰᱨᱚᱱ ꯇꯦꯛꯅꯣꯂꯣꯖꯤ ᱠᱟᱹᱢᱤ ᱫᱟᱲᱮᱭ ᱵᱟᱹᱲᱛᱤᱣᱟ, ᱯᱷᱚᱞᱮ ᱧᱮᱞ ᱨᱮᱭᱟᱜ ᱫᱟᱲᱮᱭ ᱵᱟᱹᱲᱛᱤᱣᱟ, ᱦᱟᱹᱱ ᱠᱚᱢᱼᱟ ᱟᱨ ᱚᱛᱢᱚᱱᱛᱚ ᱥᱟᱸᱶᱛᱟᱣᱟᱱ ᱪᱟᱥ ᱨᱮᱭᱟᱜ ᱮ ᱯᱟᱥᱱᱟᱣᱼᱟ ᱾"
306,ᱰᱨᱚᱱ ꯇꯦꯛꯅꯣꯂꯣꯖꯤ ᱫᱚ ᱪᱮᱫ ᱞᱟᱹᱜᱤᱫ ᱪᱟᱥ ᱨᱮ ᱵᱚᱱᱚᱫᱚᱞ ᱟᱱᱟᱜ ᱢᱮᱱᱛᱮ ᱢᱚᱱᱮ ᱦᱩᱭᱩᱜ ᱠᱟᱱᱟ?,"ᱱᱚᱶᱟ ᱫᱚ ᱜᱚᱴᱟᱵᱩᱴᱟᱹ ᱧᱮᱞ ᱞᱟᱹᱜᱤᱫ, ᱜᱚᱴᱟᱵᱩᱴᱟᱹ ᱞᱟᱹᱜᱤᱫ ᱵᱮᱣᱦᱟᱨ, ᱠᱟᱹᱢᱤ ᱟᱱ ᱩᱯᱟᱹᱭ ᱵᱮᱣᱦᱟᱨ ᱟᱨ ᱵᱟᱹᱲᱛᱤ ᱵᱮᱱᱟᱣ ᱫᱟᱲᱮᱛᱮ ᱯᱷᱚᱞᱮ ᱥᱟᱢᱲᱟᱣ ᱨᱮ ᱵᱤᱵᱚᱨᱚᱱ ᱮ ᱩᱫᱩᱜᱟ ᱾"
307,ᱯᱚᱞᱤᱱᱟᱥᱚᱱ ᱫᱚ ᱪᱮᱫ ᱞᱟᱹᱜᱤᱫ ᱢᱤᱫᱴᱟᱝ ᱢᱩᱬᱩᱫ ᱮᱥᱤᱠᱳᱥᱴᱚᱢ ᱯᱚᱨᱤᱥᱮᱵᱟ ᱢᱮᱱᱛᱮ ᱢᱚᱱᱮ ᱦᱩᱭᱩᱜᱼᱟ?,"ᱯᱚᱞᱤᱱᱟᱥᱚᱱ ᱫᱚ ᱟᱹᱰᱤ ᱱᱟᱯᱟᱭ ᱚᱡᱮ ᱫᱚ ᱱᱚᱶᱟ ᱫᱚ ᱟᱹᱰᱤ ᱜᱟᱱ ᱯᱷᱚᱞᱮ ᱟᱨ ᱚᱛᱢᱚᱱ ᱨᱮᱭᱟᱜ ᱡᱟᱱᱟᱢ ᱮ ᱫᱟᱲᱮᱹᱭᱟᱜᱼᱟ, ᱡᱟᱦᱟᱸ ᱫᱚ ᱡᱚᱢᱟᱜ ᱨᱩᱠᱷᱟᱹᱭᱤ ᱟᱨ ᱪᱟᱥ ᱨᱮᱭᱟᱜ ᱵᱮᱱᱟᱣ ᱫᱟᱲᱮᱹᱭᱟᱜᱼᱟ ᱾"
308,ᱡᱮᱜᱮᱫ ᱨᱮᱭᱟᱜ ᱡᱚᱢᱟᱜ ᱵᱮᱱᱟᱣ ᱨᱮᱭᱟᱜ ᱛᱤᱱᱟᱹᱜ ᱦᱟᱹᱴᱤᱧ ᱯᱚᱞᱤᱱᱟᱴᱟᱨ ᱪᱮᱛᱟᱱ ᱴᱮᱦᱟᱴ ᱢᱮᱱᱟᱜᱼᱟ?,"ᱡᱮᱜᱮᱫ ᱨᱮᱭᱟᱜ ᱡᱚᱢᱟᱜ ᱵᱮᱱᱟᱣ ᱨᱮᱭᱟᱜ ᱚᱱᱢᱟᱱ 35 ᱥᱟᱭᱦᱤᱸᱥ ᱯᱚᱨᱟᱢᱚᱥᱟᱱ ᱡᱤᱭᱟᱹᱞᱤ ᱠᱚ ᱪᱮᱛᱟᱱ ᱴᱮᱦᱟᱴ ᱛᱟᱦᱮᱸᱱᱟ, ᱮᱴᱟᱜ ᱥᱮᱪ ꯒꯦꯍꯨ, ᱢᱮᱠᱩᱱ ᱟᱨ ꯆꯦꯡ (65 ᱥᱟᱭᱦᱤᱸᱥ) ᱞᱮᱠᱟᱱ ᱢᱩᱲᱩᱫ ᱪᱟᱥ ᱞᱟᱹᱜᱤᱫ ᱠᱩᱛ ᱨᱮᱭᱟᱜ ᱯᱚᱨᱟᱢᱮᱥᱚᱱ ᱨᱮᱭᱟᱜ ᱞᱟᱹᱠᱛᱤ ᱵᱟᱝ ᱛᱟᱦᱮᱸᱱᱟ ᱾"
309,ᱢᱩᱭᱤ ᱫᱚ ᱪᱮᱫ ᱞᱟᱹᱜᱤᱫ ᱡᱚᱛᱚ ᱠᱷᱚᱱ ᱢᱟᱨᱟᱝ ᱯᱚᱞᱤᱱᱟᱴᱟᱨ ᱢᱮᱱᱛᱮ ᱢᱚᱱᱮ ᱦᱩᱭᱩᱜ ᱠᱟᱱᱟ?,"ᱚᱛᱢᱚᱱ ᱪᱮᱛᱟᱱ ᱴᱮᱦᱟᱴ, ᱚᱛᱢᱚᱱ ᱤᱫᱤ ᱨᱮᱭᱟᱜ ᱫᱟᱲᱮ, ᱵᱚᱱᱫᱮᱡ ᱨᱮᱭᱟᱜ ᱪᱷᱟᱹᱲ ᱟᱨ ᱟᱭᱢᱟ ᱚᱛᱢᱚᱱ ᱨᱮ ᱪᱟᱞᱟᱣ ᱨᱮᱭᱟᱜ ᱥᱟᱧᱪᱟᱣ ᱠᱷᱟᱹᱛᱤᱨ ᱛᱮ ᱢᱩᱭᱤ ᱠᱚᱫᱚ ᱟᱹᱰᱤ ᱠᱟᱹᱢᱤ ᱟᱱ ᱯᱚᱨᱤᱱᱳᱡᱚᱠ ᱾"
310,ᱢᱩᱭᱟᱹ ᱢᱩᱫ ᱨᱮ ᱯᱷᱳᱞᱟᱨ ᱯᱷᱤᱰᱮᱞᱤᱴᱤ ᱨᱮᱭᱟᱜ ᱢᱮᱱᱮᱫ ᱪᱮᱫ?,"ᱯᱷᱚᱞᱟᱨᱟᱞ ᱯᱷᱤᱰᱮᱞᱤᱴᱤ ᱚᱱᱟ ᱵᱚᱱᱚᱫᱚᱞ ᱮ ᱩᱫᱩᱜᱟ ᱡᱟᱦᱟᱸ ᱨᱮ ᱢᱤᱫᱴᱟᱝ ᱢᱩᱭᱟᱹ ᱫᱚ ᱢᱤᱫᱴᱟᱝ ᱯᱷᱳᱨᱮᱡᱤᱝ ᱴᱨᱤᱯ ᱚᱠᱛᱮ ᱢᱤᱫ ᱞᱮᱠᱟᱱ ᱚᱛᱢᱚᱱ ᱞᱮᱠᱟᱱ ᱠᱚ ᱧᱮᱞ ᱞᱟᱹᱜᱤᱫ ᱮ ᱪᱟᱞᱟᱣ ᱞᱮᱱᱟ, ᱡᱟᱦᱟᱸ ᱫᱚ ᱮᱥᱮᱨᱟᱱ ᱯᱚᱨᱟᱢᱮᱥᱚᱱ ᱮ ᱜᱚᱴᱟ ᱞᱮᱫᱟ ᱾"
311,ᱯᱚᱞᱤᱱᱟᱴᱟᱨ ᱠᱚ ᱪᱮᱫ ᱞᱮᱠᱟᱛᱮ ᱚᱛᱢᱚᱱ ᱟᱨ ᱟᱡᱜᱮ ᱠᱚ ᱥᱟᱨᱵᱷᱟᱨᱼᱟ?,"ᱯᱚᱞᱤᱱᱟᱴᱟᱨ ᱠᱚᱫᱚ ᱚᱢᱚᱨ ᱟᱨ ᱯᱳᱞᱮᱱ ᱞᱮᱠᱟᱱ ᱡᱚᱢᱟᱜ ᱠᱚ ᱧᱟᱢᱼᱟ, ᱮᱴᱟᱜ ᱥᱮᱪ ᱚᱛᱢᱚᱱ ᱠᱚ ᱠᱟᱹᱢᱤᱣᱟᱱ ᱯᱳᱞᱮᱱ ᱵᱚᱱᱚᱫᱚᱞ ᱛᱟᱞᱟᱛᱮ ᱥᱤᱜᱤᱞᱚᱜᱼᱟ, ᱡᱟᱦᱟᱸ ᱠᱷᱟᱹᱛᱤᱨ ᱛᱮ ᱯᱷᱮᱨᱴᱤᱞᱤᱡᱮᱥᱚᱱ ᱟᱨ ᱡᱟᱱᱟᱢ ᱦᱳᱭᱳᱜᱼᱟ ᱾"
312,ᱢᱩᱭᱟᱹ ᱯᱚᱞᱤᱱᱟᱥᱚᱱ ᱪᱮᱛᱟᱱ ᱴᱮᱦᱟᱴ ᱢᱮᱱᱟᱜ ᱠᱤᱪᱷᱩ ᱪᱟᱥ ᱨᱮᱭᱟᱜ ᱧᱩᱛᱩᱢ ᱞᱟᱹᱭ ᱢᱮ ᱾,"ᱪᱟᱥ ᱢᱩᱫᱽᱨᱮ ᱢᱮᱱᱟᱜᱼᱟ ᱟᱢᱚᱞ, ᱟᱢᱚᱞ, ᱴᱟᱢᱚᱴᱳ, ᱠᱩᱪᱤ, ᱥᱩᱱᱯᱷᱚᱞᱳᱣᱟᱨ, ᱯᱮᱡᱤ, ᱜᱟᱨᱴ, ᱥᱴᱨᱟᱵᱮᱨᱤ ᱟᱨ ᱟᱭᱢᱟ ᱞᱮᱠᱟᱱ ᱱᱚᱴ ᱟᱨ ᱥᱤᱵᱟᱡᱤ ᱾"
313,ᱡᱮᱜᱮᱫ ᱨᱮᱭᱟᱜ ᱯᱚᱞᱤᱱᱟᱥᱚᱱ ᱯᱚᱨᱤᱥᱮᱵᱟ ᱨᱮᱭᱟᱜ ᱠᱟᱹᱣᱰᱤ ᱟᱹᱨᱤ ᱜᱚᱱᱚᱝ ᱪᱮᱫ?,ᱯᱳᱞᱤᱱᱮᱥᱚᱱ ᱯᱚᱨᱤᱥᱮᱵᱟ ᱨᱮᱭᱟᱜ ᱜᱚᱱᱚᱝ ᱡᱮᱜᱮᱫ ᱨᱮᱭᱟᱜ ᱟᱭᱩᱢᱟᱹᱱ ᱟᱭᱩᱢᱟᱹᱱ ᱟᱭᱩᱢᱟᱹᱱ ᱟᱭᱩᱢᱟᱹᱱ ᱟᱭᱩᱢᱟᱹᱱ 112 ᱵᱤᱞᱤᱭᱚᱱ ᱢᱟᱨᱠᱤᱱ ᱰᱚᱞᱟᱨ ᱾
314,ᱵᱟᱨᱭᱟ ᱢᱩᱲᱩᱫ ᱚᱲᱟᱜ ᱨᱮᱱ ᱢᱩᱭᱤ ᱞᱮᱠᱟᱱ ᱫᱚ ᱪᱮᱫ?,ᱱᱚᱶᱟ ᱵᱟᱨᱭᱟ ᱢᱩᱲᱩᱫ ᱡᱟᱹᱛ ᱫᱚ ᱦᱩᱭᱩᱜ ᱠᱟᱱᱟ ᱮᱯᱤᱥ ᱢᱮᱞᱤᱯᱷᱮᱨᱟ ᱟᱨ ᱮᱯᱤᱥ ᱥᱤᱨᱟᱱᱟ ᱤᱱᱰᱤᱠᱟ ᱾
315,ᱮᱯᱤᱥ ᱥᱤᱨᱟᱱᱟ ᱤᱱᱰᱤᱠᱟ ᱮᱯᱤᱥ ᱢᱮᱞᱤᱯᱷᱮᱨᱟ ᱠᱷᱚᱱ ᱪᱮᱫ ᱞᱮᱠᱟᱛᱮ ᱵᱷᱮᱜᱟᱨ ᱢᱮᱱᱟᱜᱼᱟ?,"ᱮᱯᱤᱥ ᱥᱤᱨᱟᱱᱟ ᱤᱱᱰᱤᱠᱟ ᱨᱮᱭᱟᱜ ᱢᱤᱫᱴᱟᱝ ᱦᱩᱰᱤᱧ ᱯᱷᱳᱨᱮᱡᱤᱝ ᱯᱚᱨᱤᱢᱟᱱ (1ᱹ5 ᱠᱤᱞᱳᱢᱤᱴᱟᱨ) ᱢᱮᱱᱟᱜᱼᱟ, ᱢᱮᱱᱠᱷᱟᱱ ᱰᱷᱮᱨ ᱚᱠᱛᱚ ᱨᱮᱭᱟᱜ ᱯᱷᱳᱨᱮᱡᱤᱝ ᱚᱠᱛᱚ ᱟᱨ ᱚᱱᱩᱢᱟᱹᱱ ᱨᱮᱭᱟᱜ ᱚᱡᱮᱛᱮ ᱡᱟᱣᱜᱮ ᱱᱚᱶᱟ ᱫᱚ ᱢᱤᱫᱴᱟᱝ ᱥᱚᱨᱮᱥ ᱯᱮᱞᱤᱱᱮᱴᱟᱨ ᱢᱮᱱᱛᱮ ᱢᱚᱱᱮ ᱦᱩᱭᱩᱜᱼᱟ ᱾"
316,ᱵᱤᱨ ᱢᱩᱭᱤ ᱞᱮᱠᱟᱱ ᱠᱚ ᱥᱟᱢᱲᱟᱣ ᱫᱚ ᱪᱮᱫ ᱞᱟᱹᱜᱤᱫ ᱟᱹᱰᱤ ᱟᱱᱟᱴ ᱦᱩᱭᱩᱜ ᱠᱟᱱᱟ?,ᱮᱯᱤᱥ ᱰᱳᱨᱥᱟᱴᱟ ᱟᱨ ᱮᱯᱤᱥ ᱯᱷᱚᱞᱳᱨᱤᱭᱟ ᱞᱮᱠᱟᱱ ᱡᱤᱯᱷᱤ ᱠᱚᱫᱚ ᱥᱟᱫᱷᱟᱨᱚᱱ ᱞᱮᱠᱟᱛᱮ ᱪᱟᱪᱟᱞᱟᱣ ᱵᱟᱝ ᱦᱳᱭᱳᱜᱼᱟ ᱪᱮᱫᱟᱜ ᱥᱮ ᱩᱱᱠᱩ ᱫᱚ ᱵᱮᱱᱟᱣᱟᱱ ᱦᱤᱭᱤᱵᱷ ᱨᱮ ᱵᱟᱝ ᱛᱟᱦᱮᱸᱱᱟ ᱾
317,ᱪᱮᱫ ᱚᱡᱮᱛᱮ ᱢᱩᱭᱟᱹᱠᱚ ᱯᱷᱚᱞᱮ ᱯᱚᱨᱟᱢᱮᱥᱚᱱ ᱞᱟᱹᱜᱤᱫ ᱥᱚᱨᱮᱥᱼᱟ?,"ᱱᱚᱶᱟ ᱠᱚᱫᱚ ᱚᱛᱢᱚᱱ ᱪᱮᱛᱟᱱ ᱴᱮᱦᱟᱴ ᱛᱟᱦᱮᱸᱱᱟ, ᱠᱟᱹᱢᱤ ᱟᱱ ᱯᱚᱨᱩᱞ ᱪᱟᱞᱟᱣᱟᱱ ᱵᱚᱱᱫᱮᱡ ᱢᱮᱱᱟᱜᱼᱟ, ᱥᱟᱢᱲᱟᱣ ᱞᱟᱹᱜᱤᱫ ᱟᱹᱰᱤ ᱟᱞᱜᱟ, ᱚᱛᱢᱚᱱ ᱨᱮᱭᱟᱜ ᱵᱷᱟᱞᱮ ᱩᱫᱩᱜᱟ, ᱟᱨ ᱟᱭᱢᱟ ᱴᱷᱟᱶ ᱨᱮ ᱪᱟᱞᱟᱣ ᱫᱟᱲᱮᱭᱟᱜᱼᱟ ᱾"
318,ᱯᱮᱞᱤᱱᱮᱴᱟᱨ ᱨᱮᱭᱟᱜ ᱞᱮᱠᱷᱟ ᱠᱚᱢ ᱨᱮᱭᱟᱜ ᱚᱡᱮ ᱠᱚ ᱪᱮᱫ?,"ᱚᱡᱮ ᱠᱚ ᱢᱩᱫ ᱨᱮ ᱢᱮᱱᱟᱜ ᱟ ᱛᱟᱦᱮᱸᱱ ᱴᱷᱟᱶ ᱨᱮᱭᱟᱜ ᱦᱟᱹᱱ, ᱠᱤᱢᱤᱥᱟᱭᱰ ᱵᱮᱣᱦᱟᱨ, ᱨᱳᱜᱽ, ᱠᱤᱢᱤᱥᱟᱭ, ᱦᱚᱭᱦᱩᱫᱤ ᱵᱚᱱᱚᱫᱚᱞ ᱟᱨ ᱟᱹᱰᱤ ᱵᱟᱹᱲᱛᱤ ᱠᱷᱮᱹᱞ ᱾"
319,ᱢᱩᱭᱤ ᱨᱮᱭᱟᱜ ᱠᱳᱞᱱᱤ ᱠᱚ ᱡᱟᱦᱟᱸ ᱚᱠᱛᱚ ᱯᱷᱚᱞᱮ ᱨᱮ ᱫᱚᱦᱚ ᱞᱟᱹᱠᱛᱤ ᱠᱟᱱᱟ?,ᱯᱨᱟᱭ <ᱟᱭᱰᱤ1> ᱡᱟᱦᱟᱸ ᱚᱠᱛᱚ ᱯᱷᱚᱞᱚᱠ ᱨᱮ ᱯᱷᱚᱞᱟᱣ ᱮᱦᱚᱵᱚᱜᱼᱟ ᱩᱱ ᱚᱠᱛᱚ ᱠᱳᱞᱱᱤ ᱠᱚ ᱛᱷᱟᱯᱚᱱ ᱦᱳᱭᱳᱜᱼᱟ ᱾
320,ᱢᱩᱭᱟᱹ ᱠᱳᱞᱱᱤ ᱠᱚ ᱛᱷᱟᱯᱚᱱ ᱨᱮᱭᱟᱜ ᱴᱷᱟᱶ ᱫᱚ ᱪᱮᱫ ᱞᱟᱹᱜᱤᱫ ᱟᱹᱰᱤ ᱜᱚᱱᱚᱝᱟᱱ?,ᱥᱟᱸᱜᱷᱟᱨ ᱨᱮ ᱠᱷᱚᱨᱪᱟ ᱫᱟᱲᱮ ᱠᱚᱢ ᱞᱟᱹᱜᱤᱫ ᱟᱨ ᱯᱚᱨᱟᱢᱮᱥᱚᱱ ᱨᱮᱭᱟᱜ ᱠᱟᱹᱢᱤ ᱫᱟᱲᱮ ᱵᱟᱹᱲᱛᱤ ᱞᱟᱹᱜᱤᱫ ᱠᱳᱞᱱᱤᱠᱚ ᱯᱷᱚᱞᱚᱠ ᱥᱳᱨ ᱨᱮ ᱫᱚᱦᱚ ᱞᱟᱹᱠᱛᱤ ᱠᱟᱱᱟ ᱾
321,ᱵᱤᱨ ᱨᱮ ᱢᱩᱭᱟᱹ ᱠᱳᱞᱱᱤ ᱛᱷᱟᱯᱚᱱ ᱞᱟᱹᱜᱤᱫ ᱥᱚᱨᱮᱥ ᱚᱠᱛᱚ ᱫᱚ ᱪᱮᱫ?,ᱮᱥᱮᱨᱟᱱ ᱯᱚᱨᱟᱢᱮᱥᱚᱱ ᱨᱮᱭᱟᱜ ᱯᱚᱨᱤᱢᱟᱱ ᱞᱟᱹᱜᱤᱫ 300-500 ᱤᱭᱟᱨᱰ ᱨᱮᱭᱟᱜ ᱛᱟᱞᱟ ᱨᱮ ᱠᱳᱞᱱᱤ ᱠᱚᱫᱚ ᱦᱟᱹᱴᱤᱧ ᱦᱳᱭᱳᱜᱼᱟ ᱾
322,ᱪᱟᱥᱤᱭᱟᱹ ᱠᱚ ᱪᱮᱫ ᱞᱮᱠᱟᱛᱮ ᱠᱚᱢ ᱮᱥᱮᱨᱟᱱ ᱪᱟᱥ ᱨᱮ ᱯᱚᱞᱤᱱᱟᱥᱚᱱ ᱫᱟᱲᱮᱹᱭᱟᱜᱼᱟ?,ᱪᱟᱥᱤᱭᱟᱹ ᱠᱚ ᱱᱚᱶᱟ ᱴᱚᱴᱷᱟ ᱨᱮ ᱟᱨᱦᱚᱸ ᱰᱷᱮᱨ ᱢᱩᱭᱟᱹ ᱠᱳᱞᱱᱤ ᱵᱮᱱᱟᱣ ᱫᱟᱲᱮᱭᱟᱜᱼᱟ ᱥᱮ ᱢᱩᱭᱟᱹ ᱠᱚ ᱯᱷᱚᱞᱟ ᱨᱮᱭᱟᱜ ᱟᱨᱩ ᱥᱟᱶ ᱥᱩᱠᱨᱤ ᱥᱤᱨᱚᱯ ᱵᱮᱣᱦᱟᱨ ᱠᱟᱛᱮ ᱥᱮᱪᱮᱫ ᱮᱢ ᱫᱟᱲᱮᱭᱟᱜᱼᱟ ᱾
323,ᱯᱚᱞᱤᱱᱟᱥᱚᱱ ᱞᱟᱹᱜᱤᱫ ᱠᱳᱞᱱᱤ ᱨᱮᱭᱟᱜ ᱫᱟᱲᱮ ᱪᱮᱫ ᱞᱟᱹᱜᱤᱫ ᱟᱹᱰᱤ ᱞᱟᱹᱠᱛᱤ ᱠᱟᱱᱟ?,"ᱢᱟᱨᱟᱝ ᱠᱟᱹᱢᱤᱭᱟᱹ ᱦᱚᱲ ᱞᱮᱠᱷᱟ (<ᱟᱭᱰᱤ1>, 000 ᱢᱩᱭᱟᱹ) ᱥᱟᱶ ᱫᱟᱲᱮᱹᱣᱟᱱ ᱠᱳᱞᱱᱤᱠᱚ ᱨᱮᱭᱟᱜ ᱟᱹᱰᱤ ᱰᱷᱮᱨ ᱜᱷᱩᱨᱩᱢ ᱨᱮᱭᱟᱜ ᱠᱟᱹᱢᱤ ᱦᱚᱨᱟ ᱢᱮᱱᱟᱜᱼᱟ, ᱡᱟᱦᱟᱸ ᱨᱮᱭᱟᱜ ᱚᱡᱮ ᱫᱚ ᱟᱨᱦᱚᱸ ᱱᱟᱯᱟᱭ ᱯᱚᱨᱟᱢᱮᱥᱚᱱ ᱦᱩᱭᱩᱜᱼᱟ ᱾"
324,ᱢᱩᱭᱟᱹ ᱠᱚ ᱪᱮᱫ ᱞᱮᱠᱟᱛᱮ ᱠᱤᱢᱤᱥᱟᱭᱰᱤᱥ ᱠᱷᱚᱱ ᱨᱩᱠᱷᱟᱹᱭᱟᱹ ᱦᱩᱭ ᱫᱟᱲᱮᱭᱟᱜᱼᱟ?,ᱮᱥᱯᱨᱟᱭ ᱠᱚᱨᱟᱣ ᱚᱠᱛᱚ ᱢᱩᱭᱤ ᱠᱚ ᱦᱤᱫᱤᱡ ᱨᱮ ᱫᱚᱦᱚ ᱠᱟᱛᱮ ᱟᱨ ᱥᱤᱵᱤᱪ ᱜᱮᱢᱮᱧ ᱠᱚ ᱴᱷᱮᱱ ᱠᱷᱚᱱ ᱮᱲᱟᱣ ᱠᱟᱛᱮ ᱩᱱᱠᱩ ᱠᱚ ᱨᱩᱠᱷᱟᱹᱭᱟᱹ ᱫᱟᱲᱮᱭᱟᱜᱼᱟ ᱾
325,ᱵᱷᱟᱨᱚᱛ ᱨᱮ ᱢᱩᱭᱟᱹ ᱠᱳᱞᱱᱤ ᱧᱟᱢ ᱨᱮᱭᱟᱜ ᱱᱟᱦᱟᱜ ᱵᱷᱮᱜᱟᱨ ᱪᱮᱫ?,"ᱵᱷᱟᱨᱚᱛ ᱨᱮ ᱠᱟᱹᱢᱤᱣᱟᱱ ᱯᱚᱞᱤᱱᱟᱥᱚᱱ ᱞᱟᱹᱜᱤᱫ ᱟᱭᱢᱟᱜᱟᱱ 16 ᱠᱳᱴᱤ ᱠᱳᱞᱱᱤ ᱨᱮᱭᱟᱜ ᱞᱟᱹᱠᱛᱤ ᱢᱮᱱᱟᱜᱼᱟ, ᱢᱮᱱᱠᱷᱟᱱ ᱱᱟᱦᱟᱜ ᱨᱮ 10 ᱞᱚᱠ ᱠᱷᱚᱱ ᱦᱚᱸ ᱠᱚᱢ ᱠᱳᱞᱱᱤ ᱢᱮᱱᱟᱜᱼᱟ ᱾"
326,ᱯᱟᱥᱱᱟᱶ ᱞᱟᱹᱜᱤᱫ ᱥᱳᱨᱥᱳᱯᱳᱨ ᱢᱩᱭᱟᱹ ᱠᱚ ᱪᱮᱛᱟᱱ ᱴᱮᱦᱟᱴ ᱫᱚ ᱪᱮᱫ ᱞᱟᱹᱜᱤᱫ ᱟᱹᱰᱤ ᱵᱟᱝ ᱠᱟᱱᱟ?,ᱢᱩᱭᱟᱹ ᱠᱚ ᱥᱟᱫᱷᱟᱨᱚᱱᱛᱚ ᱩᱱᱠᱩᱨᱮᱱ ᱢᱮᱲᱤ ᱨᱮᱭᱟᱜ <ᱟᱭᱰᱤ1> ᱤᱭᱟᱨᱰ ᱢᱩᱫᱨᱮ ᱠᱟᱹᱢᱤ ᱞᱮᱠᱟᱛᱮ ᱜᱷᱩᱨᱩᱢᱚᱜᱼᱟ ᱟᱨ ᱡᱩᱫᱤ ᱯᱷᱚᱞᱮ ᱠᱚᱢ ᱪᱩᱠᱤᱥᱟᱱ ᱦᱳᱭᱳᱜᱼᱟ ᱮᱱᱠᱷᱟᱱ ᱟᱹᱰᱤ ᱰᱷᱮᱨ ᱵᱟᱝ ᱦᱚᱸ ᱪᱟᱞᱟᱜ ᱫᱟᱲᱮᱹᱭᱟᱜᱼᱟ ᱾
327,ᱟᱨᱦᱚᱸ ᱱᱟᱯᱟᱭ ᱯᱳᱞᱤᱱᱮᱥᱚᱱ ᱞᱟᱹᱜᱤᱫ ᱪᱮᱫ ᱞᱮᱠᱟᱛᱮ ᱢᱩᱭᱟᱹ ᱨᱮᱭᱟᱜ ᱵᱚᱱᱚᱫᱚᱞ ᱮ ᱵᱚᱱᱚᱫᱚᱞ ᱫᱟᱲᱮᱭᱟᱜᱼᱟ?,ᱢᱩᱭᱤ ᱠᱚ ᱡᱚᱥᱟᱱ ᱯᱷᱚᱞᱟᱹ ᱚᱛᱚᱢ ᱨᱮᱭᱟᱜ ᱜᱩᱨᱩᱢ ᱥᱟᱶᱛᱮ ᱪᱩᱠᱤ ᱨᱮᱭᱟᱜ ᱥᱚᱨᱯ ᱥᱮᱞᱮᱫ ᱠᱟᱛᱮ ᱠᱚ ᱠᱷᱮᱭᱟᱞ ᱠᱟᱛᱮ ᱥᱮᱪᱮᱫ ᱮᱢ ᱫᱟᱲᱮᱭᱟᱜᱼᱟ ᱾
328,ᱥᱟᱹᱵᱩᱫᱟᱱ ᱪᱟᱥ ᱨᱮ ᱯᱚᱞᱤᱱᱟᱥᱚᱱ ᱨᱮᱭᱟᱜ ᱪᱮᱫ ᱮᱱᱮᱢ ᱢᱮᱱᱟᱜᱼᱟ?,"ᱯᱳᱞᱤᱱᱮᱥᱚᱱ ᱟᱹᱰᱤ ᱰᱷᱮᱨ ᱠᱤᱢᱤᱠᱮᱞ ᱤᱱᱯᱩᱴ ᱨᱮᱭᱟᱜ ᱞᱟᱹᱠᱛᱤ ᱵᱟᱝ ᱛᱟᱦᱮᱸ ᱠᱟᱛᱮ ᱥᱟᱫᱷᱟᱨᱚᱱ ᱞᱮᱠᱟᱛᱮ ᱯᱷᱚᱞᱮ ᱨᱮᱭᱟᱜ ᱯᱚᱨᱤᱢᱟᱱ ᱮ ᱵᱟᱹᱲᱛᱤᱼᱟ, ᱡᱟᱦᱟᱸ ᱫᱚ ᱴᱮᱠᱟᱣ ᱫᱚᱦᱚ ᱫᱟᱲᱮᱹᱭᱟᱜᱼᱟ ᱾"
329,ᱪᱟᱥ ᱨᱮ ᱯᱚᱞᱤᱱᱟᱴᱟᱨ ᱨᱮᱭᱟᱜ ᱟᱭᱢᱟ ᱞᱮᱠᱟᱱ ᱜᱚᱱᱚᱝ ᱪᱮᱫ?,"ᱟᱭᱢᱟ ᱞᱮᱠᱟᱱ ᱪᱟᱥ ᱞᱟᱹᱜᱤᱫ ᱟᱭᱢᱟ ᱞᱮᱠᱟᱱ ᱯᱮᱨᱤᱱᱮᱴᱟᱨ ᱨᱮᱭᱟᱜ ᱞᱟᱹᱠᱛᱤ ᱦᱩᱭᱩᱜᱼᱟ, ᱚᱱᱟᱛᱮ ᱟᱭᱢᱟ ᱞᱮᱠᱟᱱ ᱵᱚᱱᱚᱫᱚᱞ ᱫᱚᱦᱚ ᱠᱟᱛᱮ ᱥᱟᱱᱟᱢ ᱮᱥᱠᱳᱥᱴᱤᱢ ᱨᱮ ᱠᱟᱹᱢᱤ ᱟᱱᱟᱜ ᱯᱮᱨᱤᱱᱮᱥᱚᱱ ᱜᱚᱴᱟ ᱦᱩᱭᱩᱜᱼᱟ ᱾"
330,ᱮᱢᱨᱳᱠᱞᱟᱭᱢᱮᱴᱤᱠ ᱴᱚᱴᱷᱟ ᱨᱮ ᱯᱚᱞᱤᱱᱟᱴᱟᱨ ᱠᱚ ᱥᱟᱨᱵᱷᱮ ᱠᱚᱨᱟᱣ ᱫᱚ ᱪᱮᱫ ᱞᱟᱹᱜᱤᱫ ᱟᱹᱰᱤ ᱞᱟᱹᱠᱛᱤ ᱠᱟᱱᱟ?,"ᱥᱟᱨᱵᱷᱮ ᱠᱚᱫᱚ ᱯᱚᱞᱤᱱᱟᱴᱟᱨ ᱧᱟᱢ ᱨᱮᱭᱟᱜ ᱪᱤᱱᱦᱟᱹ ᱞᱟᱹᱜᱤᱫ ᱟᱨ ᱡᱟᱦᱟᱸ ᱴᱷᱟᱶ ᱨᱮ ᱞᱟᱹᱠᱛᱤ ᱛᱟᱦᱮᱸᱱᱟ, ᱯᱚᱞᱤᱱᱟᱴᱟᱨ ᱠᱚ ᱵᱚᱱᱫᱮᱡ ᱟᱨ ᱯᱚᱨᱤᱢᱟᱱ ᱞᱟᱹᱜᱤᱫ ᱰᱟᱦᱟᱨ ᱩᱫᱩᱜ ᱞᱟᱹᱜᱤᱫ ᱜᱚᱲᱚ ᱠᱚ ᱮᱢᱼᱟ ᱾"
331,ᱡᱚᱢᱟᱜ ᱨᱩᱠᱷᱟᱹᱭᱤ ᱞᱟᱹᱜᱤᱫ ᱯᱳᱞᱤᱱᱮᱥᱚᱱ ᱯᱚᱨᱤᱥᱮᱵᱟ ᱨᱮᱭᱟᱜ ᱥᱟᱱᱟᱢᱟᱜ ᱜᱚᱱᱚᱝ ᱪᱮᱫ?,"ᱟᱭᱢᱟᱜᱟᱱ ᱯᱷᱚᱞᱚᱠ ᱵᱮᱱᱟᱣ ᱞᱟᱹᱜᱤᱫ ᱯᱳᱞᱤᱱᱮᱥᱚᱱ ᱟᱹᱰᱤ ᱞᱟᱹᱠᱛᱤ ᱠᱟᱱᱟ, ᱟᱨ ᱟᱭᱢᱟ ᱫᱤᱱ ᱞᱟᱹᱜᱤᱫ ᱡᱚᱢᱟᱜ ᱨᱩᱠᱷᱟᱹᱭᱤ ᱜᱚᱴᱟ ᱞᱟᱹᱜᱤᱫ ᱯᱳᱞᱤᱱᱮᱴᱟᱨ ᱦᱚᱲ ᱞᱮᱠᱷᱟ ᱫᱚᱦᱚ ᱟᱹᱰᱤ ᱞᱟᱹᱠᱛᱤ ᱠᱟᱱᱟ ᱾"
332,ᱢᱤᱫᱴᱟᱝ ᱢᱩᱭᱟᱹ ᱠᱳᱞᱟᱱᱤ ᱛᱷᱟᱯᱚᱱ ᱞᱟᱹᱜᱤᱫ ᱪᱮᱫ ᱦᱚᱨᱟ ᱥᱮᱞᱮᱫ ᱢᱮᱱᱟᱜᱼᱟ?,"ᱢᱤᱫᱴᱟᱝ ᱵᱤᱨ ᱠᱳᱞᱟᱱᱤ ᱫᱚ ᱢᱤᱫᱴᱟᱝ ᱦᱤᱭᱤᱵᱷ ᱨᱮ ᱵᱚᱱᱚᱫᱚᱞ ᱠᱟᱛᱮ ᱵᱟᱝᱠᱷᱟᱱ ᱢᱤᱫᱴᱟᱝ ᱡᱩᱲᱟᱹ ᱠᱚ ᱤᱫᱤ ᱠᱟᱛᱮ ᱢᱤᱫᱴᱟᱝ ᱢᱩᱭᱟᱹ ᱠᱳᱞᱟᱱᱤ ᱛᱷᱟᱯᱚᱱ ᱦᱩᱭ ᱫᱟᱲᱮᱭᱟᱜᱼᱟ ᱾ ᱱᱚᱶᱟ ᱫᱚ ᱩᱯᱨᱩᱢᱟᱱᱟᱜ ᱠᱚᱨᱟᱣ ᱞᱟᱹᱜᱤᱫ ᱢᱚᱵᱟᱹ ᱥᱮ ᱢᱟᱨᱮᱱ ᱠᱟᱪᱤ ᱥᱟᱞᱟᱜ ᱵᱮᱱᱟᱣ ᱦᱳᱭᱳᱜᱼᱟ, ᱟᱨ ᱢᱩᱭᱟᱹ ᱠᱚ ᱮᱛᱚᱦᱚᱵ ᱞᱮᱠᱟᱛᱮ ᱪᱩᱠᱨᱤ ᱥᱤᱨᱯ ᱮᱢ ᱛᱟᱞᱟᱛᱮ ᱜᱚᱲᱚ ᱮᱢ ᱦᱳᱭ ᱫᱟᱲᱮᱭᱟᱜᱼᱟ ᱾"
333,ᱪᱮᱫ ᱞᱮᱠᱟᱛᱮ ᱢᱤᱫ ᱦᱚᱲ ᱢᱩᱭᱟᱹ ᱫᱚᱦᱚᱤᱡ ᱢᱩᱭᱟᱹ ᱠᱚᱣᱟᱜ ᱢᱤᱫ ᱜᱟᱫᱮᱞ ᱫᱚ ᱢᱤᱫᱴᱟᱝ ᱢᱩᱭᱟᱹ ᱴᱷᱮᱱ ᱮ ᱮᱥᱮᱨ ᱫᱟᱲᱮᱹᱭᱟᱜᱼᱟ?,"ᱢᱤᱫ ᱦᱚᱲ ᱢᱩᱭᱟᱹᱧᱤᱭᱟᱹ ᱢᱩᱭᱟᱹᱫᱤ ᱢᱩᱫᱨᱮ ᱢᱟᱨᱮᱱ ᱠᱟᱪᱤ ᱵᱟᱝᱠᱷᱟᱱ ᱢᱩᱭᱟᱹ ᱢᱮᱲ ᱠᱟᱛᱮ ᱟᱨ ᱛᱚᱭᱩᱫᱤ ᱥᱳᱨ ᱨᱮ ᱥᱮ ᱚᱲᱟᱜ ᱨᱮ ᱢᱤᱫ ᱦᱚᱲ ᱠᱚ ᱫᱚᱦᱚ ᱠᱟᱛᱮ ᱢᱩᱭᱟᱹᱫᱤᱠᱚ ᱮ ᱮᱥᱮᱨ ᱫᱟᱲᱮᱹᱭᱟᱜᱼᱟ, ᱡᱟᱦᱟᱸᱛᱮ ᱛᱚᱭᱩᱲᱤᱭᱟᱹ ᱠᱚᱣᱟᱜ ᱞᱟᱹᱞᱤᱥ ᱦᱩᱭ ᱫᱟᱲᱮᱭᱟᱜᱼᱟ ᱾"
334,ᱢᱤᱫᱴᱟᱝ ᱠᱳᱞᱱᱤ ᱛᱷᱟᱯᱚᱱ ᱛᱟᱭᱚᱢ ᱪᱮᱫ ᱚᱡᱮᱛᱮ ᱪᱩᱠᱨᱤ ᱥᱤᱨᱚᱯ ᱮᱢ ᱦᱩᱭᱩᱜᱼᱟ?,ᱥᱚᱜᱩᱨᱤ ᱥᱤᱨᱚᱯ ᱠᱷᱮᱹᱰ ᱢᱮᱲᱤ ᱠᱚ ᱟᱹᱰᱤ ᱞᱚᱜᱚᱱ ᱠᱚᱱᱦᱮ ᱵᱮᱱᱟᱣ ᱨᱮ ᱜᱚᱲᱚ ᱮᱢᱼᱟ ᱟᱨ ᱡᱟᱦᱟᱸ ᱦᱟᱹᱵᱤᱡ ᱵᱟᱝ ᱯᱚᱨᱤᱢᱟᱱ ᱱᱮᱹᱴᱚᱨ ᱧᱟᱢᱚᱜᱼᱟ ᱩᱱ ᱦᱟᱹᱵᱤᱡ ᱠᱳᱞᱱᱤ ᱨᱮᱭᱟᱜ ᱩᱛᱱᱟᱹᱣ ᱨᱮ ᱜᱚᱲᱚ ᱠᱚ ᱮᱢᱼᱟ ᱾
335,ᱢᱩᱭᱟᱹ ᱠᱚ ᱠᱷᱮᱭᱟᱞ ᱞᱟᱹᱜᱤᱫ ᱪᱩᱠᱨᱤ ᱥᱤᱨᱚᱯ ᱨᱮᱭᱟᱜ ᱱᱟᱯᱟᱭ ᱵᱮᱱᱟᱣ ᱫᱚ ᱪᱮᱫ?,"ᱱᱚᱶᱟ ᱥᱤᱨᱚᱯ ᱫᱚ ᱢᱤᱫ ᱞᱮᱠᱟ ᱯᱚᱨᱤᱢᱟᱱ ᱥᱟᱭᱠᱨᱤ ᱟᱨ ᱫᱟᱜ (1ᱼ1 ᱨᱮᱭᱟᱜ ᱚᱱᱩᱢᱟᱹᱱ), ᱡᱮᱞᱮᱠᱟ ᱢᱤᱫ ᱠᱟᱯ ᱜᱳᱨᱟᱢ ᱫᱟᱜ ᱨᱮ ᱢᱤᱫ ᱠᱟᱯ ᱥᱟᱭᱠᱨᱤ ᱥᱮᱞᱮᱫ ᱠᱟᱛᱮ ᱵᱮᱱᱟᱣ ᱦᱳᱭᱳᱜᱼᱟ ᱾"
336,ᱢᱩᱭᱟᱹ ᱠᱳᱞᱱᱤ ᱠᱚ ᱛᱤᱱᱟᱹᱜ ᱚᱠᱛᱚ ᱵᱤᱰᱟᱹᱣ ᱠᱚᱨᱟᱣ ᱞᱟᱹᱠᱛᱤ?,ᱢᱩᱭᱤ ᱫᱟᱜ ᱨᱮᱭᱟᱜ ᱚᱠᱛᱚ ᱨᱮ ᱦᱟᱯᱛᱟ ᱨᱮ ᱠᱚᱢ ᱠᱷᱚᱱ ᱠᱚᱢ ᱢᱤᱫ ᱫᱷᱟᱣ ᱢᱩᱭᱤ ᱠᱳᱞᱱᱤᱠᱚ ᱵᱤᱰᱟᱹᱣ ᱠᱚᱨᱟᱣ ᱞᱟᱹᱠᱛᱤ ᱠᱟᱱᱟ ᱾
337,ᱢᱩᱭᱟᱹᱧ ᱨᱮᱭᱟᱜ ᱚᱛᱚᱢ ᱪᱚᱯᱟᱞᱟᱣ ᱚᱠᱛᱚ ᱪᱮᱫ ᱦᱚᱨᱟ ᱠᱚ ᱯᱟᱞᱟᱣ ᱦᱩᱭᱩᱜᱼᱟ?,"ᱪᱚᱞᱟᱣ ᱦᱩᱭᱩᱜ ᱞᱟᱹᱠᱛᱤ ᱦᱩᱭᱩᱜ ᱠᱟᱱᱟ ᱟᱠᱷᱟᱲᱟ, ᱥᱯᱟᱨᱥ, ᱵᱨᱩᱰ ᱪᱟᱢᱵᱟᱨ ᱟᱨ ᱯᱷᱞᱳᱨᱵᱳᱨᱰ ᱾"
338,ᱦᱤᱭᱤᱵᱷ ᱵᱤᱰᱟᱹᱣ ᱚᱠᱛᱮ ᱪᱮᱫ ᱯᱚᱨᱤᱢᱟᱱ ᱠᱚ ᱵᱤᱰᱟᱹᱣ ᱠᱚᱨᱟᱣ ᱞᱟᱹᱠᱛᱤ?,"ᱢᱩᱭᱟᱹᱧᱤᱭᱟᱹ ᱫᱚ ᱢᱤᱫᱴᱟᱝ ᱱᱟᱯᱟᱭ ᱨᱟᱡᱤ, ᱜᱤᱫᱽᱨᱟᱹ ᱡᱟᱱᱟᱢ, ᱢᱩᱭ ᱟᱨ ᱯᱳᱞᱤᱱ ᱥᱟᱧᱪᱟᱣ, ᱠᱳᱞᱱᱤ ᱨᱮᱭᱟᱜ ᱫᱟᱲᱮ, ᱜᱷᱟᱹᱞ ᱨᱮᱭᱟᱜ ᱥᱮᱞᱮᱫ ᱟᱨ ᱰᱨᱚᱱ ᱨᱮᱭᱟᱜ ᱠᱟᱹᱢᱤ ᱦᱚᱨᱟ ᱵᱤᱰᱟᱹᱣ ᱠᱚᱨᱟᱣ ᱞᱟᱹᱠᱛᱤ ᱠᱟᱱᱟ ᱾"
339,ᱢᱤᱫᱴᱟᱝ ᱦᱤᱭᱤᱵᱷ ᱨᱮ ᱢᱳᱢ ᱢᱳᱛᱷ ᱨᱮᱭᱟᱜ ᱜᱮᱢᱮᱧ ᱪᱮᱫ ᱞᱮᱠᱟᱛᱮ ᱥᱟᱢᱲᱟᱣ ᱦᱩᱭ ᱫᱟᱲᱮᱭᱟᱜᱼᱟ?,"ᱢᱳᱢ ᱢᱳᱛᱷ ᱞᱟᱨᱵᱷᱟ ᱟᱨ ᱚᱱᱟ ᱠᱚ ᱨᱮᱭᱟᱜ ᱞᱟᱹᱞᱤᱥ ᱠᱚ ᱦᱤᱭᱤᱵᱷ ᱨᱮᱭᱟᱜ ᱠᱳᱢᱵᱮᱹᱵ, ᱠᱳᱱᱟ ᱟᱨ ᱯᱷᱟᱹᱨᱰᱩ ᱠᱚ ᱠᱷᱚᱱ ᱮ ᱵᱚᱱᱚᱫᱚᱞ ᱦᱩᱭᱩᱜ ᱛᱟᱢᱟ ᱾"
340,ᱢᱩᱭᱟᱹ ᱠᱳᱞᱱᱤ ᱨᱮ ᱢᱮᱲᱤ ᱥᱟᱢᱲᱟᱣ ᱨᱮᱱᱟᱜ ᱦᱚᱨᱟ ᱪᱮᱫ?,ᱯᱮᱴᱟᱥᱤᱭᱟᱢ ᱯᱮᱨᱮᱢᱟᱝᱜᱟᱱᱮᱴ ᱥᱚᱞᱟᱣᱥᱚᱱ ᱨᱮ ᱰᱩᱵᱮᱫ ᱠᱩᱛᱚᱱ ᱥᱵᱷᱮᱵ ᱵᱮᱣᱦᱟᱨ ᱠᱟᱛᱮ ᱯᱷᱨᱟᱢ ᱟᱨ ᱯᱷᱞᱳᱨᱵᱳᱨᱰ ᱠᱚ ᱥᱟᱨᱦᱟᱶ ᱠᱟᱛᱮ ᱢᱚᱭᱤᱴ ᱠᱚ ᱥᱟᱢᱵᱲᱟᱣ ᱫᱟᱲᱮᱭᱟᱜᱼᱟ ᱾
341,ᱞᱤᱪᱟᱹᱲ ᱚᱠᱛᱚ ᱨᱮ ᱪᱮᱫ ᱵᱚᱱᱫᱮᱡ ᱦᱚᱨᱟ ᱠᱚ ᱯᱟᱞᱚᱱ ᱦᱩᱭᱩᱜᱼᱟ?,"ᱠᱚᱢ ᱚᱠᱛᱚ ᱨᱮ, ᱵᱮᱼᱵᱩᱴᱟᱹ ᱠᱳᱞᱱᱤ ᱠᱚ ᱠᱚᱢᱯᱮᱴ ᱠᱚᱨᱟᱣ ᱦᱳᱭᱳᱜᱼᱟ, ᱠᱤᱭᱤᱱ ᱟᱨ ᱰᱨᱚᱱ ᱠᱳᱥ ᱠᱚ ᱵᱚᱱᱚᱫᱚᱞ ᱠᱚᱨᱟᱣ ᱦᱳᱭᱳᱜᱼᱟ, ᱥᱩᱯᱟᱨ ᱠᱚᱢ ᱦᱳᱭᱳᱜᱼᱟ, ᱟᱨ ᱢᱩᱭᱟᱹ ᱠᱚ ᱵᱮᱼᱵᱩᱴᱟᱹ ᱞᱮᱠᱟᱛᱮ ᱥᱟᱭᱠᱨᱤᱯ ᱮᱢ ᱦᱳᱭᱳᱜᱼᱟ ᱾"
342,ᱠᱚᱢ ᱚᱠᱛᱚ ᱨᱮ ᱥᱟᱱᱟᱢ ᱠᱳᱞᱱᱤ ᱠᱚ ᱢᱤᱫ ᱥᱟᱶᱛᱮ ᱪᱮᱫ ᱞᱟᱹᱜᱤᱫ ᱠᱚ ᱡᱚᱢᱟᱜ ᱮᱢᱚᱜ ᱦᱩᱭᱩᱜ ᱛᱟᱢᱟ?,"ᱥᱟᱱᱟᱢ ᱠᱳᱞᱱᱤ ᱠᱚ ᱢᱤᱫ ᱥᱟᱶᱛᱮ ᱠᱷᱮᱹᱞᱳᱰ ᱠᱚᱨᱟᱣ ᱫᱚ ᱞᱩᱴ ᱨᱮᱭᱟᱜ ᱵᱚᱱᱫᱮᱡ ᱮ ᱴᱮᱠᱟᱣᱼᱟ, ᱡᱟᱦᱟᱸ ᱨᱮ ᱫᱟᱲᱮᱹᱣᱟᱱᱟᱜ ᱠᱳᱞᱱᱤ ᱠᱚᱫᱚ ᱠᱚᱢ ᱫᱟᱲᱮᱹᱣᱟᱱᱟᱜ ᱠᱳᱞᱱᱤ ᱠᱚ ᱴᱷᱮᱱ ᱠᱷᱚᱱ ᱠᱷᱮᱹᱞ ᱞᱮᱫᱟ ᱾"
343,ᱢᱩᱭᱤ ᱫᱟᱜ ᱨᱮᱭᱟᱜ ᱚᱠᱛᱚ ᱞᱟᱹᱜᱤᱫ ᱢᱩᱭᱤ ᱠᱳᱞᱱᱤ ᱠᱚ ᱪᱮᱫ ᱞᱮᱠᱟᱛᱮ ᱵᱮᱱᱟᱣ ᱦᱩᱭᱩᱜᱼᱟ?,"ᱠᱳᱞᱱᱤ ᱠᱚ ᱫᱟᱲᱮᱹᱣᱟᱱᱟᱜ ᱦᱳᱭᱳᱜᱼᱟ, ᱯᱚᱨᱤᱢᱟᱱ ᱴᱷᱟᱶ ᱮᱢ ᱦᱳᱭᱳᱜᱼᱟ, ᱟᱨ ᱰᱷᱮᱨ ᱠᱷᱚᱱ ᱰᱷᱮᱨ ᱜᱷᱳᱨ ᱨᱮᱭᱟᱜ ᱠᱟᱹᱢᱤ ᱵᱚᱱᱫᱮᱡ ᱦᱳᱭᱳᱜᱼᱟ ᱾"
344,ᱦᱤᱭᱤᱵᱷ ᱵᱚᱱᱫᱮᱡ ᱨᱮ ᱢᱤᱫᱴᱟᱝ ᱨᱤᱱᱤ ᱮᱠᱠᱚᱞᱩᱱᱟᱨ ᱟᱜ ᱮᱱᱮᱢ ᱪᱮᱫ?,"ᱢᱤᱫᱴᱟᱝ ᱨᱤᱱᱟᱭ ᱵᱟᱝ ᱫᱚᱦᱚᱤᱡ ᱨᱤᱱᱟᱭ ᱢᱩᱭ ᱫᱚᱦᱚ ᱴᱚᱴᱷᱟ ᱨᱮ ᱥᱮᱴᱮᱨ ᱠᱷᱚᱱ ᱮ ᱵᱚᱱᱚᱫᱚᱞ ᱞᱮᱫᱟ, ᱡᱟᱦᱟᱸ ᱫᱚ ᱜᱚᱴᱟ ᱞᱮᱫᱟ ᱡᱮ ᱥᱩᱢᱩᱝ ᱠᱟᱹᱢᱤᱭᱟᱹ ᱢᱩᱭᱟᱹ ᱠᱚ ᱚᱱᱟ ᱦᱤᱸᱥᱠᱚ ᱨᱮ ᱢᱩᱭ ᱫᱚᱦᱚ ᱞᱮᱫᱟ ᱾"
345,ᱢᱩᱭ ᱫᱟᱜ ᱨᱮᱭᱟᱜ ᱚᱠᱛᱚ ᱨᱮ ᱯᱷᱨᱟᱢ ᱠᱚ ᱪᱮᱫ ᱞᱮᱠᱟᱛᱮ ᱪᱟᱪᱟᱞᱟᱣ ᱦᱩᱭᱩᱜᱼᱟ?,ᱢᱩᱭ ᱛᱮ ᱯᱮᱨᱮᱪ ᱟᱠᱟᱱ ᱯᱷᱨᱟᱢ ᱠᱚᱫᱚ ᱥᱩᱨ ᱥᱮᱫ ᱪᱟᱞᱟᱣ ᱦᱳᱭᱳᱜᱼᱟ ᱟᱨ ᱟᱨᱦᱚᱸ ᱢᱩᱭ ᱫᱚᱦᱚ ᱞᱟᱹᱜᱤᱫ ᱴᱷᱟᱶ ᱮᱢ ᱞᱟᱹᱜᱤᱫ ᱵᱮᱦᱟᱹᱛ ᱠᱳᱢᱵᱮ ᱥᱮᱞᱮᱫ ᱦᱳᱭᱳᱜᱼᱟ ᱾
346,ᱪᱮᱫ ᱞᱮᱠᱟᱛᱮ ᱢᱤᱫ ᱦᱚᱲ ᱢᱩᱭᱟᱹᱧᱟᱢᱤᱨ ᱯᱮᱠᱤ ᱢᱩᱫᱤ ᱠᱚ ᱪᱤᱱᱦᱟᱹ ᱫᱟᱲᱮᱭᱟᱜᱼᱟ ᱾,ᱯᱮᱥᱤ ᱢᱩᱫᱤ ᱨᱮᱭᱟᱜ ᱪᱤᱱᱦᱟᱹ ᱫᱚ ᱦᱩᱭᱩᱜ ᱠᱟᱱᱟ ᱢᱮᱢᱟ ᱛᱮ ᱥᱮᱞ ᱟᱠᱟᱱ ᱚᱱᱫᱷᱟᱹᱨ ᱠᱷᱚᱱ ᱦᱚᱸ ᱰᱷᱮᱨ ᱠᱳᱥ ᱥᱟᱶ ᱞᱟᱹᱞᱤᱥ ᱨᱚᱝ ᱨᱮᱭᱟᱜ ᱠᱳᱢᱵᱽᱥ ᱾
347,ᱢᱩᱭᱟᱹ ᱨᱮᱭᱟᱜ ᱦᱤᱭᱤᱵᱷ ᱫᱚᱦᱚ ᱚᱠᱛᱚ ᱪᱮᱫ ᱪᱮᱫ ᱥᱟᱧᱪᱟᱣ ᱦᱟᱛᱟᱣ ᱦᱩᱭᱩᱜᱼᱟ?,"ᱦᱤᱭᱤᱵᱷᱥ ᱫᱚ ᱱᱟᱯᱟᱭ ᱫᱟᱜᱼᱫᱩᱱᱩᱞ ᱴᱚᱴᱷᱟ ᱨᱮ ᱫᱚᱦᱚ ᱦᱳᱭᱳᱜᱼᱟ, ᱡᱟᱦᱟᱸ ᱫᱚ ᱥᱚᱨᱟᱥᱚᱨᱤ ᱥᱩᱱᱤᱯ ᱠᱷᱚᱱ ᱨᱩᱠᱷᱟᱹᱭᱟᱹ ᱦᱳᱭᱳᱜᱼᱟ, ᱡᱟᱦᱟᱸ ᱫᱚ ᱯᱩᱨᱵᱚ ᱥᱮᱪ ᱥᱮᱪ ᱢᱮᱱᱟᱜᱼᱟ, ᱟᱨ ᱵᱤᱨᱤᱭᱟᱹ ᱟᱨ ᱜᱷᱟᱹᱞ ᱠᱷᱚᱱ ᱵᱷᱮᱜᱟᱨ ᱫᱚᱦᱚ ᱦᱳᱭᱳᱜᱼᱟ ᱾"
348,ᱢᱩᱭᱟᱹ ᱯᱟᱞᱟᱣ ᱨᱮ ᱦᱤᱭᱤᱵᱷ ᱳᱭᱮᱨᱮᱱᱴᱮᱥᱚᱱ ᱫᱚ ᱪᱮᱫ ᱞᱟᱹᱜᱤᱫ ᱞᱟᱹᱠᱛᱤᱭᱟᱱ ᱠᱟᱱᱟ?,ᱱᱟᱯᱟᱭ ᱥᱮᱪ (ᱥᱟᱫᱷᱟᱨᱚᱱᱛᱚ ᱯᱩᱨᱵᱚ ᱥᱮᱪ) ᱢᱩᱭᱟᱹ ᱠᱚ ᱟᱹᱰᱤ ᱟᱹᱰᱤ ᱦᱚᱭᱦᱩᱫ ᱠᱷᱚᱱ ᱨᱩᱠᱷᱟᱹᱭᱟᱹ ᱨᱮ ᱜᱚᱲᱚ ᱮᱢᱼᱟ ᱟᱨ ᱩᱱᱠᱩᱭᱟᱜ ᱠᱟᱹᱢᱤ ᱦᱚᱨᱟ ᱨᱮᱭᱟᱜ ᱯᱚᱨᱤᱢᱟᱱ ᱠᱚ ᱩᱛᱱᱟᱹᱣᱼᱟ ᱾
349,ᱢᱩᱭᱟᱹ ᱠᱳᱞᱱᱤ ᱨᱮ ᱪᱮᱫ ᱞᱮᱠᱟᱛᱮ ᱟᱹᱰᱤ ᱰᱷᱮᱨ ᱦᱚᱲᱜᱩᱱ ᱫᱚ ᱵᱚᱱᱚᱫᱚᱞ ᱦᱩᱭᱩᱜᱼᱟ?,"ᱯᱚᱨᱤᱢᱟᱱ ᱴᱷᱟᱶ ᱮᱢ ᱠᱟᱛᱮ, ᱟᱹᱰᱤ ᱡᱟᱹᱥᱛᱤ ᱜᱤᱫᱽᱨᱟᱹ ᱥᱮ ᱥᱯᱟᱨ ᱠᱚ ᱵᱚᱱᱚᱫᱚᱞ ᱠᱟᱛᱮ ᱟᱨ ᱠᱳᱞᱱᱤ ᱨᱮᱭᱟᱜ ᱥᱟᱢᱵᱲᱟᱣ ᱫᱚᱦᱚ ᱠᱟᱛᱮ ᱟᱹᱰᱤ ᱰᱷᱮᱨ ᱜᱟᱹᱨᱰᱩ ᱮ ᱵᱟᱛᱟᱣᱟ ᱾"
350,ᱢᱤᱫᱴᱟᱝ ᱦᱤᱭᱤᱵᱷ ᱨᱮ ᱵᱷᱮᱱᱴᱤᱞᱮᱥᱚᱱ ᱨᱮᱱᱟᱜ ᱜᱚᱱᱚᱝ ᱪᱮᱫ?,"ᱱᱟᱯᱟᱭ ᱵᱷᱮᱱᱴᱤᱞᱮᱥᱚᱱ ᱟᱹᱰᱤ ᱵᱟᱹᱲᱛᱤ ᱦᱟᱹᱱ ᱮ ᱵᱚᱱᱚᱫᱚᱞᱼᱟ, ᱦᱤᱭᱤᱵᱷ ᱨᱮᱭᱟᱜ ᱱᱟᱯᱟᱭ ᱮ ᱫᱚᱦᱚᱼᱟ ᱟᱨ ᱜᱤᱫᱽᱨᱟᱹ ᱡᱟᱱᱟᱢ ᱞᱟᱹᱜᱤᱫ ᱥᱚᱨᱮᱥ ᱴᱷᱟᱶ ᱮ ᱜᱚᱴᱟᱼᱟ ᱾"
351,ᱪᱮᱫ ᱞᱮᱠᱟᱛᱮ ᱜᱨᱤᱠ ᱨᱮᱭᱟᱜ ᱢᱤᱫᱴᱟᱝ ᱵᱟᱰᱩ ᱵᱮᱱᱟᱣ ᱦᱳᱭᱳᱜᱼᱟ?,"ᱱᱚᱶᱟ ᱫᱚ ᱢᱤᱫᱴᱟᱝ ᱯᱟᱥᱱᱟᱣ ᱪᱮᱛᱟᱱ ᱨᱮ ᱟᱨ ᱦᱩᱰᱤᱧ ᱞᱟᱛᱟᱨ ᱨᱮ ᱵᱮᱱᱟᱣ ᱦᱳᱭᱳᱜᱼᱟ, ᱡᱟᱦᱟᱸ ᱫᱚ ᱜᱳᱣᱟᱨ ᱟᱨ ᱢᱮᱲᱤ ᱛᱮ ᱯᱞᱟᱥᱴᱟᱨ ᱠᱚᱨᱟᱣ ᱦᱳᱭᱳᱜᱼᱟ, ᱡᱟᱦᱟᱸ ᱫᱚ ᱠᱟᱴᱟᱹ ᱨᱮᱭᱟᱜ ᱵᱟᱨ ᱛᱮ ᱛᱷᱟᱯᱚᱱ ᱦᱳᱭᱳᱜᱼᱟ, ᱟᱨ ᱱᱚᱶᱟ ᱫᱚ ᱢᱤᱫᱴᱟᱝ ᱯᱷᱚᱫᱥ ᱨᱮ ᱫᱚᱦᱚ ᱦᱳᱭᱳᱜᱼᱟ ᱾"
352,ᱠᱟᱴᱟᱣ ᱛᱟᱭᱚᱢ ᱥᱮᱨᱣᱟ ᱟᱱᱟᱜ ᱦᱤᱭᱤᱵᱷ ᱨᱮ ᱠᱟᱹᱪ ᱨᱮᱭᱟᱜ ᱢᱤᱫᱴᱟᱝ ᱥᱴᱨᱤᱯ ᱪᱮᱫ ᱞᱟᱹᱜᱤᱫ ᱫᱚᱦᱚ ᱦᱩᱭᱩᱜᱼᱟ?,ᱛᱟᱭᱚᱢ ᱫᱟᱨᱟᱢ ᱨᱮ ᱢᱩᱭ ᱵᱮᱱᱟᱣ ᱞᱟᱹᱜᱤᱫ ᱥᱤᱞᱟᱴ ᱠᱳᱢᱵᱽ ᱵᱮᱱᱟᱣ ᱨᱮ ᱢᱩᱭᱤ ᱠᱚᱣᱟᱜ ᱰᱟᱦᱟᱨ ᱩᱫᱩᱜ ᱞᱟᱹᱜᱤᱫ ᱢᱤᱫᱴᱟᱝ ᱠᱟᱹᱴᱤᱡ ᱠᱳᱢᱵᱮ ᱫᱚᱦᱚ ᱫᱚᱦᱚ ᱦᱳᱭᱳᱜᱼᱟ ᱾
353,ᱢᱤᱫᱴᱟᱝ ᱦᱤᱭᱤᱵᱷ ᱨᱮ ᱪᱮᱛᱟᱱ ᱨᱮᱭᱟᱜ ᱵᱟᱨ ᱠᱚ ᱨᱮᱭᱟᱜ ᱠᱟᱹᱢᱤ ᱪᱮᱫ?,ᱪᱮᱛᱟᱱ ᱨᱮᱭᱟᱜ ᱵᱟᱨ ᱠᱚᱫᱚ ᱢᱩᱭᱟᱹ ᱠᱚ ᱠᱷᱟᱢ ᱵᱮᱱᱟᱣ ᱞᱟᱹᱜᱤᱫ ᱟᱨ ᱩᱱᱠᱚ ᱢᱩᱫ ᱨᱮ ᱱᱟᱯᱟᱭ ᱵᱷᱮᱜᱟᱨ ᱫᱚᱦᱚ ᱞᱟᱹᱜᱤᱫ ᱵᱮᱱᱟᱣ ᱮ ᱮᱢ ᱞᱮᱫᱟ ᱾
354,ᱥᱤᱜᱤᱞ ᱢᱩᱭ ᱵᱮᱱᱟᱣ ᱨᱮᱭᱟᱜ ᱢᱩᱲᱩᱫ ᱦᱚᱨᱟ ᱠᱚ ᱪᱮᱫ?,"ᱢᱩᱲᱩᱫ ᱦᱚᱨᱟ ᱠᱚ ᱢᱩᱫ ᱨᱮ ᱢᱮᱱᱟᱜ ᱟ ᱱᱟᱯᱟᱭ ᱦᱤᱭᱤᱵᱷ ᱥᱮᱯᱚᱛ, ᱠᱳᱞᱱᱤ ᱛᱷᱟᱯᱚᱱ, ᱜᱚᱴᱟᱼᱵᱩᱴᱟᱹ ᱵᱤᱰᱟᱹᱣ, ᱯᱮᱥᱴ ᱥᱟᱢᱲᱟᱣ, ᱢᱚᱨᱥᱩᱢ ᱵᱚᱱᱫᱮᱡ ᱟᱨ ᱚᱠᱛᱚ ᱞᱮᱠᱟᱛᱮ ᱠᱤᱨᱤᱧ ᱾"
355,ᱪᱟᱥᱤᱭᱟᱹ ᱠᱚ ᱪᱮᱫ ᱞᱮᱠᱟᱛᱮ ᱠᱨᱩᱥᱤᱯᱷᱟᱨ ᱪᱟᱥ ᱨᱮ ᱮᱯᱷᱤᱰ ᱨᱮᱭᱟᱜ ᱜᱮᱢᱮᱧ ᱧᱮᱞ ᱫᱟᱲᱮᱭᱟᱜᱼᱟ ᱾,ᱵᱷᱟᱝᱟᱣᱟᱱ (ᱢᱮᱠᱨᱚᱯᱴᱚᱨᱟᱥ) ᱮᱯᱷᱤᱰ ᱢᱟᱨᱟᱝ ᱠᱚ ᱧᱮᱞ ᱞᱟᱹᱜᱤᱫ ᱟᱨ ᱜᱮᱢᱮᱧ ᱨᱮᱭᱟᱜ ᱯᱚᱨᱤᱢᱟᱱ ᱨᱮᱭᱟᱜ ᱵᱤᱰᱟᱹᱣ ᱞᱟᱹᱜᱤᱫ ᱪᱟᱥᱤᱭᱟᱹ ᱠᱚ ᱡᱚᱛᱚ ꯍꯦꯛꯇꯔ ᱨᱮ 12 ᱜᱚᱴᱟᱝ ᱦᱟᱹᱨᱰᱩ ᱥᱴᱤᱠᱤ ᱴᱨᱟᱯ ᱛᱷᱟᱯᱚᱱ ᱫᱟᱲᱮᱭᱟᱜᱼᱟ ᱾
356,ᱠᱟᱵᱟᱡᱤ ᱨᱮᱭᱟᱜ ᱮᱯᱷᱤᱰ ᱠᱚ ᱞᱟᱹᱜᱤᱫ ᱦᱚᱨᱟ ᱞᱮᱠᱟᱛᱮ ᱡᱩᱭᱟᱹᱱᱤᱠ ᱵᱚᱱᱫᱮᱡ ᱦᱚᱨᱟ ᱪᱮᱫ?,ᱞᱮᱰᱤᱵᱟᱜ ᱟᱨ ᱞᱮᱥᱤᱵᱷᱤᱝᱥ ᱞᱮᱠᱟᱱ ᱥᱮᱨᱣᱟ ᱟᱱᱟᱜ ᱞᱟᱹᱞᱤᱥᱤᱭᱟᱹ ᱠᱚ ᱩᱫᱜᱟᱹᱣ ᱢᱮ ᱟᱨ ᱥᱟᱫᱷᱟᱨᱚᱱ ᱞᱮᱠᱟᱛᱮ ᱮᱯᱷᱤᱰ ᱨᱮᱭᱟᱜ ᱞᱮᱠᱷᱟ ᱠᱚᱢ ᱞᱟᱹᱜᱤᱫ ᱮᱯᱷᱤᱫᱤᱭᱟᱥ ᱠᱳᱞᱮᱢᱟᱱᱤ ᱞᱮᱠᱟᱱ ᱯᱮᱨᱟᱥᱟᱭᱴᱚᱭᱰ ᱠᱚ ᱮᱛᱚᱦᱚᱵ ᱢᱮ ᱾
357,ᱮᱯᱷᱤᱰ ᱥᱟᱢᱵᱲᱟᱣ ᱞᱟᱹᱜᱤᱫ ᱪᱮᱫ ᱞᱮᱠᱟ ᱠᱟᱛᱮ ᱮᱢᱴᱤᱠᱤᱥᱤᱰᱟᱞ ᱥᱳᱯ ᱵᱮᱣᱦᱟᱨ ᱦᱩᱭᱩᱜᱼᱟ?,"ᱮᱯᱷᱤᱰ ᱠᱚ ᱪᱮᱛᱟᱱ ᱨᱮ ᱥᱤᱜᱤᱞᱟᱜ ᱜᱮ ᱤᱱᱥᱮᱴᱤᱠᱟᱭᱰᱮᱞ ᱥᱳᱯ ᱥᱮ ᱳᱭᱮᱞ ᱮᱥᱯᱨᱮ ᱠᱚᱨᱟᱣ ᱦᱳᱭᱳᱜᱼᱟ, ᱡᱟᱦᱟᱸ ᱫᱚ ᱩᱱᱠᱩᱭᱟᱜ ᱰᱟᱭᱠᱮᱴᱮᱞᱱᱤᱭᱮᱥ ᱯᱮᱨᱮᱹᱥ ᱠᱚ ᱵᱚᱱᱫᱮᱡ ᱠᱟᱛᱮ ᱟᱨ ᱜᱮᱢᱮᱧ ᱠᱚᱢ ᱠᱟᱛᱮ ᱩᱱᱠᱩᱭᱟᱜ ᱜᱷᱟᱹᱞ ᱮ ᱵᱚᱱᱫᱮᱡᱼᱟ ᱾"
358,ᱰᱚᱭᱤᱱᱰᱵᱮᱠ ᱢᱳᱛᱷ (ᱰᱤ ᱵᱤ ᱮᱢ) ᱥᱟᱢᱲᱟᱣ ᱞᱟᱹᱜᱤᱫ ᱪᱮᱫ ᱪᱮᱫ ᱞᱟᱠᱪᱟᱨ ᱟᱹᱨᱤ ᱜᱚᱲᱚ ᱮᱢᱼᱟ?,ᱠᱤᱨᱤᱧ ᱛᱟᱭᱚᱢ ᱯᱷᱚᱞᱮ ᱨᱮᱭᱟᱜ ᱵᱤᱨᱟᱹᱫᱟᱹᱞᱤ ᱠᱚ ᱵᱚᱱᱚᱫᱚᱞ ᱟᱨ ᱵᱚᱱᱚᱫᱚᱞ ᱢᱮ ᱟᱨ ᱯᱮᱥᱴᱟᱜ ᱡᱤᱭᱚᱱ ᱪᱮᱨᱟᱭ ᱵᱚᱱᱚᱫᱚᱞ ᱞᱟᱹᱜᱤᱫ ᱯᱷᱚᱞᱮ ᱨᱳᱨᱮᱴᱮᱱ ᱵᱮᱣᱦᱟᱨ ᱢᱮ ᱾
359,ᱢᱮᱠᱨᱳᱵᱚᱭᱮᱞ ᱜᱮᱹᱥᱴᱤᱠᱟᱭᱰᱤᱥ ᱪᱮᱫ ᱞᱮᱠᱟᱛᱮ ᱠᱮᱴᱟᱨᱯᱤᱞᱟᱨ ᱜᱮᱹᱥᱴᱤ ᱥᱟᱢᱲᱟᱣᱼᱟ?,"ᱵᱮᱥᱤᱞᱟᱥ ᱛᱩᱨᱤᱝᱜᱤᱭᱮᱱᱤᱥᱤᱥ (ᱵᱤᱴᱤ) ᱟᱨ ᱥᱯᱤᱱᱳᱥᱮᱰ ᱞᱮᱠᱟᱱ ᱢᱮᱠᱨᱳᱵᱚᱭᱮᱞ ᱜᱮᱹᱥᱴᱤᱠᱟᱭᱰᱤᱥ ᱠᱚ ᱠᱮᱴᱟᱨᱯᱤᱞᱟᱨ ᱞᱟᱨᱵᱷᱟᱭᱟᱜ ᱜᱩᱴ ᱨᱮ ᱜᱮᱢᱮᱧ ᱠᱟᱛᱮ ᱚᱱᱟ ᱠᱚ ᱴᱮᱦᱟᱴ ᱞᱮᱫᱟ, ᱡᱟᱦᱟᱸ ᱫᱚ ᱜᱚᱱᱚᱝᱟᱱ ᱞᱟᱹᱞᱤᱥ ᱠᱚ ᱦᱟᱹᱱ ᱵᱟᱝ ᱠᱟᱛᱮ ᱜᱚᱡ ᱨᱮᱭᱟᱜ ᱚᱡᱮ ᱦᱩᱭ ᱞᱮᱱᱟ ᱾"
360,ᱠᱟᱵᱟᱡᱤ ᱨᱮᱭᱟᱜ ᱦᱤᱫᱤᱡᱼᱵᱳᱨᱟᱨ ᱜᱮᱢᱮᱧ ᱥᱟᱢᱲᱟᱣ ᱞᱟᱹᱜᱤᱫ ᱦᱚᱨᱟ ᱫᱚ ᱪᱮᱫ?,"ᱦᱮᱱᱰᱯᱤᱠ ᱞᱟᱨᱵᱷᱟ, ᱵᱤᱴᱤ ᱥᱮ ᱥᱯᱤᱱᱳᱥᱮᱰ ᱥᱯᱨᱮ ᱵᱮᱣᱦᱟᱨ ᱢᱮ, ᱟᱨ ᱯᱮᱨᱟᱥᱟᱭᱴᱤᱠ ᱵᱷᱮᱥᱯ ᱟᱨ ᱯᱨᱮᱰᱮᱴᱟᱨᱤ ᱵᱤᱴᱚᱞ ᱞᱮᱠᱟ ᱥᱟᱫᱷᱟᱨᱚᱱ ᱵᱤᱨᱤᱫ ᱠᱚ ᱥᱮᱞᱮᱫ ᱢᱮ ᱾"
361,ᱪᱮᱫ ᱞᱮᱠᱟᱛᱮ ᱠᱟᱵᱟᱡᱤ ᱚᱛᱚᱢ ᱨᱮᱭᱟᱜ ᱳᱭᱮᱵᱽᱵᱟᱨ ᱜᱮᱢᱮᱧ ᱥᱟᱢᱲᱟᱣ ᱦᱩᱭ ᱫᱟᱲᱮᱭᱟᱜᱼᱟ?,ᱟᱨᱦᱚᱸ ᱯᱟᱥᱱᱟᱣ ᱵᱚᱱᱚᱫᱚᱞ ᱞᱟᱹᱜᱤᱫ ᱠᱮᱴᱟᱨᱯᱤᱞᱟᱨ ᱢᱮᱱᱟᱜ ᱜᱮᱢᱮᱧ ᱳᱣᱟᱵᱽᱵᱰ ᱥᱟᱠᱟᱢᱠᱚ ᱵᱚᱱᱚᱫᱚᱞ ᱟᱨ ᱱᱟᱥᱟᱣ ᱠᱚᱨᱟᱣ ᱞᱟᱹᱠᱛᱤ ᱾
362,ᱠᱟᱵᱟᱡᱤ ᱞᱮᱯᱷ ᱳᱭᱮᱵᱽᱵᱟᱨ ᱞᱟᱹᱜᱤᱫ ᱡᱩᱭᱟᱹᱱᱤᱠ ᱵᱚᱱᱫᱮᱡ ᱨᱮᱱᱟᱜ ᱦᱚᱨᱟ ᱪᱮᱫ?,"ᱞᱟᱨᱵᱷᱟ ᱯᱮᱨᱟᱥᱟᱭᱴᱚᱭᱰ ᱠᱳᱴᱤᱥᱤᱭᱟ ᱠᱨᱳᱥᱤᱰᱳᱞᱳᱢᱤᱭᱟ ᱫᱚ ᱪᱷᱟᱹᱲ ᱮᱢ ᱢᱮ, ᱡᱟᱦᱟᱸᱛᱮ ᱠᱤᱭᱟᱹ ᱠᱚᱣᱟᱜ ᱞᱮᱠᱷᱟ ᱠᱟᱹᱢᱤ ᱞᱮᱠᱟᱛᱮ ᱠᱚᱢᱚᱜᱼᱟ ᱾"
363,ᱠᱟᱵᱟᱡᱤ ᱞᱮᱯᱷ ᱳᱭᱮᱵᱽᱵᱟᱨ ᱞᱟᱹᱜᱤᱫ ᱪᱮᱫ ᱞᱮᱠᱟᱛᱮ ᱨᱚᱥᱤᱭᱟᱱᱟᱜ ᱥᱟᱢᱲᱟᱣ ᱵᱮᱣᱦᱟᱨ ᱦᱩᱭᱩᱜᱼᱟ?,ᱮᱥᱮᱨᱟᱱ ᱞᱮᱠᱟᱛᱮ ᱠᱤᱭᱟᱹ ᱥᱟᱢᱲᱟᱣ ᱞᱟᱹᱜᱤᱫ 0ᱹ1 ᱥᱟᱭᱦᱤᱸᱥ ᱨᱮ ᱢᱮᱞᱟᱛᱷᱤᱭᱚᱱ 50 ᱤ ᱥᱤ ᱮᱥᱯᱨᱮ ᱠᱚᱨᱟᱣ ᱢᱮ ᱾
364,ᱠᱟᱵᱟᱡᱤ ᱚᱛᱢᱚᱱ ᱨᱮᱭᱟᱜ ᱜᱮᱢᱮᱧ ᱥᱟᱢᱲᱟᱣ ᱞᱟᱹᱜᱤᱫ ᱪᱮᱫ ᱦᱚᱨᱟ ᱢᱮᱱᱟᱜᱼᱟ?,"ᱮᱛᱚᱦᱚᱵ ᱥᱮᱫ ᱨᱮᱱ ᱠᱟᱴᱮᱨᱟᱱ ᱠᱚ ᱛᱤᱛᱮ ᱦᱟᱛᱟᱣ ᱠᱟᱛᱮ ᱟᱨ ᱱᱟᱥᱟᱣ ᱦᱳᱭᱳᱜᱼᱟ, ᱚᱱᱟ ᱛᱟᱭᱚᱢ ᱠᱳᱴᱤᱥᱤᱭᱟ ᱜᱚᱞᱳᱢᱮᱨᱟᱴᱚᱥ ᱵᱮᱣᱦᱟᱨ ᱠᱟᱛᱮ ᱡᱩᱭᱤᱠ ᱵᱚᱱᱫᱮᱡ ᱟᱨ ᱞᱟᱹᱠᱛᱤ ᱦᱩᱭ ᱞᱮᱱ ᱠᱷᱟᱱ ᱮᱱᱥᱴᱤᱥᱟᱭᱰᱤᱥ ᱵᱮᱣᱦᱟᱨ ᱦᱳᱭᱳᱜᱼᱟ ᱾"
365,ᱯᱷᱚᱞᱳᱴᱤᱝ ᱨᱳ ᱠᱚᱵᱷᱟᱨ ᱠᱚ ᱪᱮᱫ ᱞᱮᱠᱟᱛᱮ ᱠᱟᱵᱟᱡᱤ ᱨᱮᱭᱟᱜ ᱢᱩᱲᱩᱫ ᱢᱮᱜᱳᱴ ᱥᱟᱢᱵᱲᱟᱣ ᱨᱮ ᱜᱚᱲᱚ ᱮᱢᱼᱟ?,"ᱱᱚᱶᱟ ᱠᱚᱫᱚ ᱢᱤᱫᱴᱟᱝ جسمٲنی ᱵᱚᱱᱫᱷᱩᱠ ᱞᱮᱠᱟᱛᱮ ᱠᱟᱹᱢᱤᱼᱟ, ᱡᱟᱦᱟᱸ ᱫᱚ ᱡᱟᱱᱟᱢ ᱟᱠᱟᱱ ᱢᱮᱠᱷᱤ ᱠᱚ ᱚᱛᱢᱚᱱ ᱨᱮᱭᱟᱜ ᱞᱟᱛᱟᱨ ᱥᱩᱨ ᱨᱮ ᱰᱤᱱᱰᱩ ᱫᱚᱦᱚ ᱠᱷᱚᱱ ᱮ ᱵᱚᱱᱫᱷᱩᱠᱼᱟ ᱾"
366,ᱜᱷᱟᱹᱞ ᱥᱟᱢᱲᱟᱣ ᱨᱮ ᱵᱷᱟᱞᱮᱱᱟᱜ ᱱᱮᱢᱮᱴᱳᱰ ᱨᱮᱱᱟᱜ ᱮᱱᱮᱢ ᱪᱮᱫ?,ᱵᱷᱟᱞᱮᱠᱟᱱ ᱱᱮᱢᱟᱴᱳᱰ ᱠᱚ ᱚᱛᱚᱢ ᱨᱮ ᱵᱮᱣᱦᱟᱨ ᱦᱳᱭᱳᱜᱼᱟ ᱡᱟᱦᱟᱸ ᱨᱮ ᱱᱚᱶᱟ ᱠᱚᱫᱚ ᱢᱩᱲᱩᱫ ᱢᱮᱜᱳᱴ ᱞᱟᱨᱵᱷᱟ ᱜᱮᱢᱮᱧ ᱟᱨ ᱜᱚᱡᱼᱟ ᱾
367,ᱯᱷᱚᱞᱮ ᱨᱳᱨᱮᱴᱮᱱ ᱪᱮᱫ ᱞᱮᱠᱟᱛᱮ ᱚᱛᱚᱢ ᱨᱮᱭᱟᱜ ᱢᱮᱜᱳᱴ ᱞᱮᱠᱟᱱ ᱚᱛᱢᱚᱱ ᱥᱟᱢᱲᱟᱣ ᱨᱮ ᱜᱚᱲᱚ ᱮᱢᱼᱟ?,ᱯᱷᱚᱞᱚᱠ ᱨᱳᱨᱮᱴᱮᱱ ᱫᱚ ᱚᱛᱢᱚᱱ ᱠᱷᱚᱱ ᱩᱱᱠᱩᱨᱮᱱ ᱞᱟᱹᱠᱛᱤᱭᱟᱱ ᱛᱷᱟᱯᱚᱱᱟᱱ ᱚᱛᱢᱚᱱ ᱠᱚ ᱵᱚᱱᱚᱫᱚᱞ ᱠᱟᱛᱮ ᱠᱤᱭᱟᱹ ᱠᱚᱣᱟᱜ ᱡᱤᱭᱚᱱ ᱪᱚᱠ ᱫᱚ ᱵᱚᱱᱚᱫᱚᱞᱼᱟ ᱾
368,ᱞᱟᱠᱪᱟᱨ ᱦᱚᱨᱟ ᱛᱟᱞᱟᱛᱮ ᱴᱮᱵᱟᱠ ᱠᱮᱴᱟᱨᱯᱤᱞᱟᱨ ᱥᱟᱢᱲᱟᱣ ᱨᱮᱭᱟᱜ ᱦᱚᱨᱟ ᱫᱚ ᱪᱮᱫ?,ᱯᱟᱥᱱᱟᱣᱟᱱᱟᱜ ᱞᱟᱨᱵᱷᱟᱨᱟ ᱵᱚᱱᱚᱫᱚᱞ ᱞᱟᱹᱜᱤᱫ ᱯᱤᱭᱩᱯᱟ ᱟᱨ ᱰᱩᱵᱟᱹ ᱚᱛᱢᱚᱱ ᱨᱮ ᱚᱛ ᱞᱟᱹᱜᱤᱫ ᱚᱛᱢᱚᱱ ᱢᱮ ᱾
369,ᱴᱮᱵᱟᱠ ᱠᱮᱴᱟᱨᱯᱤᱞᱟᱨ ᱥᱟᱢᱲᱟᱣ ᱞᱟᱹᱜᱤᱫ ᱯᱷᱮᱨᱳᱢᱳᱱ ᱴᱨᱟᱯ ᱠᱚ ᱪᱮᱫ ᱞᱮᱠᱟᱛᱮ ᱵᱮᱣᱦᱟᱨ ᱦᱩᱭᱩᱜᱼᱟ?,ᱩᱢᱮᱨᱟᱱ ᱠᱟᱴᱤᱡ ᱠᱚ ᱮᱥᱮᱨ ᱞᱟᱹᱜᱤᱫ ᱟᱨ ᱯᱷᱮᱨᱳᱢᱳᱱ ᱴᱨᱟᱯ (ᱯᱷᱮᱨᱳᱰᱤᱱ ᱮᱥ ᱮᱞ) ᱡᱚᱛᱚ ꯍꯦꯛꯇꯔ ᱨᱮ 15 ᱥᱟᱭᱠᱟᱹᱴᱨᱮ ᱛᱷᱟᱯᱚᱱ ᱢᱮ ᱾
370,ᱠᱨᱩᱥᱤᱯᱷᱟᱨ ᱪᱟᱥ ᱨᱮ ᱤᱱᱴᱤᱜᱨᱮᱴᱮᱰ ᱯᱮᱥᱴ ᱢᱮᱱᱮᱡᱢᱮᱱᱴ (ᱟᱭᱯᱤ ᱮᱢ) ᱪᱮᱫ ᱞᱮᱠᱟᱛᱮ ᱠᱟᱹᱢᱤᱼᱟ?,"ᱟᱭᱹᱯᱤᱹᱮᱢ ᱫᱚ ᱦᱚᱭᱦᱩᱫᱤᱥ ᱨᱮᱭᱟᱜ ᱮᱥᱮᱨ ᱠᱚᱢ ᱠᱚᱨᱟᱣ ᱥᱟᱶ ᱥᱟᱶ ᱠᱤᱭᱟᱹᱱᱟᱜ ᱞᱮᱠᱟᱛᱮ ᱠᱤᱭᱟᱹ ᱥᱟᱢᱲᱟᱣ ᱞᱟᱹᱜᱤᱫ ᱞᱟᱠᱪᱟᱨ, ᱡᱩᱭᱟᱹᱱᱤᱠ, ᱢᱮᱠᱱᱤᱠᱮᱞ ᱟᱨ ᱨᱚᱥᱤᱭᱟᱱᱟᱜ ᱦᱚᱨᱟ ᱠᱚ ᱥᱮᱞᱮᱫ ᱟᱠᱟᱫᱟ ᱾"
371,ᱞᱟᱹᱞᱤᱥ ᱵᱚᱱᱫᱮᱡ ᱨᱮ ᱜᱚᱴᱟᱼᱵᱩᱴᱟᱹ ᱴᱚᱴᱷᱟ ᱧᱮᱞ ᱫᱚᱦᱚ ᱨᱮᱭᱟᱜ ᱮᱱᱮᱢ ᱪᱮᱫ?,ᱜᱚᱴᱟᱼᱵᱩᱴᱟᱹ ᱧᱮᱞ ᱫᱚᱦᱚ ᱠᱤᱭᱟᱹ ᱠᱚ ᱢᱟᱲᱟᱝ ᱠᱷᱚᱱ ᱜᱮ ᱧᱮᱞ ᱞᱟᱹᱜᱤᱫ ᱛᱮ ᱜᱚᱲᱚ ᱮᱢᱼᱟ ᱟᱨ ᱚᱠᱛᱚ ᱞᱮᱠᱟᱛᱮ ᱱᱟᱯᱟᱭ ᱥᱟᱢᱵᱲᱟᱣ ᱨᱮᱭᱟᱜ ᱦᱚᱨᱟ ᱠᱚ ᱵᱮᱣᱦᱟᱨ ᱞᱟᱹᱜᱤᱫ ᱮ ᱜᱚᱲᱚᱼᱟ ᱾
372,ᱠᱨᱩᱥᱤᱯᱷᱟᱨ ᱯᱮᱥᱴ ᱠᱚ ᱪᱮᱫ ᱞᱮᱠᱟᱛᱮ ᱯᱮᱥᱴᱟᱭᱤᱥᱟᱭᱰ ᱨᱮᱥᱤᱥᱴᱮᱱᱥ ᱥᱟᱢᱲᱟᱣ ᱫᱟᱲᱮᱭᱟᱜᱼᱟ?,ᱟᱭᱢᱟ ᱦᱚᱨᱟᱛᱮ ᱵᱮᱹᱥᱴᱮᱠᱤᱥᱟᱭᱰ ᱠᱚ ᱨᱳᱯᱳᱞᱮᱴ ᱠᱟᱛᱮ ᱟᱨ ᱢᱤᱫ ᱜᱮ ᱠᱤᱢᱤᱠᱮᱞ ᱵᱟᱨᱮᱛᱮ ᱵᱮᱶᱦᱟᱨ ᱵᱚᱱᱚᱫᱚᱞ ᱠᱟᱛᱮ ᱾
373,ᱪᱮᱫ ᱪᱮᱫ ᱞᱟᱠᱪᱟᱨ ᱦᱚᱨᱟ ᱠᱤᱭᱟᱹ ᱠᱚ ᱵᱤᱨᱩᱫᱷ ᱨᱮ ᱯᱷᱚᱞᱮ ᱨᱮᱭᱟᱜ ᱡᱟᱨᱯᱟ ᱫᱟᱲᱮᱹᱣᱟ?,"ᱠᱟᱹᱢᱤ ᱞᱮᱠᱟᱛᱮ ᱫᱟᱜ ᱮᱢ, ᱚᱠᱛᱚ ᱞᱮᱠᱟᱛᱮ ᱵᱤᱵᱚᱨᱚᱱ ᱟᱨ ᱚᱛᱢᱚᱱ ᱨᱮᱭᱟᱜ ᱱᱟᱯᱟᱭ ᱫᱚᱦᱚ ᱠᱤᱭᱟᱹ ᱠᱚ ᱡᱟᱨᱯᱟ ᱞᱟᱹᱜᱤᱫ ᱯᱷᱚᱞᱮ ᱫᱟᱲᱮᱭ ᱵᱟᱹᱲᱛᱤᱼᱟ ᱾"
374,ᱮᱯᱷᱤᱰᱠᱚ ᱫᱟᱨᱟᱭ ᱛᱮ ᱦᱤᱭᱤᱰᱤᱣ ᱥᱚᱨᱟᱣ ᱪᱮᱫ ᱞᱮᱠᱟᱛᱮ ᱚᱛᱢᱚᱱ ᱠᱚ ᱮᱥᱮᱨᱼᱟ?,"ᱦᱟᱱᱤᱰᱤᱣ ᱥᱩᱴᱤ ᱢᱚᱞᱰ ᱨᱮᱭᱟᱜ ᱡᱟᱱᱟᱢ ᱮ ᱯᱟᱥᱱᱟᱣᱼᱟ, ᱡᱟᱦᱟᱸ ᱫᱚ ᱥᱩᱱᱟᱭᱚᱞ ᱮ ᱵᱚᱱᱫᱮᱡᱼᱟ ᱟᱨ ᱪᱚᱞᱚᱠᱥᱚᱱᱚᱛᱚ ᱠᱚᱢᱼᱟ ᱾"
375,ᱠᱤᱨᱤᱧ ᱛᱟᱭᱚᱢ ᱯᱷᱚᱞᱮ ᱨᱮᱭᱟᱜ ᱵᱮᱹᱥᱮᱫ ᱠᱚ ᱵᱚᱱᱚᱫᱚᱞ ᱨᱮᱭᱟᱜ ᱜᱚᱱᱚᱝ ᱪᱮᱫ?,"ᱱᱚᱶᱟ ᱫᱚ ᱡᱟᱱᱟᱢ ᱨᱮᱭᱟᱜ ᱴᱷᱟᱶ ᱟᱨ ᱜᱷᱟᱹᱞᱤᱭᱟᱹ ᱠᱚᱣᱟᱜ ᱟᱹᱰᱤ ᱰᱷᱮᱨ ᱥᱤᱱᱛᱟᱹᱨ ᱨᱮᱭᱟᱜ ᱯᱚᱨᱤᱢᱟᱱ ᱠᱚ ᱪᱷᱟᱹᱲᱮ ᱮᱢᱼᱟ, ᱡᱟᱦᱟᱸ ᱛᱟᱭᱚᱢ ᱫᱟᱨᱟᱢ ᱨᱮᱭᱟᱜ ᱜᱮᱢᱮᱧ ᱠᱚ ᱠᱚᱢᱼᱟ ᱾"
376,ᱠᱨᱩᱥᱤᱯᱷᱟᱨ ᱯᱮᱥᱴ ᱠᱚ ᱠᱟᱹᱢᱤ ᱞᱮᱠᱟᱛᱮ ᱪᱟᱪᱟᱞᱟᱣ ᱞᱟᱹᱜᱤᱫ ᱥᱟᱱᱟᱢᱟᱜ ᱦᱚᱨᱟ ᱞᱮᱠᱟᱛᱮ ᱦᱚᱨᱟ ᱫᱚ ᱪᱮᱫ?,"ᱞᱟᱹᱞᱤᱥ ᱨᱮᱭᱟᱜ ᱯᱚᱨᱤᱢᱟᱱ ᱧᱮᱞ ᱫᱚᱦᱚ, ᱞᱟᱠᱪᱟᱨ ᱨᱮᱭᱟᱜ ᱦᱚᱨᱟ ᱠᱚ ᱦᱟᱛᱟᱣ, ᱡᱤᱭᱚᱱᱟᱱ ᱥᱟᱢᱲᱟᱣ ᱞᱟᱹᱜᱤᱫ ᱮ ᱮᱢ ᱮ ᱮᱢ ᱞᱮᱫᱟ, ᱡᱚᱠᱱᱤᱠ ᱦᱚᱨᱟ ᱠᱚ ᱵᱮᱣᱦᱟᱨ ᱞᱮᱫᱟ ᱟᱨ ᱟᱭᱯᱤ ᱮᱢ ᱨᱮᱭᱟᱜ ᱦᱤᱸᱥ ᱞᱮᱠᱟᱛᱮ ᱨᱚᱥᱤᱭᱟᱱᱟᱜ ᱠᱚ ᱵᱮᱣᱦᱟᱨ ᱞᱮᱫᱟ ᱾"
377,ᱡᱩᱭᱟᱹᱱᱟᱱ ᱪᱟᱥ ᱨᱮ ᱱᱩᱴᱤᱨᱤᱱᱴᱮᱹᱱᱴ ᱵᱚᱱᱫᱮᱡ ᱨᱮᱭᱟᱜ ᱯᱚᱨᱤᱢᱟᱱ ᱦᱚᱨᱟ ᱪᱮᱫ?,"ᱨᱟᱛᱟᱝ ᱥᱮᱲ ᱟᱨ ᱠᱚᱢᱯᱳᱥᱴ ᱵᱮᱣᱦᱟᱨ ᱠᱟᱛᱮ ᱚᱛᱚᱢ ᱨᱮᱭᱟᱜ ᱡᱩᱭᱟᱹᱱᱤᱠ ᱯᱚᱨᱤᱢᱟᱱ ᱵᱮᱱᱟᱣ ᱢᱮ, ᱡᱩᱭᱟᱹᱱᱤᱠ ᱥᱮᱲ ᱟᱨ ᱡᱩᱭᱟᱹᱱᱤᱠ ᱥᱮᱲ ᱵᱮᱣᱦᱟᱨ ᱢᱮ, ᱡᱚᱫᱤ ᱞᱟᱹᱠᱛᱤ ᱦᱳᱭᱳᱜᱼᱟ ᱚᱱᱟ ᱠᱚ ᱥᱮᱞᱮᱫ ᱢᱮ, ᱟᱨ ᱢᱤᱫ ᱵᱟᱨᱮᱛᱮ ᱧᱮᱞ ᱫᱚᱦᱚ ᱛᱟᱞᱟᱛᱮ ᱚᱛᱚᱢ ᱨᱮᱭᱟᱜ ᱱᱟᱯᱟᱭ ᱫᱚᱦᱚ ᱢᱮ ᱾"
378,ᱡᱩᱭᱟᱹᱱᱟᱱ ᱪᱟᱥ ᱨᱮ ᱵᱮᱣᱦᱟᱨ ᱞᱟᱦᱟᱨᱮ ᱠᱚᱢᱯᱳᱥᱴ ᱪᱮᱫ ᱞᱮᱠᱟᱛᱮ ᱵᱮᱱᱟᱣ ᱦᱩᱭᱩᱜᱼᱟ?,"ᱠᱚᱢᱯᱳᱥᱴ ᱫᱚ ᱠᱚᱢ ᱠᱷᱚᱱ ᱠᱚᱢ ᱵᱟᱨ ᱪᱟᱸᱫᱳ ᱫᱷᱟᱹᱵᱤᱡ ᱜᱟᱹᱢ ᱟᱨ ᱢᱟᱨᱮᱱ ᱦᱩᱭᱩᱜᱼᱟ, ᱡᱟᱦᱟᱸ ᱫᱚ ᱵᱤᱨ ᱨᱮ ᱵᱮᱶᱦᱟᱨ ᱢᱟᱲᱟᱝ ᱨᱮ ᱯᱮᱛᱷᱳᱡᱮᱱ ᱟᱨ ᱵᱤᱨᱤᱫ ᱠᱚ ᱜᱚᱡ ᱞᱟᱹᱜᱤᱫ 130-140 ° ᱯᱷᱟᱨᱮᱱᱦᱟᱭᱤᱴ ᱨᱮᱭᱟᱜ ᱦᱚᱭᱦᱩᱫᱤᱥᱮ ᱫᱚᱦᱚᱼᱟ ᱾"
379,ᱨᱟᱛᱟᱝ ᱥᱮᱲ ᱵᱮᱣᱦᱟᱨ ᱠᱟᱛᱮ ᱚᱛᱚᱢ ᱚᱛᱚᱢ ᱨᱮᱭᱟᱜ ᱫᱟᱲᱮ ᱵᱟᱹᱲᱛᱤ ᱨᱮᱱᱟᱜ ᱦᱚᱨᱟ ᱫᱚ ᱪᱮᱫ?,"ᱥᱮᱥᱵᱟᱱᱤᱭᱟ ᱥᱮ ᱠᱟᱣᱯᱚᱭ ᱞᱮᱠᱟᱱ ᱨᱟᱛᱟᱝ ᱥᱮᱣᱟᱨ ᱪᱟᱥ ᱢᱮ, ᱚᱱᱟ ᱛᱟᱭᱚᱢ ᱡᱳᱨᱱᱤᱠ ᱯᱚᱨᱤᱢᱟᱱ ᱟᱨ ᱱᱩᱴᱨᱤᱥᱚᱱ ᱨᱮᱭᱟᱜ ᱧᱟᱢ ᱫᱟᱲᱮ ᱵᱟᱹᱲᱛᱤ ᱞᱟᱹᱜᱤᱫ ᱚᱱᱟ ᱚᱛᱚᱢ ᱨᱮ ᱥᱮᱞᱮᱫ ᱢᱮ ᱾"
380,ᱡᱩᱭᱟᱹᱱᱟᱱ ᱪᱟᱥ ᱨᱮ ᱪᱮᱫ ᱞᱮᱠᱟᱛᱮ ᱡᱩᱭᱟᱹᱱᱟᱱ ᱠᱚ ᱵᱮᱣᱦᱟᱨᱚᱜᱼᱟ?,"ᱵᱳᱭᱯᱷᱮᱨᱴᱤᱞᱤᱡᱽᱟᱨ ᱠᱚᱫᱚ ᱵᱚᱱᱫᱮᱡ ᱢᱟᱲᱟᱝ ᱵᱤᱱ ᱨᱮᱭᱟᱜ ᱚᱛᱢᱚᱱ, ᱚᱛᱚᱢ ᱨᱮᱭᱟᱜ ᱵᱮᱣᱦᱟᱨ ᱥᱮ ᱡᱳᱨᱱᱤᱠ ᱡᱤᱱᱤᱥ ᱥᱟᱞᱟᱜ ᱥᱮᱞᱮᱫ ᱛᱟᱞᱟᱛᱮ ᱵᱮᱣᱦᱟᱨ ᱦᱩᱭᱩᱜᱼᱟ ᱾"
381,ᱡᱮᱣᱟᱱᱟᱜ ᱪᱟᱥ ᱨᱮ ᱨᱤᱡᱳᱵᱤᱭᱟᱢ ᱪᱮᱫ ᱞᱮᱠᱟᱛᱮ ᱵᱮᱣᱦᱟᱨᱚᱜᱼᱟ?,ᱠᱟᱨᱤᱭᱟᱨᱼᱵᱮᱹᱰ ᱨᱤᱡᱳᱵᱤᱭᱚᱢ ᱤᱱᱳᱠᱩᱞᱮᱱᱴ ᱠᱚᱫᱚ ᱢᱩᱲᱩᱫ ᱜᱩᱱᱰᱩᱞ ᱨᱮ نائᱴᱨᱳᱡᱮᱱ ᱛᱷᱟᱯᱚᱱ ᱫᱟᱲᱮᱹᱣᱟᱱᱟᱜ ᱞᱟᱹᱜᱤᱫ ᱞᱮᱜᱤᱭᱩᱢ ᱵᱤᱱ ᱪᱮᱛᱟᱱ ᱨᱮ ᱞᱮᱯ ᱦᱳᱭᱳᱜᱼᱟ ᱾
382,ᱪᱟᱥ ᱨᱮ ᱮᱡᱳᱴᱳᱵᱮᱠᱴᱟᱨ ᱵᱮᱣᱦᱟᱨ ᱨᱮᱱᱟᱜ ᱦᱚᱨᱟ ᱪᱮᱫ?,ᱮᱡᱳᱴᱳᱵᱟᱠᱴᱟᱨ ᱫᱚ ᱱᱟᱹᱴᱨᱟᱡᱮᱱ ᱵᱚᱱᱚᱫᱚᱞ ᱞᱟᱹᱜᱤᱫ ᱟᱨ ᱵᱟᱝᱼᱯᱷᱩᱞᱤ ᱪᱟᱥ ᱨᱮ ᱚᱛᱢᱚᱱ ᱨᱮᱭᱟᱜ ᱵᱟᱹᱲᱛᱤ ᱯᱟᱥᱱᱟᱣ ᱞᱟᱹᱜᱤᱫ ᱵᱳᱫᱽᱫᱷᱚ ᱵᱚᱱᱫᱮᱡ ᱥᱮ ᱚᱛᱢᱚᱱ ᱨᱮᱭᱟᱜ ᱴᱩᱭᱤᱠ ᱮᱢ ᱛᱟᱞᱟᱛᱮ ᱵᱮᱣᱦᱟᱨ ᱦᱩᱭᱩᱜᱼᱟ ᱾
383,ᱮᱡᱳᱥᱯᱤᱨᱤᱞᱟᱢ ᱪᱮᱫ ᱞᱮᱠᱟᱛᱮ ᱵᱤᱨᱤᱫ ᱨᱮ ᱵᱮᱣᱦᱟᱨ ᱦᱩᱭᱩᱜᱼᱟ?,ᱢᱩᱲᱩᱫ ᱨᱮᱭᱟᱜ ᱵᱟᱹᱲᱛᱤ ᱟᱨ ᱟᱨᱡᱟᱣ ᱵᱟᱹᱲᱛᱤ ᱞᱟᱹᱜᱤᱫ ᱱᱚᱶᱟ ᱫᱚ ᱵᱤᱱ ᱨᱮᱭᱟᱜ ᱚᱛᱚᱢ ᱛᱟᱞᱟᱛᱮ ᱥᱮ ᱥᱚᱨᱟᱥᱚᱨᱤ ᱚᱛᱚᱢ ᱵᱮᱣᱦᱟᱨ ᱛᱟᱞᱟᱛᱮ ᱢᱤᱫᱴᱟᱝ ᱯᱤᱴᱼᱵᱮᱹᱰ ᱵᱮᱱᱟᱣ ᱞᱮᱠᱟᱛᱮ ᱵᱮᱣᱦᱟᱨ ᱦᱩᱭᱩᱜᱼᱟ ᱾
384,ᱯᱷᱟᱥᱯᱷᱚᱨᱟᱥ ᱥᱚᱞᱩᱵᱤᱞᱤᱡᱤᱝ ᱵᱮᱠᱴᱮᱨᱤᱭᱟ (P. S. B.) ᱵᱮᱣᱦᱟᱨ ᱨᱮᱱᱟᱜ ᱦᱚᱨᱟ ᱪᱮᱫ?,ᱵᱮᱼᱥᱤᱞᱩᱵᱚᱞ ᱯᱷᱟᱥᱯᱷᱚᱨᱟᱥ ᱫᱚ ᱚᱛᱢᱚᱱ ᱨᱮ ᱧᱟᱢᱚᱜ ᱞᱮᱠᱟᱱ ᱨᱩᱯ ᱨᱮ ᱵᱚᱱᱚᱫᱚᱞ ᱞᱟᱹᱜᱤᱫ ᱵᱮᱼᱥᱤᱞᱩᱵᱚᱞ ᱦᱚᱨᱟ ᱥᱮ ᱚᱛᱢᱚᱱ ᱵᱮᱣᱦᱟᱨ ᱛᱟᱞᱟᱛᱮ ᱯᱤ ᱮᱥ ᱵᱤ ᱵᱮᱣᱦᱟᱨ ᱦᱩᱭᱩᱜᱼᱟ ᱾
385,ᱡᱮᱣᱟᱱᱟᱜ ᱪᱟᱥ ᱨᱮ ᱢᱮᱠᱳᱨᱟᱭᱡᱚᱞ ᱯᱷᱟᱝᱜᱟᱭ ᱪᱮᱫ ᱞᱮᱠᱟᱛᱮ ᱵᱮᱣᱦᱟᱨᱚᱜᱼᱟ?,"ᱱᱚᱶᱟ ᱠᱚ ᱚᱛᱚᱢ ᱥᱮ ᱚᱛᱚᱢ ᱨᱮ ᱴᱩᱭᱤᱠ ᱮᱢ ᱦᱳᱭᱳᱜᱼᱟ ᱡᱟᱦᱟᱸᱛᱮ ᱱᱩᱴᱨᱤᱥᱚᱱ ᱰᱷᱮᱨ ᱦᱳᱭᱳᱜᱼᱟ, ᱠᱷᱟᱹᱨᱰᱩ ᱴᱮᱠᱟᱣ ᱫᱟᱲᱮᱹᱭᱟᱜᱼᱟ ᱟᱨ ᱚᱛᱚᱢ ᱨᱮᱭᱟᱜ ᱢᱤᱫᱚᱜ ᱫᱟᱲᱮᱹᱭᱟᱜᱼᱟ ᱾"
386,ᱢᱚ ᱵᱤᱨ ᱨᱮ ᱱᱤᱞᱩᱼᱜᱨᱤᱝ ᱮᱞᱜᱟᱭ (ᱵᱤ ᱡᱤ ᱮ) ᱨᱮᱭᱟᱜ ᱵᱮᱣᱦᱟᱨ ᱦᱚᱨᱟ ᱪᱮᱫ?,"ᱵᱤ ᱡᱤ ᱮ ᱵᱚᱱᱚᱫᱚᱞ ᱨᱮᱭᱟᱜ 3ᱼ4 ᱢᱟᱦᱟ ᱛᱟᱭᱚᱢ ᱛᱷᱟᱭᱤ ᱫᱟᱜ ᱨᱮ ᱯᱟᱥᱱᱟᱣ ᱦᱳᱭᱳᱜᱼᱟ, ᱟᱨ ᱚᱛᱢᱚᱱ ᱫᱚ ᱯᱨᱟᱭ ᱢᱤᱫ ᱦᱟᱯᱛᱟ ᱞᱟᱹᱜᱤᱫ ᱫᱟᱜᱛᱮ ᱫᱚᱦᱚ ᱦᱳᱭᱳᱜᱼᱟ ᱾"
387,ᱟᱡᱳᱞᱟ ᱫᱚ ᱪᱮᱫ ᱞᱮᱠᱟᱛᱮ ᱪᱟᱥ ᱨᱮ ᱵᱮᱣᱦᱟᱨᱚᱜᱼᱟ?,"ᱮᱡᱳᱞᱟ ᱫᱟᱜᱼᱵᱩᱴᱟᱹ ᱵᱤᱨ ᱨᱮ ᱡᱟᱱᱟᱢᱚᱜᱼᱟ, ᱢᱤᱫᱴᱟᱝ ᱢᱮᱴᱟᱹ ᱵᱮᱱᱟᱣᱚᱜᱼᱟ ᱟᱨ ᱢᱳᱭᱥᱚ ᱪᱟᱥ ᱞᱟᱹᱜᱤᱫ نائᱴᱨᱳᱡᱮᱱ ᱪᱷᱟᱹᱲ ᱞᱟᱹᱜᱤᱫ ᱛᱮ ᱜᱷᱟᱹᱞᱚᱜᱼᱟ ᱾"
388,ᱡᱩᱭᱟᱹᱱᱟᱱ ᱪᱟᱥ ᱨᱮ ᱵᱤᱨ ᱵᱚᱱᱫᱮᱡ ᱥᱟᱞᱟᱜ ᱪᱮᱫ ᱪᱮᱫ ᱦᱚᱨᱟ ᱥᱮᱞᱮᱫ ᱢᱮᱱᱟᱜᱼᱟ?,"ᱵᱮᱶᱦᱟᱨ ᱢᱮ ᱵᱮᱶᱦᱟᱨ ᱨᱮᱭᱟᱜ ᱦᱚᱨᱟ ᱠᱚ, ᱡᱟᱦᱟᱸᱛᱮ ᱵᱮᱶᱦᱟᱨ, ᱡᱳᱞ, ᱚᱛᱢᱚᱱ, ᱚᱛᱢᱚᱱ ᱟᱨ ᱴᱨᱤᱯ ᱥᱮᱪ ᱞᱮᱠᱟᱱ ᱥᱟᱢᱵᱲᱟᱣ ᱥᱮᱪ ᱨᱮᱭᱟᱜ ᱦᱚᱨᱟ ᱾"
389,ᱞᱚᱫᱟᱢ ᱵᱚᱱᱫᱮᱡ ᱨᱮ ᱠᱟᱵᱷᱟᱨ ᱯᱷᱚᱞᱚᱠ ᱨᱮᱱᱟᱜ ᱮᱱᱮᱢ ᱪᱮᱫ?,ᱠᱟᱵᱷᱟᱨ ᱯᱷᱚᱞᱮ ᱫᱚ ᱚᱛᱢᱚᱱ ᱨᱮᱭᱟᱜ ᱡᱟᱱᱟᱢ ᱮ ᱵᱚᱱᱚᱫᱚᱞ ᱞᱮᱫᱟ ᱟᱨ ᱚᱛᱢᱚᱱ ᱟᱨ ᱚᱛᱢᱚᱱ ᱫᱟᱲᱮᱭ ᱵᱟᱹᱲᱛᱤ ᱞᱮᱫᱟ ᱾
390,ᱡᱮᱣᱟᱱᱟᱜ ᱪᱟᱥ ᱵᱚᱱᱫᱮᱡ ᱨᱮ ᱠᱤᱭᱟᱹ ᱠᱚ ᱪᱮᱫ ᱞᱮᱠᱟᱛᱮ ᱪᱟᱪᱟᱞᱟᱣ ᱦᱩᱭᱩᱜᱼᱟ?,"ᱜᱚᱱᱚᱝᱟᱱ ᱞᱟᱹᱞᱤᱥ ᱠᱚ ᱩᱫᱜᱟᱹᱣ ᱠᱟᱛᱮ, ᱵᱚᱱᱫᱮᱡ ᱨᱮᱭᱟᱜ ᱚᱠᱛᱚ ᱵᱚᱱᱫᱮᱡ ᱠᱟᱛᱮ, ᱴᱨᱟᱯ ᱯᱷᱚᱞᱮ ᱵᱮᱣᱦᱟᱨ ᱠᱟᱛᱮ ᱟᱨ ᱞᱟᱹᱠᱛᱤ ᱦᱩᱭ ᱞᱮᱱ ᱠᱷᱟᱱ ᱡᱳᱨᱱᱤᱠ ᱠᱤᱢᱤᱥᱟᱭᱰᱤᱥ ᱵᱮᱣᱦᱟᱨ ᱠᱟᱛᱮ ᱾"
391,ᱵᱷᱟᱞᱮᱠᱟᱱ ᱞᱟᱹᱞᱤᱥ ᱨᱮᱭᱟᱜ ᱞᱮᱠᱷᱟ ᱵᱮᱱᱟᱣ ᱨᱮᱭᱟᱜ ᱦᱚᱨᱟ ᱫᱚ ᱪᱮᱫ?,ᱵᱷᱟᱞᱮᱣᱟᱱᱟᱜ ᱞᱟᱹᱞᱤᱥ ᱠᱚ ᱮᱥᱮᱨ ᱞᱟᱹᱜᱤᱫ ᱚᱛᱢᱚᱱ ᱚᱛᱢᱚᱱ ᱛᱷᱟᱯᱚᱱ ᱢᱮ ᱟᱨ ᱚᱠᱛᱚ ᱚᱠᱛᱮ ᱚᱱᱟ ᱠᱚ ᱵᱤᱨ ᱨᱮ ᱪᱷᱟᱹᱲ ᱮᱢ ᱢᱮ ᱾
392,ᱡᱮᱣᱟᱱᱟᱜ ᱯᱮᱥᱴᱤᱥᱟᱭᱰᱤᱥ ᱪᱮᱫ ᱞᱮᱠᱟᱛᱮ ᱵᱟᱪᱷᱱᱟᱣ ᱟᱨ ᱵᱮᱣᱦᱟᱨ ᱦᱩᱭᱩᱜᱼᱟ?,"ᱱᱤᱢᱼᱵᱮᱹᱰ ᱯᱚᱨᱰᱚᱠ ᱞᱮᱠᱟᱱ ᱡᱳᱨᱟᱱ ᱠᱤᱢᱟᱱᱼᱲᱤᱪᱚᱠ ᱵᱮᱶᱦᱟᱨ ᱦᱳᱭᱳᱜᱼᱟ ᱠᱚᱢ ᱡᱳᱨᱟᱱ ᱟᱨ ᱠᱚᱢ ᱡᱳᱨᱟᱱ ᱪᱮᱛᱟᱱ ᱴᱮᱦᱟᱴ ᱠᱟᱛᱮ, ᱵᱟᱛᱟᱣᱟᱜ ᱯᱚᱨᱤᱢᱟᱱ ᱠᱚ ᱯᱟᱞᱟᱣ ᱠᱟᱛᱮ ᱾"
393,ᱡᱩᱭᱟᱹᱱᱤᱠ ᱦᱚᱨᱟ ᱠᱚ ᱵᱟᱝ ᱥᱤᱜᱤᱞ ᱞᱮᱱ ᱠᱷᱟᱱ ᱪᱮᱫ ᱞᱮᱠᱟᱛᱮ ᱠᱩᱛᱟᱱ ᱨᱮᱭᱟᱜ ᱮᱥᱮᱨ ᱥᱟᱢᱲᱟᱣ ᱦᱳᱭ ᱫᱟᱲᱮᱭᱟᱜᱼᱟ?,ᱵᱮᱶᱦᱟᱨ ᱨᱮ ᱟᱹᱰᱤ ᱠᱚᱢ ᱮᱥᱮᱨ ᱨᱮᱭᱟᱜ ᱠᱟᱛᱷᱟ ᱜᱚᱴᱟ ᱠᱟᱛᱮ ᱱᱤᱱ ᱵᱮᱱᱟᱣ ᱞᱮᱠᱟᱱ ᱵᱟᱛᱟᱣᱟᱜ ᱡᱮᱹᱱᱟᱥᱤ ᱠᱩᱛᱚᱱᱟᱥᱤ ᱵᱮᱶᱦᱟᱨ ᱢᱮ ᱾
394,ᱡᱩᱭᱟᱹᱱᱟᱱ ᱪᱟᱥ ᱨᱮ ᱨᱳᱜᱽ ᱵᱚᱱᱫᱮᱡ ᱨᱮᱱᱟᱜ ᱦᱚᱨᱟ ᱪᱮᱫ?,"ᱚᱛᱤᱢᱟᱱ ᱚᱛᱤᱢᱟᱱ ᱥᱟᱢᱵᱲᱟᱣ ᱢᱮ, ᱯᱷᱚᱞᱮ ᱨᱳᱡᱚᱴ ᱢᱮ, ᱟᱨ ᱯᱮᱛᱷᱳᱡᱮᱱ ᱠᱚ ᱫᱟᱯᱨᱟᱢᱣᱟᱱᱟᱜ ᱡᱮᱠᱨᱳᱵᱤᱠ ᱠᱚ ᱯᱟᱥᱱᱟᱣ ᱢᱮ ᱾"
395,ᱪᱮᱫ ᱞᱮᱠᱟᱛᱮ ᱯᱷᱚᱞᱚᱠ ᱨᱳᱨᱮᱴᱮᱱ ᱫᱚ ᱨᱳᱜᱽ ᱥᱟᱢᱲᱟᱣ ᱨᱮ ᱜᱚᱲᱚ ᱮᱢᱼᱟ?,ᱱᱚᱶᱟ ᱫᱚ ᱵᱮᱼᱦᱳᱥᱴᱚ ᱯᱷᱚᱞᱚᱠ ᱥᱟᱶ ᱵᱮᱼᱦᱳᱥᱴᱚ ᱯᱷᱚᱞᱚᱠ ᱵᱚᱱᱚᱫᱚᱞ ᱠᱟᱛᱮ ᱯᱮᱛᱷᱳᱡᱮᱱ ᱠᱚᱣᱟᱜ ᱡᱤᱭᱚᱱ ᱪᱚᱠ ᱠᱚ ᱵᱚᱱᱚᱫᱚᱞᱼᱟ ᱾
396,ᱡᱮᱣᱟᱱᱟᱜ ᱪᱟᱥ ᱪᱮᱫ ᱞᱮᱠᱟᱛᱮ ᱚᱛᱢᱚᱱ ᱚᱛᱢᱚᱱ ᱫᱟᱲᱮᱹᱣᱟ?,"ᱡᱩᱭᱟᱹᱱᱟᱱ ᱯᱚᱨᱤᱢᱟᱱ ᱵᱟᱹᱲᱛᱤ ᱠᱟᱛᱮ, ᱱᱚᱶᱟ ᱚᱛ ᱨᱮᱭᱟᱜ ᱵᱮᱱᱟᱣ, ᱦᱚᱭ, ᱫᱟᱜ ᱫᱚᱦᱚ ᱫᱟᱲᱮᱹᱭᱟᱜᱼᱟ ᱟᱨ ᱜᱷᱟᱹᱞ ᱠᱚᱢᱚᱜᱼᱟ ᱾"
397,ᱢᱤᱫᱴᱟᱝ ᱡᱩᱭᱟᱹᱱᱟᱱ ᱪᱟᱥ ᱵᱚᱱᱫᱮᱡ ᱛᱷᱟᱯᱚᱱ ᱞᱟᱹᱜᱤᱫ ᱪᱮᱫ ᱦᱚᱨᱟ ᱥᱮᱞᱮᱫ ᱢᱮᱱᱟᱜᱼᱟ?,"ᱥᱱᱛᱷᱮᱴᱤᱠ ᱵᱤᱱᱤᱭᱳᱜ ᱵᱚᱱᱚᱫᱚᱞ ᱢᱮ, ᱚᱛᱢᱚᱱ ᱨᱮᱭᱟᱜ ᱱᱟᱯᱟᱭ ᱢᱮ, ᱯᱷᱩᱞ ᱨᱳᱴᱤᱥᱚᱱ ᱦᱟᱛᱟᱣ ᱢᱮ, ᱡᱩᱭᱟᱹᱱᱤᱠ ᱵᱤᱱᱤᱭᱳᱜ ᱥᱮᱞᱮᱫ ᱢᱮ ᱟᱨ ᱡᱩᱭᱟᱹᱱᱤᱠ ᱯᱮᱥᱴ ᱥᱟᱢᱵᱲᱟᱣ ᱵᱮᱣᱦᱟᱨ ᱢᱮ ᱾"
398,ᱪᱟᱥᱤᱭᱟᱹ ᱠᱚ ᱪᱮᱫ ᱞᱮᱠᱟᱛᱮ ᱥᱮᱨᱣᱟ ᱟᱱᱟᱜ ᱪᱟᱥ ᱠᱷᱚᱱ ᱡᱩᱭᱟᱹᱱᱟᱱ ᱪᱟᱥ ᱨᱮ ᱵᱚᱱᱚᱫᱚᱞ ᱫᱟᱲᱮᱭᱟᱜᱼᱟ ᱾,"ᱡᱮᱹᱱᱟᱹᱞᱤᱠ ᱵᱤᱱᱤᱭᱳᱜ ᱠᱚᱢ ᱢᱮ, ᱡᱮᱹᱱᱟᱹᱞᱤᱠ ᱯᱚᱨᱤᱢᱟᱱ ᱵᱮᱣᱦᱟᱨ ᱠᱟᱛᱮ ᱚᱛᱚᱢ ᱨᱮᱭᱟᱜ ᱫᱟᱲᱮᱭ ᱵᱮᱱᱟᱣ ᱢᱮ, ᱥᱟᱹᱵᱩᱫ ᱦᱚᱨᱟ ᱦᱟᱛᱟᱣ ᱢᱮ ᱟᱨ ᱞᱟᱹᱠᱛᱤ ᱦᱩᱭ ᱞᱮᱱ ᱠᱷᱟᱱ ᱥᱟᱨᱴᱤᱯᱷᱤᱠᱮᱴ ᱦᱟᱛᱟᱣ ᱢᱮ ᱾"
399,ᱡᱩᱭᱟᱹᱱᱟᱱ ᱪᱟᱥ ᱨᱮ ᱥᱟᱨᱴᱤᱯᱷᱤᱠᱮᱴ ᱨᱮᱱᱟᱜ ᱦᱚᱨᱟ ᱪᱮᱫ?,"ᱵᱤᱨᱤᱭᱟᱹ ᱠᱚ ᱡᱩᱭᱟᱹᱱᱤᱠ ᱢᱟᱱᱫᱩᱠ ᱠᱚ ᱯᱟᱞᱟᱣ ᱦᱩᱭᱩᱜ, ᱚᱞ ᱫᱚᱦᱚ ᱦᱩᱭᱩᱜ, ᱵᱤᱰᱟᱹᱣ ᱦᱳᱭᱳᱜᱼᱟ ᱟᱨ ᱥᱟᱹᱵᱩᱫ ᱮᱢᱚᱜ ᱛᱟᱞᱢᱟ ᱠᱚ ᱴᱷᱮᱱ ᱠᱷᱚᱱ ᱥᱤᱜᱤᱞ ᱧᱟᱢ ᱦᱳᱭᱳᱜᱼᱟ ᱾"
400,ᱡᱩᱭᱟᱹᱱᱟᱱ ᱪᱟᱥ ᱨᱮ ᱟᱭᱢᱟ ᱫᱤᱱ ᱞᱟᱹᱜᱤᱫ ᱡᱩᱭᱟᱹᱱᱟᱱ ᱫᱚᱦᱚ ᱨᱮᱭᱟᱜ ᱢᱩᱲᱩᱫ ᱦᱚᱨᱟ ᱠᱚ ᱪᱮᱫ?,"ᱚᱛᱚᱢ ᱨᱮᱭᱟᱜ ᱱᱟᱯᱟᱭ ᱫᱚᱦᱚ, ᱡᱚᱵᱚᱭᱟᱨᱚᱱᱛᱤ ᱥᱟᱢᱲᱟᱣ, ᱩᱯᱟᱹᱫᱽ ᱨᱮᱭᱟᱜ ᱵᱮᱶᱦᱟᱨ ᱥᱚᱨᱮᱥ ᱠᱚᱨᱟᱣ, ᱥᱮᱞᱮᱫᱟᱱ ᱦᱚᱨᱟ ᱠᱚ ᱦᱟᱛᱟᱣ ᱟᱨ ᱱᱟᱯᱟᱭ ᱵᱟᱡᱟᱨ ᱵᱚᱱᱫᱮᱡ ᱨᱮᱭᱟᱜ ᱵᱚᱱᱫᱮᱡ ᱵᱮᱱᱟᱣ ᱢᱮ ᱾"
401,ᱯᱷᱟᱢ ᱠᱚᱢᱯᱳᱥᱴ ᱵᱮᱱᱟᱣ ᱨᱮᱭᱟᱜ ᱦᱚᱨᱟ ᱦᱚᱨᱟ ᱫᱚ ᱪᱮᱫ?,"ᱯᱷᱟᱨᱢ ᱨᱮᱭᱟᱜ ᱚᱵᱷᱟᱵᱽ ᱯᱮᱹᱨᱮᱪ ᱛᱟᱭᱚᱢ ᱯᱮᱹᱨᱮᱪ ᱯᱮᱹᱨᱮᱪ ᱨᱮ ᱫᱚᱦᱚ ᱦᱳᱭᱳᱜᱼᱟ, ᱥᱟᱱᱟᱢ ᱯᱮᱹᱨᱮᱪ ᱫᱟᱜ ᱥᱮ ᱜᱳᱣᱟᱨ ᱨᱮᱭᱟᱜ ᱥᱞᱟᱨᱤ ᱛᱮ ᱟᱨᱩ ᱦᱳᱭᱳᱜᱼᱟ, ᱚᱛ ᱨᱮᱭᱟᱜ ᱯᱮᱹᱨᱮᱪ ᱪᱮᱛᱟᱱ ᱨᱮ ᱯᱮᱹᱨᱮᱪ ᱦᱳᱭᱳᱜᱼᱟ ᱟᱨ 5ᱼ6 ᱪᱟᱸᱫᱳ ᱞᱟᱹᱜᱤᱫ ᱵᱮᱶᱦᱟᱨ ᱦᱳᱭᱳᱜᱼᱟ ᱾"
402,ᱠᱚᱢᱯᱳᱥᱴ ᱵᱮᱱᱟᱣ ᱚᱠᱛᱚ ᱫᱟᱜᱫᱩᱱᱚᱞ ᱪᱮᱫ ᱞᱮᱠᱟᱛᱮ ᱫᱚᱦᱚ ᱦᱩᱭᱩᱜᱼᱟ?,ᱥᱟᱱᱟᱢ ᱞᱮᱣᱟᱨ ᱜᱮ ᱜᱳᱣᱟᱨ ᱨᱮᱭᱟᱜ ᱥᱞᱟᱨᱤ ᱵᱟᱝᱠᱷᱟᱱ ᱫᱟᱜ ᱛᱮ ᱮᱥᱮᱨ ᱦᱳᱭᱳᱜᱼᱟ ᱡᱟᱦᱟᱸᱛᱮ ᱱᱟᱯᱟᱭ ᱢᱮᱠᱨᱳᱵᱚᱭᱮᱞ ᱥᱠᱳᱢᱳᱥᱤᱥᱚᱱ ᱜᱚᱴᱟ ᱦᱳᱭᱳᱜᱼᱟ ᱾
403,ᱠᱚᱢᱯᱳᱥᱴ ᱨᱮᱭᱟᱜ ᱱᱩᱴᱤᱨᱮᱱᱴ ᱜᱚᱱᱚᱝ ᱪᱮᱫ ᱞᱮᱠᱟᱛᱮ ᱵᱟᱹᱲᱛᱤ ᱫᱟᱲᱮᱭᱟᱜᱼᱟ?,ᱮᱛᱚᱦᱚᱵ ᱯᱮᱞᱤᱝ ᱚᱠᱛᱚ ᱡᱚᱛᱚ ᱴᱚᱱ ᱨᱮ 10 ᱠᱷᱚᱱ 15 ᱠᱤᱞᱳᱢᱤᱴᱟᱨ ᱨᱮ ᱥᱚᱯᱟᱨ ᱯᱷᱟᱥᱯᱷᱮᱴ ᱵᱟᱝᱠᱷᱟᱱ ᱨᱚᱠ ᱯᱷᱟᱥᱯᱷᱮᱴ ᱥᱮᱞᱮᱫ ᱠᱟᱛᱮ ᱾
404,ᱤᱱᱫᱳᱨ ᱨᱮ ᱠᱚᱢᱯᱳᱥᱴ ᱨᱮᱱᱟᱜ ᱦᱚᱨᱟ ᱨᱮ ᱪᱮᱫ ᱦᱚᱨᱟ ᱥᱮᱞᱮᱫ ᱢᱮᱱᱟᱜᱼᱟ?,"ᱡᱳᱨᱱᱤᱠ ᱚᱵᱷᱟᱵᱽ ᱫᱚ ᱜᱳᱣᱟᱨ ᱟᱨ ᱯᱮᱨᱮᱪ ᱨᱮ ᱥᱩᱠᱩᱣᱟᱱᱟᱜ ᱡᱤᱱᱤᱥ ᱛᱮ ᱞᱮᱭᱟᱨ ᱠᱚᱨᱟᱣ ᱦᱳᱭᱳᱜᱼᱟ, ᱢᱟᱨᱮᱱ ᱠᱚᱢᱯᱳᱥᱴ ᱛᱮ ᱴᱩᱭᱤᱠ ᱮᱢ ᱦᱳᱭᱳᱜᱼᱟ, ᱢᱤᱫ ᱪᱟᱸᱫᱳ ᱛᱟᱭᱚᱢ ᱵᱚᱱᱚᱫᱚᱞ ᱦᱳᱭᱳᱜᱼᱟ ᱟᱨ ᱚᱱᱢᱟᱱ 2 ᱪᱟᱸᱫᱳ ᱢᱩᱫᱨᱮ ᱵᱟᱝ ᱵᱮᱱᱟᱣ ᱦᱳᱭᱳᱜᱼᱟ ᱾"
405,ᱤᱱᱫᱳᱨ ᱦᱚᱨᱟᱛᱮ ᱤᱱᱳᱠᱩᱞᱟᱢ ᱨᱮᱱᱟᱜ ᱮᱱᱮᱢ ᱪᱮᱫ?,"ᱢᱟᱨᱮᱱ ᱠᱚᱢᱯᱳᱥᱴ ᱤᱱᱳᱠᱩᱞᱟᱢ ᱞᱮᱠᱟᱛᱮ ᱠᱟᱹᱢᱤ ᱟᱠᱟᱫᱟᱭ, ᱡᱟᱦᱟᱸ ᱫᱚ ᱵᱮᱹᱥᱟᱜᱟᱱ ᱠᱚ ᱮᱛᱚᱦᱚᱵ ᱞᱮᱫᱟ ᱡᱟᱦᱟᱸ ᱫᱚ ᱵᱮᱹᱥᱟᱜᱟᱱ ᱠᱚ ᱡᱳᱞ ᱞᱮᱫᱟ ᱾"
406,ᱵᱮᱝᱜᱟᱞᱳᱨ ᱦᱚᱨᱟ ᱵᱮᱣᱦᱟᱨ ᱠᱟᱛᱮ ᱠᱚᱢᱯᱳᱥᱴ ᱪᱮᱫ ᱞᱮᱠᱟᱛᱮ ᱵᱮᱱᱟᱣ ᱦᱩᱭᱩᱜᱼᱟ?,"ᱥᱩᱠᱤ ᱚᱵᱷᱟᱵᱽ ᱟᱨ ᱜᱳᱣᱟᱨ ᱨᱮᱭᱟᱜ ᱥᱞᱟᱨᱤ ᱨᱮᱭᱟᱜ ᱮᱴᱟᱜ ᱯᱚᱨᱤᱢᱟᱱ ᱢᱤᱫᱴᱟᱝ ᱜᱩᱴ ᱨᱮ ᱫᱚᱦᱚ ᱦᱳᱭᱳᱜᱼᱟ, 15 ᱫᱤᱱ ᱞᱟᱹᱜᱤᱫ ᱚᱵᱷᱟᱵᱽ ᱨᱮ ᱫᱚᱦᱚ ᱦᱳᱭᱳᱜᱼᱟ, ᱚᱱᱟ ᱛᱟᱭᱚᱢ ᱠᱟᱹᱪ ᱛᱮ ᱯᱞᱟᱥᱴᱟᱨ ᱠᱚᱨᱟᱣ ᱦᱳᱭᱳᱜᱼᱟ ᱟᱨ ᱚᱱᱢᱟᱱ 5 ᱪᱟᱸᱫᱳ ᱞᱟᱹᱜᱤᱫ ᱜᱷᱟᱹᱞ ᱦᱳᱭᱳᱜᱼᱟ ᱾"
407,ᱤᱱᱫᱳᱨ ᱟᱨ ᱵᱮᱝᱜᱟᱞᱳᱨ ᱦᱚᱨᱟ ᱢᱩᱫᱨᱮ ᱢᱩᱲᱩᱫ ᱵᱷᱮᱜᱟᱨ ᱪᱮᱫ?,"ᱤᱱᱫᱳᱨ ᱦᱚᱨᱟ ᱫᱚ ᱡᱟᱣᱜᱮ ᱪᱟᱞᱟᱣ ᱥᱟᱶᱛᱮ ᱟᱨᱦᱚᱸ ᱮᱨᱤᱵᱤᱠ, ᱮᱴᱟᱜ ᱥᱮᱪ ᱵᱮᱝᱜᱟᱞᱳᱨ ᱦᱚᱨᱟ ᱫᱚ ᱢᱟᱨᱟᱝ ᱞᱮᱠᱟᱛᱮ ᱮᱨᱤᱵᱤᱠ ᱟᱨ ᱵᱮᱼᱲᱤᱪᱟᱹᱲ ᱠᱟᱛᱮ ᱫᱚᱦᱚ ᱦᱳᱭᱳᱜᱼᱟ ᱾"
408,ᱠᱳᱭᱮᱢᱵᱟᱴᱳᱨ ᱠᱚᱢᱯᱳᱥᱴᱤᱝ ᱦᱚᱨᱟ ᱨᱮᱭᱟᱜ ᱦᱚᱨᱟ ᱠᱚ ᱪᱮᱫ?,"ᱚᱵᱷᱟᱵᱽ ᱫᱚ ᱜᱳᱣᱟᱨ ᱨᱮᱭᱟᱜ ᱥᱞᱟᱨᱤ ᱟᱨ ᱦᱤᱫᱤᱱ ᱨᱮᱭᱟᱜ ᱡᱚᱢᱟᱜ ᱥᱟᱞᱟᱜ ᱞᱮᱭᱟᱨ ᱠᱚᱨᱟᱣ ᱦᱳᱭᱳᱜᱼᱟ, ᱠᱟᱪᱤ ᱥᱟᱞᱟᱜ ᱯᱞᱟᱥᱴᱟᱨ ᱠᱚᱨᱟᱣ ᱦᱳᱭᱳᱜᱼᱟ, 8-10 ᱦᱟᱯᱛᱟ ᱞᱟᱹᱜᱤᱫ ᱫᱚᱦᱚ ᱦᱳᱭᱳᱜᱼᱟ, ᱟᱨ ᱚᱱᱟ ᱛᱟᱭᱚᱢ ᱵᱮᱣᱦᱟᱨ ᱵᱟᱝ ᱦᱳᱭᱳᱜᱼᱟ ᱚᱱᱟ ᱦᱟᱹᱵᱤᱡ ᱥᱮᱞᱮ ᱫᱚᱦᱚ ᱦᱳᱭᱳᱜᱼᱟ ᱾"
409,ᱠᱳᱭᱟᱨ ᱯᱮᱛᱷ ᱠᱚᱢᱯᱳᱥᱴᱤᱝ ᱨᱮᱭᱟᱜ ᱮᱛᱚᱦᱚᱵ ᱦᱚᱨᱟ ᱫᱚ ᱪᱮᱫ?,ᱯᱷᱚᱭᱵᱟᱨᱼᱯᱷᱤᱨᱮ ᱠᱳᱭᱟᱨ ᱯᱮᱛᱷ ᱥᱮᱞᱮᱫ ᱢᱮ ᱟᱨ ᱡᱟᱦᱟᱸ ᱞᱮᱠᱟᱱ ᱯᱷᱚᱭᱵᱟᱨᱥ ᱩᱯᱟᱹᱭ ᱦᱟᱛᱟᱣ ᱢᱮ ᱡᱟᱦᱟᱸᱛᱮ ᱥᱟᱫᱷᱟᱨᱚᱱ ᱞᱮᱠᱟᱛᱮ ᱠᱚᱢᱯᱳᱥᱴ ᱠᱚᱨᱟᱣ ᱦᱳᱭᱳᱜᱼᱟ ᱾
410,ᱠᱳᱭᱟᱨ ᱯᱮᱛᱷ ᱞᱟᱹᱜᱤᱫ ᱠᱚᱢᱯᱳᱥᱴᱤᱝ ᱥᱟᱭᱤᱴ ᱪᱮᱫ ᱞᱮᱠᱟᱛᱮ ᱵᱟᱪᱷᱱᱟᱣ ᱦᱳᱭᱳᱜᱼᱟ?,"ᱱᱟᱯᱟᱭ ᱫᱟᱜᱫᱩᱱᱚ ᱫᱚᱦᱚ ᱟᱨ ᱟᱹᱰᱤ ᱰᱷᱮᱨ ᱦᱚᱭᱦᱩᱫ ᱠᱷᱚᱱ ᱨᱩᱠᱷᱟᱹᱭᱟᱹ ᱥᱟᱶ ᱢᱤᱫᱴᱟᱝ ᱥᱳᱯᱨᱳᱫ, ᱪᱮᱛᱟᱱ, ᱱᱟᱯᱟᱭ ᱞᱮᱵᱷᱮᱞ ᱴᱚᱴᱷᱟ ᱵᱟᱪᱷᱱᱟᱣ ᱢᱮ ᱾"
411,ᱠᱳᱭᱟᱨ ᱯᱮᱛᱷ ᱠᱚᱢᱯᱳᱥᱴᱤᱝ ᱨᱮ ᱞᱮᱭᱟᱨᱤᱝ ᱦᱚᱨᱟ ᱫᱚ ᱪᱮᱫ?,"ᱠᱳᱭᱟᱨ ᱯᱮᱛᱷ ᱫᱚ ᱞᱮᱭᱟᱨ ᱨᱮ ᱯᱟᱥᱱᱟᱣ ᱢᱮ, ᱱᱚᱶᱟ ᱫᱚ ᱟᱨᱩ ᱢᱮ, نائᱴᱨᱳᱡᱮᱱ ᱨᱮᱭᱟᱜ ᱯᱷᱮᱰᱟᱛ (ᱤᱭᱩᱨᱤᱭᱟ ᱥᱮ ᱯᱳᱞᱴᱨᱤ ᱞᱮᱴᱟᱨ), ᱟᱨ ᱢᱮᱠᱨᱳᱵᱤᱭᱟᱞ ᱤᱱᱳᱠᱩᱞᱮᱱᱴ ᱥᱮᱞᱮᱫ ᱢᱮ, ᱯᱚᱨᱤᱢᱟᱱ ᱞᱮᱠᱟᱛᱮ ᱯᱚᱨᱤᱢᱟᱱ ᱵᱟᱨᱮᱛᱮ ᱦᱚᱨᱟ ᱫᱚ ᱵᱟᱨᱮᱛᱮ ᱩᱫᱩᱜ ᱢᱮ ᱾"
412,ᱠᱳᱭᱟᱨ ᱯᱮᱛᱷ ᱠᱚᱢᱯᱳᱥᱴ ᱞᱟᱹᱜᱤᱫ ᱛᱤᱱᱟᱹᱜ ᱤᱭᱩᱨᱤᱭᱟ ᱞᱟᱹᱠᱛᱤ ᱦᱩᱭᱩᱜᱼᱟ?,"ᱡᱚᱛᱚ ᱴᱩᱱ ᱠᱚᱭᱟᱨ ᱯᱮᱛᱷ ᱨᱮ ᱚᱱᱢᱟᱱ 5 ᱠᱤᱞᱳᱢᱤᱴᱟᱨ ᱤᱭᱩᱨᱤᱭᱟ, ᱥᱟᱱᱟᱢ ᱞᱮᱭᱟᱨ ᱨᱮ ᱦᱟᱹᱴᱤᱧ ᱯᱚᱨᱤᱢᱟᱱ ᱨᱮ ᱵᱮᱣᱦᱟᱨ ᱦᱩᱭᱩᱜᱼᱟ ᱾"
413,ᱠᱳᱭᱟᱨ ᱯᱮᱛᱷ ᱠᱚᱢᱯᱳᱥᱴᱤᱝ ᱨᱮ ᱢᱮᱠᱨᱳᱵᱟᱭᱮᱞ ᱤᱱᱳᱠᱩᱞᱮᱱᱴ ᱨᱮᱱᱟᱜ ᱮᱱᱮᱢ ᱪᱮᱫ?,ᱯᱮᱞᱩᱨᱳᱴᱟᱥ ᱟᱨ ᱵᱤᱣᱳᱢᱤᱱᱮᱨᱮᱞᱟᱭᱡᱟᱨ ᱞᱮᱠᱟᱱ ᱤᱱᱳᱠᱩᱞᱮᱱᱴ ᱠᱚᱫᱚ ᱰᱮᱠᱢᱠᱳᱡᱤᱥᱚᱱ ᱮ ᱡᱳᱞ ᱞᱮᱫᱟ ᱟᱨ ᱱᱩᱴᱤᱨᱮᱱᱴ ᱧᱟᱢ ᱨᱮᱭᱟᱜ ᱫᱟᱲᱮᱭ ᱵᱟᱹᱲᱛᱤ ᱞᱮᱫᱟ ᱾
414,ᱮᱢᱚᱱ ᱪᱮᱫ ᱚᱡᱮᱛᱮ ᱠᱚᱢᱯᱳᱥᱴ ᱵᱚᱱᱚᱫᱚᱞ ᱦᱩᱭᱩᱜ ᱞᱟᱹᱠᱛᱤ ᱠᱟᱱᱟ?,"ᱡᱟᱣᱜᱮ 10 ᱢᱟᱦᱟ ᱛᱟᱭᱚᱢ ᱫᱟᱨᱟᱢ ᱪᱟᱞᱟᱣ ᱦᱚᱭ ᱨᱮᱭᱟᱜ ᱩᱯᱟᱹᱭ ᱮᱢᱼᱟ, ᱵᱟᱹᱛᱤᱞ ᱦᱚᱭ ᱮᱲᱟᱣᱼᱟ ᱟᱨ ᱮᱨᱤᱵᱤᱠ ᱢᱮᱠᱨᱳᱵᱤᱭᱟᱞ ᱮᱠᱴᱤᱵᱷᱤᱠᱮᱥᱚᱱ ᱮ ᱮᱥᱮᱨᱼᱟ ᱾"
415,ᱠᱚᱢᱯᱳᱥᱴ ᱨᱮᱭᱟᱜ ᱰᱩᱵᱟᱹ ᱨᱮ ᱦᱚᱭ ᱨᱮᱭᱟᱜ ᱵᱚᱱᱚᱫᱚᱞ ᱪᱮᱫ ᱞᱮᱠᱟᱛᱮ ᱜᱚᱴᱟ ᱦᱩᱭᱩᱜᱼᱟ?,ᱵᱳᱭᱼᱫᱨᱳᱣᱟ ᱞᱟᱹᱜᱤᱫ ᱛᱮ ᱩᱯᱟᱹᱭᱟᱱᱠᱚ ᱵᱚᱱᱚᱫᱚᱞ ᱠᱟᱛᱮ ᱵᱟᱝᱠᱷᱟᱱ ᱯᱮᱨᱤᱯᱷᱳᱨᱮᱴᱰ ᱯᱮᱭᱤᱯ ᱥᱮᱞᱮᱫ ᱠᱟᱛᱮ ᱾
416,ᱠᱚᱢᱯᱳᱥᱴ ᱨᱮ ᱫᱟᱜ ᱨᱮᱭᱟᱜ ᱯᱚᱨᱤᱢᱟᱱ ᱪᱮᱫ ᱞᱮᱠᱟᱛᱮ ᱵᱤᱰᱟᱹᱣ ᱦᱩᱭᱩᱜᱼᱟ?,"ᱡᱤᱱᱤᱥ ᱫᱚ ᱪᱩᱠᱮᱫ ᱠᱟᱛᱮᱼ ᱡᱩᱫᱤ ᱫᱟᱜ ᱰᱩᱵᱟᱹ ᱵᱟᱝ ᱦᱚᱭᱩᱜ ᱟ ᱢᱮᱱᱠᱷᱟᱱ ᱱᱚᱶᱟ ᱫᱚ ᱟᱨᱩ ᱢᱚᱱᱮ ᱦᱚᱭᱩᱜ ᱟ, ᱮᱱᱠᱷᱟᱱ ᱟᱨᱩ ᱫᱚ ᱥᱚᱨᱮᱥ (~60%) ᱾"
417,ᱠᱚᱢᱯᱳᱥᱴ ᱯᱚᱨᱤᱢᱟᱱ ᱨᱮᱭᱟᱜ ᱪᱤᱱᱦᱟᱹ ᱠᱚ ᱪᱮᱫ?,"ᱵᱷᱚᱞᱤᱭᱩᱢ ᱠᱚᱢ ᱟᱠᱟᱱᱟ (30 ᱥᱟᱭᱦᱤᱸᱥ), ᱜᱟᱹᱨᱰᱩ ᱨᱟᱹᱲ, ᱟᱹᱰᱤ ᱜᱟᱹᱨᱰᱩ, ᱚᱛ ᱨᱮᱭᱟᱜ ᱜᱩᱱ ᱟᱨ ᱠᱚᱢ ᱥᱤᱼ ᱮᱱ ᱨᱮᱪ (~ 20ᱼ1) ᱾"
418,ᱠᱳᱭᱟᱨ ᱯᱮᱛᱷ ᱠᱚᱢᱯᱳᱥᱴᱤᱝ ᱨᱮ ᱛᱤᱱᱟᱹᱜ ᱚᱠᱛᱚ ᱦᱟᱛᱟᱣᱚᱜᱼᱟ?,ᱥᱚᱨᱮᱥ ᱦᱟᱞᱚᱛ ᱨᱮ ᱚᱱᱢᱟᱱ 60 ᱢᱟᱦᱟ ᱾
419,ᱠᱚᱢᱯᱳᱥᱴ ᱠᱤᱨᱤᱧ ᱨᱮᱭᱟᱜ ᱦᱚᱨᱟ ᱫᱚ ᱪᱮᱫ?,ᱠᱚᱢᱯᱳᱥᱴ ᱫᱚ ᱵᱟᱝ ᱠᱚᱢᱯᱳᱡᱽ ᱟᱠᱟᱱ ᱩᱯᱟᱹᱭ ᱦᱟᱛᱟᱣ ᱞᱟᱹᱜᱤᱫ ᱟᱨ ᱚᱱᱟ ᱛᱟᱭᱚᱢ ᱵᱮᱣᱦᱟᱨ ᱞᱟᱹᱜᱤᱫ ᱱᱟᱯᱟᱭ ᱞᱮᱠᱟᱛᱮ ᱫᱚᱦᱚ ᱦᱳᱭᱳᱜᱼᱟ ᱾
420,ᱵᱮᱱᱟᱣ ᱛᱟᱭᱚᱢ ᱠᱚᱢᱯᱳᱥᱴ ᱪᱮᱫ ᱞᱮᱠᱟᱛᱮ ᱫᱚᱦᱚ ᱦᱩᱭᱩᱜᱼᱟ?,"ᱱᱚᱶᱟ ᱫᱚ ᱢᱤᱫᱴᱟᱝ ᱛᱷᱟᱹᱨᱰᱩ, ᱪᱷᱟᱹᱲ ᱴᱷᱟᱶ ᱨᱮ ᱫᱚᱦᱚ ᱢᱮ ᱟᱨ ᱚᱠᱛᱚ ᱚᱠᱛᱮ ᱨᱮ ᱫᱟᱜ ᱮᱥᱮᱨ ᱠᱟᱛᱮ ᱫᱟᱜ ᱨᱮᱭᱟᱜ ᱫᱟᱜ ᱫᱚᱦᱚ ᱢᱮ ᱾"
421,ᱵᱤᱨᱤᱫ ᱨᱮ ᱠᱳᱭᱟᱨ ᱯᱮᱛᱷ ᱠᱚᱢᱯᱳᱥᱴ ᱨᱮᱭᱟᱜ ᱯᱚᱨᱤᱢᱟᱱ ᱵᱮᱣᱦᱟᱨ ᱪᱮᱫ?,ᱵᱚᱱᱫᱮᱡ ᱢᱟᱲᱟᱝ ᱵᱮᱥᱟᱞ ᱰᱳᱡᱽ ᱞᱮᱠᱟᱛᱮ ᱡᱚᱛᱚ ꯍꯦꯛꯇꯔ ᱨᱮ 5 ᱴᱚᱱ ᱵᱮᱣᱦᱟᱨ ᱢᱮ ᱾
422,ᱠᱚᱢᱯᱳᱥᱴ ᱵᱮᱶᱦᱟᱨ ᱢᱟᱲᱟᱝ ᱪᱮᱫ ᱪᱮᱫ ᱥᱟᱧᱪᱟᱣ ᱦᱟᱛᱟᱣ ᱦᱩᱭᱩᱜᱼᱟ?,"ᱜᱚᱴᱟᱵᱩᱴᱟᱹ ᱢᱮ ᱡᱮ, ᱠᱚᱢᱯᱳᱥᱴ ᱜᱚᱴᱟ ᱞᱮᱠᱟᱛᱮ ᱯᱮᱪᱟᱹᱲ ᱟᱠᱟᱱᱟ; ᱵᱟᱝ ᱯᱮᱪᱟᱹᱲ ᱠᱚᱢᱯᱳᱥᱴ ᱚᱛᱚᱢ ᱨᱮᱭᱟᱜ ᱯᱚᱨᱤᱢᱟᱱ ᱠᱚ ᱮᱥᱮᱨ ᱫᱟᱲᱮᱭᱟᱜᱼᱟ ᱟᱨ ᱪᱟᱥ ᱨᱮᱭᱟᱜ ᱦᱟᱹᱱ ᱦᱩᱭ ᱫᱟᱲᱮᱭᱟᱜᱼᱟ ᱾"
423,ᱪᱟᱥ ᱚᱛᱚᱢ ᱨᱮ ᱦᱟᱭᱰᱨᱳᱡᱮᱞ ᱵᱮᱣᱦᱟᱨ ᱨᱮᱱᱟᱜ ᱦᱚᱨᱟ ᱪᱮᱫ?,ᱦᱟᱭᱰᱨᱳᱡᱮᱞ ᱠᱚ ᱯᱚᱨᱟᱢᱚᱥ ᱟᱠᱟᱱ ᱯᱚᱨᱤᱢᱟᱱ ᱨᱮ ᱚᱛᱚᱢ ᱨᱮᱭᱟᱜ ᱥᱩᱨ ᱨᱮ ᱥᱮᱞᱮᱫ ᱠᱟᱛᱮ ᱚᱛᱚᱢ ᱥᱟᱞᱟᱜ ᱥᱮᱞᱮᱫ ᱦᱳᱭᱳᱜᱼᱟ ᱟᱨ ᱚᱱᱟ ᱠᱚ ᱫᱟᱜ ᱮᱥᱮᱨ ᱞᱟᱹᱜᱤᱫ ᱟᱨ ᱯᱟᱥᱱᱟᱣ ᱞᱟᱹᱜᱤᱫ ᱫᱟᱜ ᱮᱢ ᱦᱩᱭᱩᱜᱼᱟ ᱾
424,ᱦᱚᱭᱰᱨᱳᱡᱮᱞ ᱢᱮᱲᱟᱨᱮ ᱵᱮᱣᱦᱟᱨ ᱛᱟᱭᱚᱢ ᱪᱮᱫ ᱞᱮᱠᱟᱛᱮ ᱠᱟᱹᱢᱤᱼᱟ?,"ᱱᱚᱶᱟ ᱠᱚᱫᱚ ᱟᱭᱢᱟ ᱯᱚᱨᱤᱢᱟᱱ ᱫᱟᱜ ᱮ ᱮᱥᱮᱨᱼᱟ, ᱡᱮᱞ ᱨᱩᱯ ᱨᱮ ᱯᱟᱥᱱᱟᱣᱚᱜᱼᱟ ᱟᱨ ᱚᱠᱛᱚ ᱥᱟᱶ ᱥᱟᱶᱛᱮ ᱚᱛᱢᱚᱱ ᱨᱮᱭᱟᱜ ᱢᱩᱲᱩᱫ ᱨᱮ ᱟᱨᱩ ᱠᱚ ᱪᱷᱟᱹᱲ ᱠᱚ ᱮᱢᱼᱟ ᱾"
425,ᱦᱟᱭᱰᱨᱳᱡᱮᱞ ᱨᱮ ᱫᱟᱜ ᱥᱟᱧᱪᱟᱣ ᱨᱮᱱᱟᱜ ᱦᱚᱨᱟ ᱪᱮᱫ?,ᱦᱟᱭᱰᱨᱳᱡᱮᱞ ᱦᱟᱭᱰᱨᱳᱯᱷᱤᱞᱤᱠ ᱯᱮᱞᱤᱢᱟᱨ ᱱᱮᱴᱳᱣᱟᱨᱠ ᱛᱟᱞᱟᱛᱮ ᱫᱟᱜ ᱥᱟᱵ ᱠᱟᱛᱮ ᱟᱨ ᱛᱟᱭᱚᱢ ᱛᱮᱱᱟᱜ ᱪᱷᱟᱹᱲ ᱞᱟᱹᱜᱤᱫ ᱱᱚᱶᱟ ᱫᱚᱦᱚ ᱠᱟᱛᱮ ᱟᱡᱟᱜ ᱵᱷᱚᱞᱤᱭᱩᱢ ᱨᱮᱭᱟᱜ 200-800 ᱜᱩᱱ ᱯᱟᱥᱱᱟᱣᱼᱟ ᱾
426,ᱦᱟᱭᱰᱨᱳᱡᱮᱞ ᱠᱚ ᱪᱮᱫ ᱞᱮᱠᱟᱛᱮ ᱫᱟᱜ ᱨᱮᱭᱟᱜ ᱠᱟᱹᱢᱤ ᱫᱟᱲᱮᱹᱭᱟ?,"ᱱᱚᱶᱟ ᱠᱚᱫᱚ ᱢᱩᱲᱩᱫ ᱴᱚᱴᱷᱟ ᱨᱮ ᱫᱟᱜ ᱫᱚᱦᱚ ᱠᱟᱛᱮ, ᱚᱵᱷᱟᱵᱽ, ᱫᱟᱜ ᱨᱮᱭᱟᱜ ᱰᱟᱣᱩᱱᱞᱳᱰ ᱟᱨ ᱫᱟᱜ ᱨᱮᱭᱟᱜ ᱰᱟᱣᱩᱱᱞᱳᱰ ᱠᱚᱢ ᱠᱟᱛᱮ ᱫᱟᱜ ᱨᱮᱭᱟᱜ ᱦᱟᱹᱱ ᱠᱚᱢᱼᱟ ᱾"
427,ᱚᱛᱢᱚᱱ ᱨᱮᱭᱟᱜ ᱜᱩᱴ ᱨᱮ ᱦᱟᱭᱰᱨᱳᱡᱮᱞ ᱵᱮᱣᱦᱟᱨ ᱨᱮᱭᱟᱜ ᱦᱚᱨᱟ ᱦᱚᱨᱟ ᱫᱚ ᱪᱮᱫ?,"ᱯᱚᱨᱤᱢᱟᱱ ᱨᱮᱭᱟᱜ ᱯᱚᱨᱤᱢᱟᱱ ᱢᱮ, ᱜᱩᱴ ᱨᱮ ᱚᱛᱚᱢ ᱥᱟᱶ ᱢᱮᱲᱮᱡ ᱢᱮ, ᱢᱩᱲᱩᱫ ᱴᱚᱴᱷᱟ ᱥᱳᱨ ᱨᱮ ᱫᱚᱦᱚ ᱢᱮ, ᱯᱷᱚᱞᱮ ᱵᱚᱱᱫᱮᱡ ᱢᱮ ᱟᱨ ᱱᱟᱯᱟᱭ ᱞᱮᱠᱟᱛᱮ ᱫᱟᱜ ᱮᱢ ᱢᱮ ᱾"
428,ᱚᱛᱢᱚᱱ ᱨᱮᱭᱟᱜ ᱪᱟᱥ ᱨᱮ ᱥᱮ ᱱᱟᱹᱥᱟᱨᱤ ᱪᱟᱥ ᱨᱮ ᱦᱟᱭᱰᱨᱳᱡᱮᱞ ᱪᱮᱫ ᱞᱮᱠᱟᱛᱮ ᱵᱮᱣᱦᱟᱨ ᱦᱩᱭᱩᱜᱼᱟ?,ᱫᱟᱜᱫᱩᱱᱚ ᱫᱚᱦᱚ ᱫᱟᱲᱮᱹᱣᱟᱱᱟᱜ ᱞᱟᱹᱜᱤᱫ ᱵᱚᱱᱫᱮᱡ ᱢᱟᱲᱟᱝ ᱚᱛᱚᱢ ᱡᱚᱛᱚ ᱨᱮ 0.5-2 g ᱦᱟᱭᱰᱨᱳᱡᱮᱞ ᱚᱛᱚᱢ ᱥᱟᱞᱟᱜ ᱢᱮᱲᱮᱡ ᱢᱮ ᱾
429,ᱚᱛᱢᱚᱱ ᱨᱮᱭᱟᱜ ᱪᱟᱥ ᱨᱮ ᱦᱟᱭᱰᱨᱳᱡᱮᱞ ᱵᱮᱣᱦᱟᱨ ᱨᱮᱭᱟᱜ ᱦᱚᱨᱟ ᱫᱚ ᱪᱮᱫ?,"225-300 ᱠᱤᱞᱳᱢᱤᱴᱟᱨ/ꯍꯦꯛꯇꯔ ᱨᱮ ᱢᱤᱫ ᱞᱮᱠᱟ ᱵᱮᱣᱦᱟᱨ ᱢᱮ, ᱵᱳᱭᱱᱟ ᱢᱟᱲᱟᱝ ᱚᱛᱚᱢ ᱥᱟᱞᱟᱜ ᱥᱮᱞᱮᱫ ᱢᱮ ᱟᱨ ᱫᱟᱜ ᱥᱟᱧᱪᱟᱣ ᱞᱟᱹᱜᱤᱫ ᱥᱮᱪ ᱢᱮ ᱾"
430,ᱦᱟᱭᱰᱨᱳᱡᱮᱞ ᱪᱮᱫ ᱞᱮᱠᱟᱛᱮ ᱥᱮᱪ ᱨᱮᱭᱟᱜ ᱯᱚᱨᱤᱢᱟᱱ ᱠᱚᱢᱼᱟ?,"ᱟᱹᱰᱤ ᱰᱷᱮᱨ ᱫᱟᱜ ᱫᱚᱦᱚ ᱠᱟᱛᱮ ᱟᱨ ᱱᱚᱶᱟ ᱫᱚ ᱞᱚᱜᱚᱱ ᱪᱷᱟᱹᱲ ᱮᱢ ᱠᱟᱛᱮ, ᱡᱟᱣᱜᱮ ᱫᱟᱜ ᱮᱢᱚᱜ ᱨᱮᱭᱟᱜ ᱞᱟᱹᱠᱛᱤ ᱠᱚᱢᱚᱜᱼᱟ ᱾"
431,ᱚᱛ ᱨᱮᱭᱟᱜ ᱞᱮᱠᱟᱱ ᱪᱮᱛᱟᱱ ᱴᱮᱦᱟᱴ ᱠᱟᱛᱮ ᱦᱟᱭᱰᱨᱳᱡᱮᱞ ᱰᱳᱡᱽ ᱵᱟᱪᱷᱱᱟᱣ ᱨᱮᱱᱟᱜ ᱦᱚᱨᱟ ᱪᱮᱫ?,"ᱚᱛ ᱟᱨ ᱫᱟᱜ ᱨᱮᱭᱟᱜ ᱫᱟᱲᱮ ᱵᱤᱪᱷᱚᱱᱟ ᱢᱮ, ᱚᱱᱟ ᱛᱟᱭᱚᱢ ᱯᱚᱨᱟᱢᱚᱥ ᱮᱢ ᱟᱠᱟᱱ ᱯᱚᱨᱤᱢᱟᱱ ᱵᱮᱣᱦᱟᱨ ᱢᱮ ᱾"
432,ᱦᱚᱭᱰᱨᱳᱡᱮᱞ ᱠᱚ ᱪᱮᱫ ᱞᱮᱠᱟᱛᱮ ᱠᱷᱚᱨᱟ ᱨᱮᱭᱟᱜ ᱮᱥᱮᱨ ᱥᱟᱢᱲᱟᱣ ᱨᱮ ᱜᱚᱲᱚ ᱠᱚ ᱮᱢᱼᱟ?,"ᱱᱚᱶᱟᱠᱚ ᱫᱚ ᱠᱷᱚᱨᱟ ᱚᱠᱛᱚ ᱢᱩᱲᱩᱫ ᱨᱮ ᱫᱚᱦᱚ ᱫᱟᱜ ᱠᱚ ᱥᱟᱨᱵᱷᱟᱨᱼᱟ, ᱡᱟᱦᱟᱸ ᱫᱚ ᱚᱛᱢᱚᱱ ᱨᱮᱭᱟᱜ ᱮᱥᱮᱨ ᱠᱚᱢᱼᱟ ᱟᱨ ᱵᱟᱹᱲᱛᱤ ᱫᱚᱦᱚᱼᱟ ᱾"
433,ᱦᱟᱭᱰᱨᱳᱡᱮᱞ ᱵᱮᱣᱦᱟᱨ ᱠᱟᱛᱮ ᱚᱛ ᱨᱮᱭᱟᱜ ᱯᱚᱨᱤᱢᱟᱱ ᱩᱛᱱᱟᱹᱣ ᱨᱮᱱᱟᱜ ᱦᱚᱨᱟ ᱫᱚ ᱪᱮᱫ?,"ᱯᱟᱥᱱᱟᱣᱟᱱᱟᱜ ᱫᱟᱲᱮ ᱵᱟᱹᱲᱛᱤ ᱞᱟᱹᱜᱤᱫ, ᱠᱚᱢᱯᱮᱥᱚᱱ ᱠᱚᱢ ᱞᱟᱹᱜᱤᱫ ᱟᱨ ᱫᱟᱜ ᱫᱚᱦᱚ ᱫᱟᱲᱮ ᱵᱟᱹᱲᱛᱤ ᱞᱟᱹᱜᱤᱫ ᱚᱛᱨᱮ ᱦᱟᱭᱰᱨᱳᱡᱮᱞ ᱥᱮᱞᱮᱫ ᱢᱮ ᱾"
434,ᱦᱟᱭᱰᱨᱳᱡᱮᱞ ᱪᱮᱫ ᱞᱮᱠᱟᱛᱮ ᱥᱟᱨ ᱨᱮᱭᱟᱜ ᱦᱟᱹᱱ ᱠᱚᱢᱼᱟ?,"ᱱᱚᱶᱟ ᱠᱚᱫᱚ ᱫᱟᱜ ᱥᱟᱶᱛᱮ ᱱᱩᱴᱨᱤᱥᱚᱱ ᱠᱚ ᱫᱚᱦᱚ ᱠᱟᱛᱮ, ᱞᱤᱪᱤᱱ ᱵᱚᱱᱫᱷᱩᱠ ᱠᱟᱛᱮ ᱟᱨ ᱚᱛᱢᱚᱱ ᱠᱚ ᱞᱟᱹᱜᱤᱫ ᱱᱩᱴᱨᱤᱥᱚᱱ ᱧᱟᱢ ᱫᱟᱲᱮᱹᱭᱟᱜᱼᱟ ᱾"
435,ᱚᱛ ᱠᱚᱢ ᱞᱟᱹᱜᱤᱫ ᱦᱟᱭᱰᱨᱳᱡᱮᱞ ᱨᱮᱱᱟᱜ ᱮᱱᱮᱢ ᱪᱮᱫ?,"ᱫᱟᱜ ᱫᱚᱦᱚ ᱫᱟᱲᱮ ᱟᱨ ᱫᱟᱜ ᱰᱟᱣᱩᱱ ᱠᱚᱢ ᱠᱟᱛᱮ, ᱦᱟᱭᱰᱨᱳᱡᱮᱞ ᱫᱚ ᱚᱛ ᱨᱮᱭᱟᱜ ᱦᱟᱹᱱ ᱠᱚᱢᱼᱟ, ᱢᱩᱲᱩᱫ ᱞᱮᱠᱟᱛᱮ ᱥᱚᱞᱳᱯ ᱨᱮ ᱾"
436,ᱪᱟᱥ ᱨᱮ ᱵᱮᱣᱦᱟᱨ ᱞᱟᱹᱜᱤᱫ ᱦᱟᱭᱰᱨᱳᱡᱮᱞ ᱪᱮᱫ ᱞᱮᱠᱟᱛᱮ ᱵᱮᱱᱟᱣ ᱦᱩᱭᱩᱜᱼᱟ?,ᱱᱚᱶᱟ ᱠᱚᱫᱚ ᱠᱚᱨᱟᱥᱼᱞᱤᱝᱠᱟᱨ ᱥᱟᱶ ᱮᱠᱨᱤᱞᱤᱠ ᱮᱥᱤᱰ ᱫᱚ ᱯᱮᱞᱤᱢᱟᱨᱟᱭᱡᱽ ᱠᱟᱛᱮ ᱫᱟᱜᱼᱥᱩᱵᱷᱟᱨᱵᱤᱝ ᱯᱮᱞᱤᱢᱟᱨ ᱱᱮᱴᱳᱣᱟᱨᱠ ᱵᱮᱱᱟᱣ ᱞᱟᱹᱜᱤᱫ ᱵᱮᱱᱟᱣ ᱦᱳᱭᱳᱜᱼᱟ ᱾
437,ᱚᱛ ᱨᱮ ᱦᱟᱭᱰᱨᱳᱡᱮᱞ ᱨᱮᱭᱟᱜ ᱰᱮᱡᱮᱜᱨᱟᱥᱚᱱ ᱨᱮᱭᱟᱜ ᱦᱚᱨᱟ ᱪᱮᱫ?,"ᱦᱟᱭᱰᱨᱳᱡᱮᱞ ᱫᱚ ᱟᱹᱰᱤ ᱠᱚᱢ ᱮᱞᱟᱨᱳᱵᱷᱤ ᱟᱨ ᱢᱮᱠᱨᱳᱵᱟᱭᱤᱞ ᱮᱠᱥᱚᱱ ᱨᱮᱭᱟᱜ ᱟᱶᱛᱟ ᱨᱮ ᱫᱟᱜ, ᱠᱟᱨᱵᱚᱱ ᱰᱟᱭᱳᱠᱥᱟᱭᱰ ᱟᱨ ᱱᱟᱭᱴᱨᱚᱜᱳᱱ ᱠᱚᱢᱯᱟᱣᱩᱱᱰ ᱨᱮ ᱠᱚᱢᱚᱜᱼᱟ ᱾"
438,ᱦᱟᱭᱰᱨᱳᱡᱮᱞ ᱠᱚ ᱪᱮᱫ ᱞᱮᱠᱟᱛᱮ ᱵᱤᱥᱟᱹ ᱠᱚ ᱮᱛᱚᱦᱚᱵᱼᱟ?,"ᱱᱚᱶᱟ ᱠᱚᱫᱚ ᱵᱳᱫᱽᱫᱷ ᱨᱮᱭᱟᱜ ᱥᱳᱨᱥᱳᱯᱳᱨ ᱨᱮ ᱢᱤᱫ ᱞᱮᱠᱟ ᱫᱟᱜ ᱨᱮᱭᱟᱜ ᱯᱚᱨᱤᱢᱟᱱ ᱮ ᱫᱚᱦᱚ ᱞᱮᱫᱟ, ᱡᱟᱦᱟᱸ ᱫᱚ ᱜᱷᱩᱨᱩᱢ ᱨᱮᱭᱟᱜ ᱦᱟᱨ ᱮ ᱵᱟᱹᱲᱛᱤ ᱞᱮᱫᱟ ᱾"
439,ᱦᱟᱭᱰᱨᱳᱡᱮᱞ ᱵᱮᱣᱦᱟᱨ ᱠᱟᱛᱮ ᱜᱮᱹᱥᱴᱟᱭᱤᱰ ᱵᱮᱶᱦᱟᱨ ᱠᱚᱢ ᱨᱮᱭᱟᱜ ᱦᱚᱨᱟ ᱪᱮᱫ? ,"ᱦᱟᱭᱰᱨᱳᱡᱮᱞ ᱥᱟᱢᱵᱲᱟᱣ ᱠᱟᱛᱮ ᱪᱷᱟᱹᱲ ᱞᱟᱹᱜᱤᱫ ᱵᱮᱶᱦᱟᱨ ᱞᱮᱠᱟᱛᱮ ᱠᱟᱹᱢᱤ ᱟᱠᱟᱫᱟᱭ, ᱡᱟᱦᱟᱸᱛᱮ ᱠᱚᱢ ᱰᱳᱡᱽ ᱠᱤᱢᱤᱥᱴᱟᱭᱰᱤᱥ ᱮᱥᱮᱨᱟᱱ ᱦᱩᱭ ᱫᱟᱲᱮᱭᱟᱜᱼᱟ ᱾"
440,ᱫᱟᱜ ᱨᱮᱭᱟᱜ ᱮᱥᱮᱨ ᱨᱮ ᱦᱟᱭᱰᱨᱳᱡᱮᱞ ᱠᱚ ᱪᱮᱫ ᱞᱮᱠᱟᱛᱮ ᱚᱛᱢᱚᱱ ᱨᱮᱭᱟᱜ ᱡᱟᱱᱟᱢ ᱮ ᱮᱥᱮᱨᱼᱟ?,"ᱱᱚᱶᱟ ᱠᱚᱫᱚ ᱚᱥᱤᱰᱮᱴᱤᱵᱷ ᱮᱥᱴᱨᱮᱹᱥ ᱠᱚᱢ ᱠᱟᱛᱮ ᱟᱨ ᱚᱛᱢᱚᱱ ᱨᱮᱭᱟᱜ ᱩᱥᱩᱞ, ᱚᱛᱢᱚᱱ ᱨᱮᱭᱟᱜ ᱴᱚᱴᱷᱟ ᱟᱨ ᱟᱨᱡᱟᱣ ᱨᱮ ᱵᱟᱹᱲᱛᱤ ᱞᱟᱹᱜᱤᱫ ᱛᱮ ᱢᱤᱫ ᱵᱟᱨᱮᱛᱮ ᱫᱟᱜ ᱨᱮᱭᱟᱜ ᱥᱟᱨᱵᱷᱟᱨ ᱠᱚ ᱮᱢᱼᱟ ᱾"
441,ᱡᱩᱭᱟᱹᱱᱟᱱ ᱪᱟᱥ ᱨᱮ ᱦᱟᱭᱰᱨᱳᱡᱮᱞ ᱠᱚ ᱥᱮᱞᱮᱫ ᱨᱮᱭᱟᱜ ᱦᱚᱨᱟ ᱫᱚ ᱪᱮᱫ?,"ᱦᱤᱫᱨᱳᱡᱮᱞ ᱵᱮᱶᱦᱟᱨ ᱥᱟᱶᱛᱮ ᱠᱟᱹᱢᱤᱭᱟᱱ ᱥᱮᱪ, ᱥᱚᱨ ᱠᱚᱢ ᱟᱨ ᱚᱛ ᱥᱟᱢᱲᱟᱣ ᱨᱮᱭᱟᱜ ᱦᱚᱨᱟ ᱠᱚ ᱥᱮᱞᱮᱫ ᱢᱮ ᱾"
442,ᱦᱟᱭᱰᱨᱳᱡᱮᱞ ᱪᱮᱫ ᱞᱮᱠᱟᱛᱮ ᱥᱚᱨᱚ ᱴᱚᱴᱷᱟ ᱨᱮ ᱫᱟᱜ ᱵᱮᱶᱦᱟᱨ ᱨᱮᱭᱟᱜ ᱫᱟᱲᱮᱭ ᱵᱟᱹᱲᱛᱤᱼᱟ?,"ᱚᱛᱢᱚᱱ ᱨᱮᱭᱟᱜ ᱞᱟᱹᱠᱛᱤ ᱠᱚᱢ ᱠᱟᱛᱮ ᱟᱨ ᱯᱷᱚᱞᱚᱠ ᱨᱮᱭᱟᱜ ᱵᱮᱱᱟᱣ ᱫᱟᱲᱮ ᱰᱷᱮᱨ ᱠᱟᱛᱮ, ᱚᱛᱢᱚᱱ ᱨᱮᱭᱟᱜ ᱫᱟᱜ ᱫᱚᱦᱚ ᱫᱟᱲᱮᱹᱭᱟᱜᱼᱟ 50-70% ᱰᱷᱮᱨ ᱠᱟᱛᱮ ᱾"
443,ᱵᱟᱞᱟᱝ ᱚᱛᱚᱢ ᱨᱮ ᱦᱟᱭᱰᱨᱳᱡᱮᱞ ᱵᱮᱣᱦᱟᱨ ᱨᱮᱱᱟᱜ ᱦᱚᱨᱟ ᱪᱮᱫ?,ᱰᱚᱞᱟᱣ ᱞᱟᱹᱜᱤᱫ ᱟᱨ ᱫᱟᱜ ᱫᱚᱦᱚ ᱨᱮᱭᱟᱜ ᱫᱟᱲᱮ ᱵᱟᱹᱲᱛᱤ ᱞᱟᱹᱜᱤᱫ 0.2-0.4 ᱜᱨᱟᱢ/ᱠᱤᱞᱳᱢᱤᱴᱟᱨ ᱢᱮᱲᱤ ᱵᱮᱣᱦᱟᱨ ᱢᱮ ᱾
444,ᱦᱟᱭᱰᱨᱳᱡᱮᱞ ᱠᱚ ᱪᱮᱫ ᱞᱮᱠᱟᱛᱮ ᱚᱛᱢᱚᱱ ᱫᱟᱜ ᱨᱮᱭᱟᱜ ᱮᱥᱮᱨ ᱨᱮᱭᱟᱜ ᱪᱤᱱᱦᱟᱹ ᱠᱚᱢ ᱞᱟᱹᱜᱤᱫ ᱜᱚᱲᱚ ᱠᱚ ᱮᱢᱼᱟ?,"ᱱᱚᱶᱟ ᱠᱚᱫᱚ ᱢᱩᱲᱩᱫ ᱥᱳᱨᱥᱳᱯᱳᱨ ᱫᱟᱜᱫᱩᱱᱚᱞᱮ ᱫᱚᱦᱚᱼᱟ, ᱚᱛᱚᱢ ᱰᱟᱣᱩᱱᱞ, ᱠᱞᱳᱨᱳᱯᱷᱤᱞ ᱠᱚᱢᱚᱜ ᱟᱨ ᱟᱨᱡᱟᱣ ᱠᱚᱢᱚᱜ ᱮ ᱵᱚᱱᱫᱷᱩᱠᱼᱟ ᱾"
445,ᱦᱟᱭᱰᱨᱳᱡᱮᱞ ᱵᱮᱣᱦᱟᱨ ᱠᱟᱛᱮ ᱚᱛ ᱨᱮᱭᱟᱜ ᱢᱮᱠᱨᱳᱵᱚᱭᱮᱞ ᱠᱟᱹᱢᱤ ᱦᱚᱨᱟ ᱫᱚ ᱪᱮᱫ ᱦᱩᱭᱩᱜ ᱠᱟᱱᱟ?,"ᱦᱟᱭᱰᱨᱳᱡᱮᱞ ᱠᱚ ᱫᱟᱜ ᱟᱨ ᱦᱚᱭ ᱨᱮᱭᱟᱜ ᱵᱚᱱᱚᱫᱚᱞ ᱮ ᱫᱚᱦᱚ ᱞᱮᱫᱟ, ᱡᱟᱦᱟᱸ ᱫᱚ ᱢᱮᱠᱨᱳᱵᱟᱭᱤᱞ ᱵᱟᱹᱲᱛᱤ ᱞᱟᱹᱜᱤᱫ ᱢᱤᱫᱴᱟᱝ ᱱᱟᱯᱟᱭ ᱦᱚᱭᱦᱩᱫᱤᱥ ᱮ ᱵᱮᱱᱟᱣ ᱞᱮᱫᱟ ᱾"
446,ᱦᱚᱭᱰᱨᱳᱡᱮᱞ ᱠᱚ ᱪᱮᱫ ᱞᱮᱠᱟᱛᱮ ᱦᱚᱭᱦᱩᱫᱥᱩᱢᱟᱹᱫᱽ ᱨᱮᱭᱟᱜ ᱵᱚᱱᱚᱫᱚᱞ ᱨᱮ ᱜᱚᱲᱚ ᱠᱚ ᱮᱢᱼᱟ?,"ᱱᱚᱶᱟ ᱠᱚᱫᱚ ᱡᱩᱭᱟᱹᱱᱤᱠ ᱟᱨ ᱵᱟᱝ ᱡᱳᱨᱟᱱ ᱦᱩᱭ ᱠᱟᱛᱮ ᱦᱚᱸ ᱫᱟᱜ ᱨᱮᱭᱟᱜ ᱵᱮᱣᱦᱟᱨ, ᱥᱟᱨ ᱨᱮᱭᱟᱜ ᱦᱟᱹᱱ ᱟᱨ ᱠᱤᱢᱤᱥᱟᱭᱰ ᱨᱮᱭᱟᱜ ᱵᱮᱣᱦᱟᱨ ᱠᱚᱢᱼᱟ ᱾"
447,ᱦᱟᱭᱰᱨᱳᱯᱳᱱᱤᱠ ᱥᱮ ᱳᱣᱟᱨᱴᱤᱠᱮᱞ ᱪᱟᱥ ᱞᱮᱠᱟᱱ ᱢᱟᱲᱟᱝ ᱪᱟᱥ ᱵᱚᱱᱫᱮᱡ ᱨᱮ ᱦᱟᱭᱰᱨᱳᱡᱮᱞ ᱵᱮᱣᱦᱟᱨ ᱨᱮᱱᱟᱜ ᱦᱚᱨᱟ ᱪᱮᱫ?,"ᱡᱳᱨ ᱟᱨ ᱱᱩᱴᱨᱤᱥᱚᱱ ᱫᱚᱦᱚ ᱞᱟᱹᱜᱤᱫ ᱦᱚᱭᱰᱨᱳᱡᱮᱞ ᱠᱚ ᱰᱷᱮᱨᱚᱜ ᱠᱟᱱ ᱛᱟᱞᱢᱟ ᱨᱮ ᱥᱮᱞᱮᱫ ᱦᱳᱭᱳᱜᱼᱟ, ᱡᱟᱦᱟᱸ ᱫᱚ ᱚᱛᱢᱚᱱ ᱨᱮᱭᱟᱜ ᱢᱤᱫᱜᱮ ᱥᱟᱨᱵᱷᱟᱨ ᱮ ᱜᱚᱴᱟ ᱞᱮᱫᱟ ᱾"
448,ᱜᱨᱤᱦᱩᱱᱩᱥ ᱛᱷᱟᱯᱚᱱ ᱨᱮᱭᱟᱜ ᱯᱚᱨᱤᱢᱟᱱ ᱦᱚᱨᱟ ᱫᱚ ᱪᱮᱫ?,"ᱢᱤᱫᱴᱟᱝ ᱱᱟᱯᱟᱭ ᱴᱷᱟᱶ ᱵᱟᱪᱷᱱᱟᱣ ᱢᱮ, ᱵᱮᱱᱟᱣ ᱨᱮᱭᱟᱜ ᱪᱤᱱᱦᱟᱹ ᱵᱮᱱᱟᱣ ᱢᱮ, ᱩᱯᱟᱹᱭ ᱨᱮᱭᱟᱜ ᱵᱚᱱᱫᱮᱡ ᱢᱮ, ᱯᱷᱨᱟᱢ ᱵᱮᱱᱟᱣ ᱢᱮ, ᱠᱚᱵᱷᱟᱨ ᱩᱯᱟᱹᱭ ᱛᱷᱟᱯᱚᱱ ᱢᱮ, ᱟᱨ ᱦᱚᱭᱦᱩᱫ ᱨᱮᱭᱟᱜ ᱥᱟᱢᱲᱟᱣ ᱵᱚᱱᱫᱮᱡ ᱛᱷᱟᱯᱚᱱ ᱢᱮ ᱾"
449,ᱜᱨᱤᱦᱩᱱᱩᱥ ᱵᱮᱱᱟᱣ ᱞᱟᱹᱜᱤᱫ ᱪᱮᱫ ᱞᱮᱠᱟᱛᱮ ᱢᱤᱫᱴᱟᱝ ᱱᱟᱯᱟᱭ ᱴᱷᱟᱶ ᱵᱟᱪᱷᱱᱟᱣ ᱦᱩᱭᱩᱜ ᱠᱟᱱᱟ?,"ᱢᱤᱫᱴᱟᱝ ᱱᱟᱯᱟᱭ ᱫᱟᱜᱼᱫᱩᱱᱩᱞ ᱴᱚᱴᱷᱟ ᱵᱟᱪᱷᱱᱟᱣ ᱢᱮ ᱡᱟᱦᱟᱸ ᱨᱮ ᱟᱹᱰᱤ ᱱᱟᱯᱟᱭ ᱫᱤᱱ ᱨᱮᱭᱟᱜ ᱦᱚᱭᱩᱜ ᱟ, ᱫᱟᱜ ᱨᱮᱭᱟᱜ ᱩᱯᱟᱹᱭ, ᱰᱟᱦᱟᱨ ᱟᱨ ᱵᱟᱡᱟᱨ ᱥᱳᱨᱥᱳᱯᱳᱨ, ᱟᱨ ᱚᱲᱟᱜ ᱥᱮ ᱵᱤᱨ ᱠᱷᱚᱱ ᱠᱚᱢ ᱵᱚᱱᱫᱮᱡ ᱛᱟᱦᱮᱸᱱᱟ ᱾"
450,ᱜᱨᱟᱭᱩᱱᱥ ᱳᱭᱮᱨᱮᱱᱴᱮᱥᱚᱱ ᱜᱚᱴᱟ ᱨᱮᱭᱟᱜ ᱦᱚᱨᱟ ᱫᱚ ᱪᱮᱫ?,"ᱦᱚᱭ ᱨᱮᱭᱟᱜ ᱥᱮᱪ, ᱥᱩᱱᱞᱳᱰ ᱧᱟᱢ ᱟᱨ ᱴᱚᱴᱷᱟ ᱨᱮᱭᱟᱜ ᱦᱚᱭᱦᱩᱫᱤᱥ ᱨᱮᱭᱟᱜ ᱯᱚᱨᱤᱢᱟᱱ ᱠᱚ ᱩᱭᱦᱟᱹᱨ ᱠᱟᱛᱮ ᱟᱨᱦᱚᱸ ᱱᱟᱯᱟᱭ ᱥᱟᱰᱟᱹ ᱦᱚᱭ ᱞᱟᱹᱜᱤᱫ ᱵᱮᱱᱟᱣ ᱫᱚ ᱯᱚᱪᱷᱤᱢᱼᱯᱩᱨᱵᱚ ᱨᱮ ᱥᱳᱯᱨᱳᱫ ᱢᱮ ᱾"
451,ᱜᱨᱤᱦᱩᱱᱩᱥ ᱯᱷᱨᱟᱢ ᱵᱮᱱᱟᱣ ᱨᱮᱱᱟᱜ ᱦᱚᱨᱟ ᱪᱮᱫ?,"ᱢᱩᱲᱩᱫ ᱵᱮᱱᱟᱣ ᱞᱟᱹᱜᱤᱫ ᱢᱟᱨᱟᱝ ᱛᱩᱵᱟᱹ, ᱜᱚᱲᱚ ᱞᱟᱹᱜᱤᱫ ᱦᱩᱰᱤᱧ ᱛᱩᱵᱟᱹ ᱠᱚ ᱵᱮᱣᱦᱟᱨ ᱢᱮ ᱟᱨ ᱚᱱᱟ ᱠᱚ ᱱᱤᱞ ᱟᱨ ᱡᱤ ᱟᱭ ᱳᱣᱟᱨ ᱫᱟᱨᱟᱭ ᱛᱮ ᱥᱟᱢᱵᱲᱟᱣ ᱢᱤᱫᱴᱟᱝ ᱴᱨᱟᱥ ᱯᱷᱨᱟᱢᱵᱷᱳᱨᱠ ᱨᱮ ᱵᱚᱱᱚᱫᱚᱞ ᱢᱮ ᱾"
452,ᱜᱨᱤᱦᱩᱱᱩᱥ ᱵᱮᱱᱟᱣ ᱚᱠᱛᱚ ᱠᱷᱟᱛ ᱠᱚ ᱪᱮᱫ ᱞᱮᱠᱟᱛᱮ ᱵᱮᱱᱟᱣ ᱦᱩᱭᱩᱜᱼᱟ?,ᱮᱞᱹ ᱰᱤᱹᱯᱤᱹ ᱯᱷᱤᱞᱢ ᱨᱮᱭᱟᱜ ᱥᱤᱢᱟᱹ ᱠᱚ ᱰᱩᱵᱟᱹᱣ ᱞᱟᱹᱜᱤᱫ ᱟᱨ ᱨᱩᱠᱷᱤᱭᱟᱹ ᱞᱟᱹᱜᱤᱫ ᱞᱟᱹᱞᱤᱥ ᱥᱟᱶᱛᱮ ᱠᱷᱟᱹᱨᱰᱩ (0ᱹ2 ᱢᱤᱴᱟᱨ×2ᱹ2 ᱢᱤᱴᱟᱨ) ᱰᱩᱵᱟᱹᱧ ᱢᱮ ᱾
453,ᱮᱞᱹ ᱰᱤᱯᱤᱹ ᱪᱚᱞᱚᱛ ᱪᱤᱛᱟᱹᱨ ᱫᱚ ᱦᱟᱹᱱ ᱠᱷᱚᱱ ᱨᱩᱠᱷᱤᱭᱟᱹ ᱨᱮᱭᱟᱜ ᱦᱚᱨᱟ ᱫᱚ ᱪᱮᱫ?,ᱥᱟᱱᱟᱢ ᱛᱩᱲᱟᱹ ᱟᱨ ᱜᱩᱴ ᱠᱚ ᱮᱞᱹ ᱰᱤᱹᱯᱤ ᱤ ᱥᱴᱨᱤᱯ ᱛᱮ ᱯᱮᱨᱮᱪ ᱢᱮ ᱡᱟᱦᱟᱸᱛᱮ ᱛᱩᱲᱟᱹ ᱥᱮᱫ ᱠᱷᱚᱱ ᱮᱲᱟᱣ ᱫᱟᱲᱮᱭᱟᱜᱼᱟ ᱟᱨ ᱯᱷᱤᱞᱢ ᱫᱚ ᱜᱷᱟᱹᱞ ᱵᱟᱝ ᱦᱳᱭᱳᱜᱼᱟ ᱾
454,ᱜᱨᱤᱦᱩᱱᱩᱥ ᱠᱚᱵᱷᱟᱨ ᱪᱮᱫ ᱞᱮᱠᱟᱛᱮ ᱛᱷᱟᱯᱚᱱ ᱟᱠᱟᱱᱟ?,"ᱵᱮᱱᱟᱣ ᱪᱮᱛᱟᱱ ᱨᱮ ᱤᱭᱩᱭᱤᱼᱥᱴᱮᱵᱤᱞᱤᱡᱽᱰ ᱮᱞᱹ ᱰᱤᱹᱯᱤᱹ ᱯᱷᱤᱞᱢ ᱯᱟᱥᱱᱟᱣ ᱢᱮ, ᱥᱤᱢᱟᱹ ᱠᱚ ᱯᱷᱳᱞᱰ ᱢᱮ, ᱱᱤᱞ ᱟᱨ ᱳᱣᱟᱥᱟᱨ ᱛᱮ ᱯᱷᱤᱠᱥ ᱢᱮ, ᱟᱨ ᱫᱟᱹᱨᱟᱹ ᱠᱚ ᱨᱮᱭᱟᱜ ᱥᱤᱢᱟᱹ ᱠᱚ ᱰᱩᱵᱟᱹᱭ ᱢᱮ ᱾"
455,ᱮᱞᱹ ᱰᱤᱹᱯᱤᱹ ᱥᱤᱴ ᱠᱚ ᱡᱳᱨᱛᱮ ᱛᱷᱟᱯᱚᱱ ᱨᱮᱭᱟᱜ ᱦᱚᱨᱟ ᱫᱚ ᱪᱮᱫ?,ᱥᱴᱤᱴ ᱫᱚ ᱠᱟᱴᱤᱡ ᱛᱮ ᱵᱮᱱᱟᱣ ᱞᱟᱹᱜᱤᱫ ᱢᱤᱫ ᱞᱮᱠᱟ ᱛᱟᱞᱟ ᱨᱮ ᱨᱵᱟᱨ ᱳᱣᱟᱥᱟᱨ ᱥᱟᱶ ᱴᱮᱜᱽ ᱱᱟᱞ ᱵᱮᱣᱦᱟᱨ ᱢᱮ ᱾
456,ᱜᱨᱤᱦᱩᱱᱩᱥ ᱮᱛᱚᱦᱚᱵ ᱠᱚ ᱪᱮᱫ ᱞᱮᱠᱟᱛᱮ ᱵᱮᱱᱟᱣ ᱟᱠᱟᱱᱟ?,ᱨᱳᱞᱮᱼᱯ ᱦᱚᱨᱟ ᱟᱨ ᱢᱮᱛᱟᱞ ᱦᱩᱠ ᱥᱟᱶ ᱮᱞᱹ ᱰᱤᱹᱯᱤ ᱤ ᱥᱤᱴ ᱛᱷᱟᱯᱚᱱ ᱢᱮ ᱡᱟᱦᱟᱸᱛᱮ ᱥᱟᱫᱷᱟᱨᱚᱱ ᱞᱮᱠᱟᱛᱮ ᱮᱦᱚᱵ ᱟᱨ ᱵᱚᱱᱚᱫᱚᱞ ᱦᱩᱭ ᱫᱟᱲᱮᱭᱟᱜᱼᱟ ᱾
457,ᱜᱨᱤᱦᱩᱱᱩᱥ ᱵᱮᱱᱟᱣ ᱨᱮ ᱵᱚᱱᱥ ᱨᱮᱭᱟᱜ ᱞᱮᱴᱤ ᱨᱮᱭᱟᱜ ᱮᱱᱮᱢ ᱪᱮᱫ?,ᱵᱚᱱᱵᱩ ᱨᱮᱭᱟᱜ ᱥᱴᱤᱠ ᱮᱞᱹ ᱰᱤᱹᱯᱤᱭᱮ ᱥᱴᱤᱴ ᱮ ᱮᱥᱮᱨᱼᱟ ᱟᱨ ᱥᱟᱱᱟᱢ ᱵᱮᱱᱟᱣ ᱨᱮ ᱮᱥᱮᱨ ᱮ ᱦᱟᱹᱴᱤᱧᱼᱟ ᱾
458,ᱜᱨᱤᱦᱩᱱᱩᱥ ᱵᱮᱱᱟᱣ ᱨᱮ ᱯᱞᱟᱥᱴᱤᱠ ᱨᱮᱭᱟᱜ ᱨᱤ ᱪᱮᱫ ᱞᱮᱠᱟᱛᱮ ᱵᱮᱣᱦᱟᱨ ᱦᱩᱭᱩᱜᱼᱟ?,ᱮᱞᱹ ᱰᱤᱯᱤᱹ ᱥᱤᱴ ᱪᱮᱛᱟᱱ ᱨᱮ ᱯᱞᱟᱥᱴᱤᱠ ᱨᱮᱭᱟᱜ ᱨᱤ ᱠᱚ ᱫᱚᱦᱚ ᱦᱳᱭᱳᱜᱼᱟ ᱡᱟᱦᱟᱸᱛᱮ ᱦᱚᱭ ᱠᱷᱟᱹᱛᱤᱨ ᱛᱮ ᱚᱱᱟ ᱠᱚ ᱡᱳᱨᱛᱮ ᱫᱚᱦᱚ ᱦᱳᱭᱳᱜᱼᱟ ᱾
459,ᱜᱨᱤᱦᱩᱱᱩᱥ ᱢᱩᱫ ᱨᱮ ᱦᱚᱭᱦᱩᱫᱥᱩᱢ ᱥᱟᱢᱲᱟᱣ ᱪᱮᱫ ᱞᱮᱠᱟᱛᱮ ᱠᱚᱨᱟᱣ ᱦᱩᱭᱩᱜᱼᱟ?,"ᱠᱟᱵᱷᱟᱨ ᱢᱮᱴᱮᱨᱮᱞ ᱟᱨ ᱳᱣᱟᱱᱴᱤᱞᱮᱥᱚᱱ ᱦᱚᱨᱟ ᱠᱚ ᱵᱮᱣᱦᱟᱨ ᱠᱟᱛᱮ ᱮᱞᱟᱨᱟᱣ, ᱮᱞᱟᱨᱟᱣ, ᱟᱨ ᱥᱤ ᱳᱼ2 ᱨᱮᱭᱟᱜ ᱯᱚᱨᱤᱢᱟᱱ ᱥᱟᱢᱲᱟᱣ ᱠᱟᱛᱮ ᱾"
460,ᱢᱤᱫᱴᱟᱝ ᱜᱨᱤᱦᱩᱱᱩᱥ ᱨᱮ ᱜᱚᱴᱟᱼᱵᱩᱴᱟᱹ ᱰᱮᱨᱮᱱᱡᱽ ᱫᱚᱦᱚ ᱨᱮᱭᱟᱜ ᱦᱚᱨᱟ ᱫᱚ ᱪᱮᱫ?,ᱵᱮᱱᱟᱣ ᱠᱷᱚᱱ ᱡᱟᱹᱥᱛᱤ ᱫᱟᱜ ᱮᱴᱟᱜ ᱥᱮᱪ ᱪᱟᱞᱟᱣ ᱞᱟᱹᱜᱤᱫ ᱥᱚᱞᱮᱯ ᱟᱨ ᱰᱮᱨᱮᱱᱡ ᱪᱮᱱᱮᱞᱠᱚ ᱜᱚᱴᱟ ᱫᱚᱦᱚ ᱢᱮ ᱾
461,ᱤᱭᱩᱵᱷᱤᱼᱥᱴᱮᱵᱤᱞᱤᱡᱽᱰ ᱮᱞᱰᱤᱯᱤᱹ ᱯᱷᱤᱞᱢ ᱪᱮᱫ ᱞᱮᱠᱟᱛᱮ ᱵᱟᱪᱷᱱᱟᱣ ᱟᱨ ᱵᱮᱣᱦᱟᱨ ᱦᱩᱭᱩᱜᱼᱟ?,"ᱥᱟᱡᱟᱹᱭᱟᱱ ᱜᱟᱹᱨᱫᱷ ᱵᱟᱪᱷᱱᱟᱣ ᱢᱮ (ᱡᱮᱞᱮᱠᱟ, 200 ᱢᱮᱠᱨᱚᱱ), ᱯᱚᱨᱤᱢᱟᱱ ᱞᱮᱠᱟᱛᱮ ᱠᱟᱴᱟᱣ ᱢᱮ, ᱟᱨ ᱡᱳᱨᱟᱱ ᱟᱨ ᱮᱞᱟᱨᱟᱣ ᱴᱨᱟᱥᱚᱱᱥᱚᱱ ᱜᱚᱴᱟ ᱠᱚᱨᱟᱣ ᱞᱟᱹᱜᱤᱫ ᱱᱟᱯᱟᱭ ᱛᱮ ᱛᱷᱟᱯᱚᱱ ᱢᱮ ᱾"
462,ᱮᱞᱹ ᱰᱤᱯᱤᱹ ᱪᱚᱞᱚᱛ ᱪᱤᱛᱟᱹᱨ ᱨᱮᱭᱟᱜ ᱞᱟᱹᱠᱛᱤ ᱞᱮᱠᱷᱟ ᱨᱮᱭᱟᱜ ᱦᱚᱨᱟ ᱫᱚ ᱪᱮᱫ?,ᱠᱟᱴᱟᱣ ᱞᱟᱹᱜᱤᱫ ᱞᱟᱹᱠᱛᱤ ᱥᱟᱱᱟᱢ ᱯᱷᱤᱞᱢ ᱨᱮᱭᱟᱜ ᱟᱭᱩᱢᱟᱹᱱ ᱠᱚᱨᱟᱣ ᱞᱟᱹᱜᱤᱫ ᱢᱮᱞᱟᱱ ᱨᱮᱭᱟᱜ ᱴᱚᱴᱷᱟ ᱫᱚ 2.48 ᱛᱮ ᱜᱩᱱ ᱢᱮ ᱾
463,ᱜᱨᱤᱦᱩᱱᱩᱥ ᱨᱮᱭᱟᱜ ᱵᱚᱱᱫᱮᱡ ᱫᱚ ᱪᱮᱫ ᱞᱮᱠᱟᱛᱮ ᱦᱚᱭᱦᱩᱫᱤᱥ ᱨᱮᱭᱟᱜ ᱦᱟᱹᱱ ᱠᱷᱚᱱ ᱨᱩᱠᱷᱟᱹᱭᱟᱹ ᱦᱩᱭᱩᱜᱼᱟ?,"ᱫᱟᱲᱮᱹᱣᱟᱱᱟᱜ ᱩᱯᱟᱹᱭ, ᱨᱩᱠᱷᱟᱹᱣᱟᱱᱟᱜ ᱡᱳᱴ, ᱱᱟᱯᱟᱭ ᱮᱝᱠᱟᱨ ᱟᱨ ᱵᱤᱴᱩᱢᱮᱱ ᱞᱮᱠᱟᱱ ᱨᱩᱠᱷᱟᱹᱣᱟᱱᱟᱜ ᱠᱚᱴᱤᱝ ᱵᱮᱣᱦᱟᱨ ᱢᱮ ᱾"
464,ᱜᱨᱤᱦᱩᱱᱩᱥ ᱨᱮ ᱵᱷᱮᱱᱴᱤᱞᱮᱥᱚᱱ ᱜᱚᱴᱟ ᱨᱮᱭᱟᱜ ᱦᱚᱨᱟ ᱫᱚ ᱪᱮᱫ?,ᱦᱚᱭ ᱨᱮᱭᱟᱜ ᱰᱟᱣᱩᱱᱞᱳᱰ ᱟᱨ ᱞᱚᱞᱢᱟᱱ ᱥᱟᱢᱲᱟᱣ ᱞᱟᱹᱜᱤᱫ ᱥᱟᱼᱥᱟᱼᱥᱟᱼᱥᱟᱼᱥᱟᱼᱥᱟᱼᱥᱟᱼᱥᱟᱼᱥᱟᱼᱥᱟᱼᱥᱟᱼᱥᱟᱼᱥᱟᱼᱥᱟ ᱮᱢ ᱢᱮ ᱾
465,ᱜᱨᱤᱦᱩᱱᱩᱥ ꯇꯦꯛꯅꯣꯂꯣꯖꯤ ᱪᱮᱫ ᱞᱮᱠᱟᱛᱮ ᱵᱮᱼᱢᱩᱥᱩᱢ ᱨᱮᱭᱟᱜ ᱪᱟᱥ ᱵᱮᱱᱟᱣ ᱨᱮ ᱜᱚᱲᱚ ᱮᱢᱼᱟ?,ᱵᱚᱱᱚᱫᱚᱞ ᱟᱠᱟᱱ ᱦᱚᱭᱦᱩᱫᱤᱥ ᱵᱮᱱᱟᱣ ᱠᱟᱛᱮ ᱡᱟᱦᱟᱫᱚ ᱵᱤᱞᱟᱹᱛ ᱨᱮᱭᱟᱜ ᱦᱚᱭᱦᱩᱫᱥᱤᱫ ᱫᱚ ᱵᱮᱼᱵᱟᱹᱛᱤᱞ ᱦᱩᱭ ᱞᱮᱱ ᱨᱮᱦᱚᱸ ᱪᱟᱥ ᱨᱮᱭᱟᱜ ᱫᱟᱲᱮᱭ ᱮᱢᱼᱟ ᱾
466,ᱜᱨᱤᱦᱩᱱᱩᱥ ꯇꯦꯛꯅꯣꯂꯣꯖꯤ ᱵᱮᱣᱦᱟᱨ ᱠᱟᱛᱮ ᱪᱟᱥ ᱨᱮᱭᱟᱜ ᱯᱚᱨᱤᱢᱟᱱ ᱵᱟᱹᱲᱛᱤ ᱨᱮᱱᱟᱜ ᱦᱚᱨᱟ ᱫᱚ ᱪᱮᱫ?,"ᱰᱷᱮᱨ ᱠᱷᱚᱱ ᱡᱟᱹᱥᱛᱤ ᱵᱟᱹᱲᱛᱤ ᱨᱮᱭᱟᱜ ᱯᱚᱨᱤᱢᱟᱱ ᱫᱚᱦᱚ ᱢᱮ, ᱮᱥᱮᱨ ᱨᱮᱭᱟᱜ ᱚᱡᱮ ᱠᱚᱢ ᱢᱮ ᱟᱨ ᱫᱟᱜ ᱟᱨ ᱱᱩᱴᱨᱤᱥᱚᱱ ᱨᱮᱭᱟᱜ ᱢᱤᱫᱼᱵᱩᱴᱟᱹ ᱥᱟᱨᱵᱷᱟᱨ ᱜᱚᱴᱟ ᱢᱮ ᱾"
467,ᱦᱩᱰᱤᱧ ᱪᱟᱥᱤᱭᱟᱹ ᱠᱚ ᱞᱟᱹᱜᱤᱫ ᱜᱨᱤᱦᱩᱱᱩᱥ ᱵᱚᱱᱫᱮᱡ ᱫᱚ ᱪᱮᱫ ᱞᱮᱠᱟᱛᱮ ᱠᱷᱚᱨᱪᱟ ᱟᱱᱟᱜ ᱦᱩᱭ ᱟᱠᱟᱱᱟ?,ᱰᱷᱮᱨ ᱜᱚᱱᱚᱝ ᱨᱮᱭᱟᱜ ᱩᱯᱟᱹᱭ ᱨᱮᱭᱟᱜ ᱵᱚᱱᱚᱫᱚᱞ ᱛᱮ ᱴᱚᱴᱷᱟ ᱞᱮᱠᱟᱛᱮ ᱧᱟᱢᱚᱜ ᱠᱟᱱ ᱩᱯᱟᱹᱭ ᱡᱮᱞᱮᱠᱟ ᱠᱟᱪ ᱟᱨ ᱵᱚᱱᱫᱮᱡ ᱟᱨ ᱠᱚᱢ ᱜᱚᱱᱚᱝ ᱨᱮᱭᱟᱜ ᱮᱞᱹ ᱰᱤᱯᱤᱹ ᱥᱤᱴ ᱵᱮᱣᱦᱟᱨ ᱢᱮ ᱾
468,ᱜᱷᱟᱹᱞ ᱵᱟᱝ ᱦᱩᱭ ᱠᱟᱛᱮ ᱜᱨᱤᱦᱩᱱᱩᱥ ᱠᱚᱵᱷᱟᱨ ᱥᱮᱞᱮᱫ ᱨᱮᱭᱟᱜ ᱦᱚᱨᱟ ᱫᱚ ᱪᱮᱫ?,"ᱥᱚᱨᱯ ᱮᱡᱽ, ᱨᱳᱯ ᱡᱮᱱᱤᱴ, ᱮᱥᱴᱨᱮᱪ ᱯᱷᱤᱞᱢ ᱢᱤᱫ ᱞᱮᱠᱟ ᱵᱚᱱᱚᱫᱚᱞ ᱢᱮ, ᱟᱨ ᱱᱤᱞ ᱟᱨ ᱨᱤ ᱵᱮᱣᱦᱟᱨ ᱠᱟᱛᱮ ᱱᱟᱯᱟᱭ ᱞᱮᱠᱟᱛᱮ ᱵᱚᱱᱚᱫᱚᱞ ᱢᱮ ᱾"
469,ᱜᱨᱤᱦᱩᱱᱩᱥ ᱵᱚᱱᱫᱮᱡ ᱨᱮ ᱪᱮᱫ ᱞᱮᱠᱟᱛᱮ ᱥᱩᱱᱤᱯ ᱨᱮᱭᱟᱜ ᱵᱮᱣᱦᱟᱨ ᱰᱷᱮᱨ ᱦᱩᱭᱩᱜᱼᱟ?,ᱡᱚᱛᱚ ᱠᱷᱚᱱ ᱰᱷᱮᱨ ᱥᱩᱨ ᱨᱮᱭᱟᱜ ᱨᱮᱰᱤᱭᱟᱥᱚᱱ ᱨᱮᱭᱟᱜ ᱚᱱᱩᱢᱟᱹᱱ ᱮᱢ ᱞᱟᱹᱜᱤᱫ ᱥᱚᱯᱟᱨᱴᱮᱱᱥᱤ ᱠᱟᱵᱷᱟᱨ ᱨᱮᱭᱟᱜ ᱩᱯᱟᱹᱭ ᱵᱮᱣᱦᱟᱨ ᱢᱮ ᱟᱨ ᱱᱟᱯᱟᱭ ᱩᱯᱟᱹᱭ ᱵᱮᱣᱦᱟᱨ ᱢᱮ ᱾
470,ᱜᱨᱤᱦᱩᱱᱩᱥ ᱢᱩᱫ ᱨᱮ ᱟᱨᱩ ᱫᱚᱦᱚ ᱨᱮᱭᱟᱜ ᱦᱚᱨᱟ ᱫᱚ ᱪᱮᱫ?,"ᱞᱟᱹᱠᱛᱤ ᱟᱱ ᱫᱟᱜ ᱨᱮᱭᱟᱜ ᱯᱚᱨᱤᱢᱟᱱ ᱫᱚᱦᱚ ᱞᱟᱹᱜᱤᱫ ᱳᱣᱟᱱ, ᱥᱮᱪ, ᱟᱨ ᱚᱛᱢᱚᱱ ᱴᱨᱟᱱᱥᱯᱤᱨᱮᱥᱚᱱ ᱥᱟᱢᱵᱲᱟᱣ ᱢᱮ ᱾"
471,ᱢᱤᱫᱴᱟᱝ ᱜᱨᱤᱦᱩᱱᱩᱥ ᱵᱚᱱᱫᱮᱡ ᱨᱮᱭᱟᱜ ᱡᱳᱨ ᱜᱚᱴᱟ ᱞᱟᱹᱜᱤᱫ ᱢᱩᱲᱩᱫ ᱦᱚᱨᱟ ᱠᱚ ᱪᱮᱫ?,"ᱥᱟᱨᱦᱟᱶ ᱟᱠᱟᱱ ᱩᱯᱟᱹᱭ ᱵᱮᱣᱦᱟᱨ ᱢᱮ, ᱡᱳᱴ ᱠᱚ ᱱᱟᱯᱟᱭ ᱞᱮᱠᱟᱛᱮ ᱥᱟᱨᱦᱟᱶ ᱢᱮ, ᱠᱚᱵᱷᱟᱨ ᱨᱮᱭᱟᱜ ᱩᱯᱟᱹᱭ ᱥᱟᱨᱦᱟᱶ ᱢᱮ, ᱟᱨ ᱜᱚᱴᱟᱼᱵᱩᱴᱟᱹ ᱧᱮᱞᱼᱵᱩᱴᱟᱹ ᱢᱮ ᱾"
472,ᱮᱱᱛᱷᱨᱟᱠᱥ ᱪᱮᱫ ᱟᱨ ᱱᱚᱶᱟ ᱫᱚ ᱪᱮᱫ ᱞᱮᱠᱟᱱ ᱨᱳᱜᱽ ᱠᱟᱱᱟ?,ᱮᱱᱛᱷᱨᱟᱠᱥ ᱢᱤᱫᱴᱟᱝ ᱟᱹᱰᱤ ᱜᱮᱢᱮᱧ ᱟᱨ ᱜᱚᱡᱟᱱ ᱵᱮᱠᱴᱮᱨᱤᱭᱟ ᱨᱳᱜᱽ ᱡᱟᱦᱟᱸ ᱢᱩᱲᱩᱫ ᱞᱮᱠᱟᱛᱮ ᱜᱳᱣ ᱟᱨ ᱮᱴᱟᱜ ᱨᱩᱢᱤᱱᱟᱱᱴ ᱠᱚ ᱮᱥᱮᱨᱼᱟ ᱾
473,ᱮᱱᱛᱷᱨᱟᱠᱥ ᱨᱮᱭᱟᱜ ᱚᱡᱮ ᱫᱚ ᱪᱮᱫ ᱵᱤᱨᱤᱫ?,"ᱮᱱᱛᱷᱨᱟᱠᱥ ᱵᱮᱥᱤᱞᱟᱥ ᱮᱱᱛᱷᱨᱟᱥᱤᱥ ᱧᱩᱛᱩᱢ ᱛᱮ ᱢᱤᱫᱴᱟᱝ ᱢᱟᱨᱟᱝ, ᱥᱯᱳᱨᱼᱯᱷᱟᱨᱢᱤᱝ, ᱟᱭᱴᱚᱠᱟᱞᱟᱨᱼᱯᱷᱟᱨᱤᱠᱰ ᱵᱮᱠᱴᱮᱨᱤᱭᱟᱢ ᱚᱡᱮᱛᱮ ᱦᱳᱭᱳᱜᱼᱟ ᱾"
474,ᱮᱱᱛᱷᱨᱟᱠᱥ ᱫᱚ ᱪᱮᱫ ᱞᱟᱹᱜᱤᱫ ᱵᱤᱨᱤᱭᱟᱹ ᱠᱚᱣᱟᱜ ᱰᱷᱮᱨ ᱜᱚᱡ ᱥᱟᱶᱛᱮ ᱥᱮᱞᱮᱫ ᱢᱮᱱᱟᱜᱼᱟ?,"ᱵᱮᱠᱴᱮᱨᱤᱭᱟ ᱠᱚᱫᱚ ᱟᱹᱰᱤ ᱫᱟᱲᱮᱹᱣᱟᱱᱟᱜ ᱴᱳᱥᱤᱥᱚᱱ ᱵᱮᱱᱟᱣᱼᱟ ᱡᱟᱦᱟᱸ ᱫᱚ ᱦᱚᱲᱢᱚ ᱨᱮᱭᱟᱜ ᱟᱹᱰᱤ ᱜᱷᱟᱹᱞᱚᱜᱼᱟ, ᱡᱟᱦᱟᱸ ᱠᱷᱟᱹᱛᱤᱨ ᱛᱮ ᱟᱹᱰᱤ ᱞᱚᱜᱚᱱ ᱜᱚᱡᱚᱜᱼᱟ ᱟᱨ ᱜᱚᱡ ᱨᱮᱭᱟᱜ ᱦᱟᱨ ᱰᱷᱮᱨᱚᱜᱼᱟ ᱾"
475,ᱨᱩᱢᱤᱱᱟᱱᱴ ᱠᱚ ᱢᱩᱫᱽᱨᱮ ᱮᱱᱛᱷᱨᱟᱠᱥ ᱪᱮᱫ ᱞᱮᱠᱟᱱ ᱨᱳᱜᱽ ᱯᱟᱥᱱᱟᱣ ᱮ ᱩᱫᱩᱜᱟ?,"ᱮᱱᱛᱷᱨᱟᱠᱥ ᱟᱹᱰᱤ ᱵᱟᱹᱲᱛᱤ ᱥᱟᱶ ᱟᱹᱰᱤ ᱜᱟᱹᱨᱰᱩ ᱨᱮᱭᱟᱜ ᱚᱡᱮ ᱦᱳᱭᱳᱜᱼᱟ, ᱡᱟᱦᱟᱸ ᱫᱚ ᱡᱟᱣᱜᱮ اچانک ᱜᱚᱡ ᱨᱮᱭᱟᱜ ᱚᱡᱮ ᱦᱳᱭᱳᱜᱼᱟ ᱾"
476,ᱮᱱᱛᱷᱨᱟᱠᱥ ᱨᱮᱭᱟᱜ ᱤᱱᱠᱩᱵᱮᱥᱮᱱ ᱚᱠᱛᱚ ᱫᱚ ᱪᱮᱫ?,ᱥᱟᱫᱷᱟᱨᱚᱱᱛᱚ ᱥᱯᱳᱨ ᱠᱚ ᱦᱟᱛᱟᱣ ᱥᱮ ᱥᱟᱝ ᱛᱟᱭᱚᱢ 3 ᱠᱷᱚᱱ 7 ᱫᱤᱱ ᱛᱟᱭᱚᱢ ᱜᱮ ᱤᱱᱠᱩᱭᱵᱮᱥᱮᱱ ᱚᱠᱛᱚ ᱦᱩᱭᱩᱜᱼᱟ ᱾
477,ᱮᱱᱛᱷᱨᱟᱠᱥ ᱨᱮᱭᱟᱜ ᱪᱤᱱᱦᱟᱹ ᱧᱮᱞ ᱧᱟᱢ ᱛᱟᱭᱚᱢ ᱵᱤᱨᱤᱭᱟᱹ ᱠᱚ ᱛᱤᱱᱟᱹᱜ ᱞᱚᱜᱚᱱ ᱜᱚᱡᱚᱜᱼᱟ?,"ᱢᱤᱫ ᱵᱟᱨ ᱪᱤᱱᱦᱟᱹ ᱧᱮᱞ ᱧᱟᱢ ᱛᱟᱭᱚᱢ, ᱥᱟᱫᱷᱟᱨᱚᱱᱛᱚ ᱵᱟᱨ ᱢᱟᱦᱟ ᱢᱩᱫᱨᱮ, ᱡᱟᱣᱜᱮ ᱟᱹᱰᱤ ᱢᱟᱲᱟᱝ, ᱵᱤᱨᱤᱭᱟᱹ ᱠᱚ ᱜᱚᱡᱚᱜᱼᱟ ᱾"
478,ᱮᱱᱛᱷᱨᱟᱠᱥ ᱫᱟᱨᱟᱭ ᱛᱮ ᱡᱚᱛᱚ ᱠᱷᱚᱱ ᱡᱟᱹᱥᱛᱤ ᱮᱥᱮᱨ ᱦᱩᱭᱩᱜ ᱠᱟᱱᱟ ᱪᱮᱫ ᱵᱤᱨᱤᱭᱟᱹ ᱠᱚ?,"ᱜᱳᱣ, ᱢᱮᱲᱟ, ᱵᱟᱲᱤ ᱞᱮᱠᱟᱱ ᱜᱷᱩᱨᱟᱹᱣᱟᱱ ᱡᱤᱭᱟᱹᱞᱤ ᱠᱚ ᱥᱟᱫᱷᱟᱨᱚᱱ ᱞᱮᱠᱟᱛᱮ ᱡᱚᱛᱚ ᱠᱷᱚᱱ ᱰᱷᱮᱨ ᱮᱥᱮᱨᱚᱜᱼᱟ ᱾ "
479,ᱪᱟᱥ ᱚᱠᱛᱚ ᱵᱤᱨᱤᱭᱟᱹ ᱠᱚ ᱪᱮᱫ ᱞᱮᱠᱟᱛᱮ ᱮᱱᱛᱷᱨᱟᱠᱥ ᱛᱮ ᱜᱮᱢᱮᱧᱚᱜᱼᱟ?,ᱚᱛᱢᱚᱱ ᱚᱛᱢᱚᱱ ᱨᱮ ᱢᱮᱱᱟᱜ ᱮᱱᱛᱷᱨᱟᱠᱥ ᱮᱥᱯᱳᱨ ᱠᱚ ᱦᱟᱛᱟᱣ ᱠᱟᱛᱮ ᱵᱤᱨᱤᱭᱟᱹ ᱠᱚ ᱜᱮᱢᱮᱧ ᱦᱳᱭᱳᱜᱼᱟ ᱾
480,ᱮᱱᱛᱷᱨᱟᱠᱥ ᱫᱚ ᱪᱮᱫ ᱜᱷᱟᱹᱞ ᱛᱟᱞᱟᱛᱮ ᱯᱟᱥᱱᱟᱣ ᱫᱟᱲᱮᱭᱟᱜᱼᱟ?,"ᱦᱩᱭᱩᱜ ᱠᱟᱱᱟ, ᱡᱚᱱᱛᱚᱨ ᱟᱨ ᱦᱚᱲ ᱠᱚ ᱥᱯᱳᱨ ᱥᱚᱯᱳᱨ ᱛᱟᱞᱟᱛᱮ ᱜᱮᱢᱮᱧ ᱦᱩᱭ ᱫᱟᱲᱮᱭᱟᱜᱼᱟ, ᱡᱟᱦᱟᱸ ᱫᱚ ᱜᱩᱱ ᱵᱟᱝ ᱧᱟᱢᱟᱱ, ᱨᱚᱝ ᱵᱟᱝ ᱧᱟᱢᱟᱱ ᱟᱨ ᱥᱩᱫᱮᱥ ᱵᱟᱝ ᱧᱟᱢᱟᱱ ᱾"
481,ᱵᱤᱨᱤᱭᱟᱹ ᱠᱚ ᱢᱩᱫᱨᱮ ᱮᱱᱛᱷᱨᱟᱠᱥ ᱨᱮᱭᱟᱜ ᱡᱚᱛᱚ ᱠᱷᱚᱱ ᱥᱟᱫᱷᱟᱨᱚᱱ ᱪᱤᱱᱦᱟᱹ ᱫᱚ ᱪᱮᱫ?,"ᱥᱟᱫᱷᱟᱨᱚᱱ ᱪᱤᱱᱦᱟᱹ ᱫᱚ ᱦᱩᱭᱩᱜ ᱠᱟᱱᱟ ᱥᱟᱫᱷᱟᱨᱚᱱ ᱪᱤᱱᱦᱟᱹ, ᱡᱟᱦᱟᱸ ᱫᱚ ᱥᱟᱫᱷᱟᱨᱚᱱ ᱞᱮᱠᱟᱛᱮ ᱧᱮᱞ ᱧᱟᱢ ᱨᱮᱭᱟᱜ 2ᱼ3 ᱴᱟᱲᱟᱝ ᱢᱩᱫ ᱨᱮ ᱦᱳᱭᱳᱜᱼᱟ ᱾"
482,ᱮᱱᱛᱷᱨᱟᱠᱥ ᱜᱮᱢᱮᱧ ᱨᱮ ᱡᱟᱦᱟᱸ ᱯᱳᱭᱞᱳ ᱪᱤᱱᱦᱟᱹ ᱠᱚ ᱧᱮᱞ ᱧᱟᱢᱚᱜᱼᱟ?,ᱠᱟᱹᱪ ᱡᱤᱭᱟᱹᱞᱤ ᱠᱚ ᱜᱚᱡ ᱢᱟᱲᱟᱝ ᱨᱮ ᱜᱷᱟᱹᱞ ᱟᱨ ᱟᱹᱰᱤ ᱜᱷᱟᱹᱞ ᱧᱮᱞ ᱧᱟᱢ ᱫᱟᱲᱮᱭᱟᱜᱼᱟ ᱾
483,ᱮᱱᱛᱷᱨᱟᱠᱥ ᱜᱮᱢᱮᱧ ᱟᱠᱟᱱ ᱵᱤᱨᱤᱭᱟᱹ ᱠᱚ ᱢᱩᱫᱨᱮ ᱪᱮᱫ ᱪᱮᱫ ᱥᱳᱯᱨᱳᱥ ᱨᱮᱭᱟᱜ ᱪᱤᱱᱦᱟᱹ ᱧᱮᱞ ᱧᱟᱢᱚᱜᱼᱟ?,ᱜᱷᱟᱹᱞ ᱟᱨ ᱜᱚᱡ ᱢᱟᱲᱟᱝ ᱨᱮ ᱜᱷᱟᱹᱞ ᱦᱚᱭᱩᱜ ᱟ (ᱰᱤᱥᱯᱱᱳᱭᱟ) ᱾
484,ᱮᱱᱛᱷᱨᱟᱠᱥ ᱨᱮᱭᱟᱜ ᱴᱮᱦᱟᱹᱛᱤᱞ ᱡᱟᱣᱜᱮ ᱵᱤᱨᱤᱭᱟᱹ ᱠᱚ ᱞᱟᱹᱜᱤᱫ ᱪᱮᱫ ᱞᱟᱹᱜᱤᱫ ᱵᱟᱝ ᱦᱳᱭᱳᱜᱼᱟ?,"ᱱᱚᱶᱟ ᱨᱳᱜᱽ ᱨᱮᱭᱟᱜ ᱞᱚᱜᱚᱱ ᱟᱨ ᱟᱹᱰᱤ ᱜᱚᱭᱟᱨᱚᱱ ᱚᱡᱮᱛᱮ, ᱥᱟᱫᱷᱟᱨᱚᱱ ᱞᱮᱠᱟᱛᱮ ᱵᱤᱪᱷᱚᱱᱟ ᱠᱚᱨᱟᱣ ᱢᱟᱲᱟᱝ ᱜᱮ ᱵᱤᱨᱤᱭᱟᱹ ᱠᱚ ᱜᱚᱡᱚᱜᱼᱟ ᱾"
485,ᱮᱱᱛᱷᱨᱟᱠᱥ ᱵᱤᱨᱩᱫᱷ ᱨᱮ ᱡᱚᱛᱚ ᱠᱷᱚᱱ ᱠᱟᱹᱢᱤᱭᱟᱱ ᱴᱮᱠᱟᱣ ᱨᱮᱭᱟᱜ ᱦᱚᱨᱟ ᱫᱚ ᱪᱮᱫ?,ᱜᱮᱢᱮᱧ ᱴᱚᱴᱷᱟ ᱨᱮ ᱵᱤᱨᱤᱭᱟᱹ ᱠᱚᱣᱟᱜ ᱜᱚᱴᱟᱼᱵᱩᱴᱟᱹ ᱥᱮᱨᱢᱟ ᱨᱮᱭᱟᱜ ᱴᱩᱭᱤᱠᱮᱥᱚᱱ ᱦᱩᱭᱩᱜ ᱠᱟᱱᱟ ᱡᱚᱛᱚ ᱠᱷᱚᱱ ᱠᱟᱹᱢᱤᱭᱟᱱ ᱴᱮᱠᱟᱣ ᱨᱮᱭᱟᱜ ᱦᱚᱨᱟ ᱾
486,ᱮᱱᱛᱷᱨᱟᱠᱥ ᱨᱮᱭᱟᱜ ᱦᱤᱫᱤᱡᱟᱱ ᱵᱤᱨᱤᱭᱟᱹ ᱠᱚᱣᱟᱜ ᱜᱚᱡ ᱫᱚ ᱪᱮᱫ ᱞᱟᱹᱜᱤᱫ ᱫᱚ ᱵᱟᱝ ᱠᱷᱚᱞᱟᱣ ᱦᱩᱭᱩᱜᱼᱟ?,"ᱜᱷᱟᱹᱞ ᱫᱚ ᱠᱷᱩᱞᱟᱹᱣ ᱠᱟᱛᱮ ᱵᱮᱠᱴᱮᱨᱤᱭᱟ ᱠᱚ ᱦᱚᱭ ᱨᱮ ᱥᱮᱴᱮᱨᱚᱜᱼᱟ, ᱡᱟᱦᱟᱸ ᱠᱷᱟᱹᱛᱤᱨ ᱛᱮ ᱥᱯᱳᱨ ᱠᱚ ᱵᱮᱱᱟᱣᱚᱜᱼᱟ ᱟᱨ ᱦᱚᱭᱵᱩᱫᱤᱥ ᱫᱚ ᱜᱷᱟᱹᱞᱚᱜᱼᱟ ᱾"
487,"ᱮᱱᱛᱷᱨᱟᱠᱥ ᱨᱮᱭᱟᱜ ᱞᱟᱹᱞᱤᱥ ᱨᱮ ᱵᱷᱮᱴᱮᱱᱟᱨᱤ ᱪᱚᱭᱟᱨᱚᱱ ᱨᱮᱭᱟᱜ ᱞᱟᱹᱠᱛᱤ ᱢᱮᱱᱟᱜ ᱟ, ᱚᱱᱟ ᱠᱚ ᱫᱚ ᱪᱮᱫ ᱪᱮᱫ ᱥᱟᱫᱷᱟᱨᱚᱱ ᱥᱟᱵᱚᱨᱚᱱ ᱪᱤᱱᱦᱟᱹ ᱠᱟᱱᱟ?","ᱟᱹᱰᱤ ᱜᱮᱢᱮᱧ (106-108 ° ᱯᱷᱟᱨᱮᱱᱦᱟᱭᱤᱴ), ᱦᱟᱠᱩ ᱠᱚᱢᱚᱜ, ᱚᱱᱩᱢᱟᱹᱱᱛᱤ ᱟᱨ ᱚᱱᱩᱢᱟᱹᱱᱛᱤ ᱾"
488,ᱮᱱᱛᱷᱨᱟᱠᱥ ᱞᱟᱹᱞᱤᱥ ᱨᱮ ᱪᱮᱫ ᱯᱮᱥᱤ ᱨᱮᱭᱟᱜ ᱪᱤᱱᱦᱟᱹ ᱧᱮᱞ ᱧᱟᱢ ᱫᱟᱲᱮᱭᱟᱜᱼᱟ?,ᱵᱚᱱᱚᱫᱚᱞ ᱟᱠᱟᱱ ᱨᱩᱢᱤᱱᱟᱭᱱᱮᱥᱚᱱ ᱾
489,ᱜᱚᱭᱟᱨᱚᱱ ᱪᱟᱥ ᱨᱮ ᱮᱱᱛᱷᱨᱟᱠᱥ ᱥᱯᱳᱨ ᱫᱚ ᱪᱮᱫ ᱞᱟᱹᱜᱤᱫ ᱢᱤᱫᱴᱟᱝ ᱢᱟᱨᱟᱝ ᱪᱟᱹᱱᱛᱤ ᱠᱟᱱᱟ?,"ᱪᱮᱫᱟᱜ ᱥᱮ ᱩᱱᱠᱩ ᱫᱚ ᱚᱛᱚᱢ ᱨᱮ ᱟᱭᱢᱟ ᱫᱤᱱ ᱞᱟᱹᱜᱤᱫ ᱮ ᱫᱚᱦᱚ ᱫᱟᱲᱮᱹᱭᱟᱜᱼᱟ ᱟᱨ ᱜᱷᱩᱨᱩᱢ ᱴᱚᱴᱷᱟ ᱠᱚ ᱚᱛᱚᱢ ᱫᱟᱲᱮᱹᱭᱟᱜᱼᱟ, ᱡᱟᱦᱟᱸ ᱠᱷᱟᱹᱛᱤᱨ ᱛᱮ ᱵᱟᱨᱵᱟᱨ ᱜᱮ ᱜᱮᱢᱮᱧ ᱦᱳᱭᱳᱜᱼᱟ ᱾"
490,ᱪᱮᱫ ᱚᱡᱮᱛᱮ ᱮᱱᱛᱷᱨᱟᱠᱥ ᱥᱯᱳᱨ ᱠᱚ ᱪᱤᱱᱦᱟᱹ ᱞᱟᱹᱜᱤᱫ ᱟᱹᱰᱤ ᱟᱱᱟᱴ ᱦᱩᱭᱩᱜ ᱠᱟᱱᱟ?,"ᱱᱚᱶᱟ ᱠᱚᱫᱚ ᱜᱩᱱ ᱵᱟᱝ ᱧᱟᱢᱟᱱ, ᱵᱚᱨᱱᱚᱱ ᱵᱟᱝ ᱧᱟᱢᱟᱱ ᱟᱨ ᱥᱳᱯᱨᱳᱫᱽ ᱵᱟᱝ ᱧᱟᱢᱟᱱ, ᱡᱟᱦᱟᱸ ᱠᱷᱟᱹᱛᱤᱨ ᱛᱮ ᱱᱚᱶᱟ ᱠᱚ ᱪᱤᱱᱦᱟᱹ ᱠᱚᱨᱟᱣ ᱫᱚ ᱟᱹᱰᱤ ᱟᱱᱟᱴ ᱦᱩᱭ ᱟᱠᱟᱱᱟ ᱾"
491,ᱜᱚᱭᱟᱨᱚᱱ ᱵᱮᱱᱟᱣ ᱟᱨ ᱡᱟᱱᱟᱢ ᱪᱮᱛᱟᱱ ᱨᱮ ᱪᱮᱫ ᱯᱚᱨᱤᱢᱟᱱ ᱨᱮᱭᱟᱜ ᱚᱡᱮ ᱨᱮᱭᱟᱜ ᱢᱟᱨᱟᱝ ᱮᱥᱮᱨ ᱢᱮᱱᱟᱜᱼᱟ?,ᱜᱷᱩᱨᱩᱢ ᱚᱛᱢᱚᱱ ᱨᱮᱭᱟᱜ ᱵᱮᱱᱟᱣᱟᱱ ᱟᱨ ᱡᱟᱱᱟᱢᱟᱱ ᱵᱟᱱᱟᱨ ᱠᱟᱹᱢᱤ ᱨᱮᱭᱟᱜ ᱪᱮᱛᱟᱱ ᱜᱮ ᱜᱷᱩᱨᱩᱢ ᱚᱛᱢᱚᱱ ᱨᱮᱭᱟᱜ ᱪᱤᱱᱦᱟᱹ ᱟᱱᱟᱜ ᱮᱥᱮᱨ ᱢᱮᱱᱟᱜᱼᱟ ᱾
492,ᱵᱤᱨᱤᱭᱟᱹ ᱠᱚ ᱪᱮᱛᱟᱱ ᱨᱮ ᱜᱷᱟᱹᱞ ᱨᱮᱭᱟᱜ ᱢᱩᱲᱩᱫ ᱚᱡᱮ ᱠᱚ ᱪᱮᱫ?,ᱦᱚᱭᱦᱤᱸᱥᱤᱫ ᱨᱮᱭᱟᱜ ᱢᱩᱲᱩᱫ ᱚᱡᱮ ᱫᱚ ᱦᱚᱭᱩᱜ ᱠᱟᱱᱟ ᱦᱚᱭᱦᱩᱫᱥᱮᱫ ᱨᱮᱭᱟᱜ ᱰᱷᱮᱨ ᱦᱚᱭᱦᱩᱫᱤᱥ ᱟᱨ ᱟᱹᱰᱤ ᱰᱷᱮᱨ ᱦᱤᱫᱤᱡ ᱾
493,ᱜᱷᱩᱨᱩᱢ ᱨᱮᱭᱟᱜ ᱮᱥᱮᱨ ᱚᱠᱛᱚ ᱵᱤᱨᱤᱭᱟᱹ ᱠᱚ ᱢᱩᱫᱽᱨᱮ ᱥᱟᱫᱷᱟᱨᱚᱱ ᱞᱮᱠᱟᱛᱮ ᱪᱮᱫ ᱵᱚᱱᱚᱫᱚᱞ ᱧᱮᱞ ᱧᱟᱢᱚᱜᱼᱟ?,ᱡᱩᱭᱟᱹᱱ ᱠᱚ ᱥᱚᱨᱟᱥᱚᱨᱤ ᱦᱚᱭᱦᱩᱫ ᱠᱷᱚᱱ ᱮᱦᱟᱹᱛᱤᱞ ᱞᱟᱹᱜᱤᱫ ᱥᱳᱯᱨᱳᱫᱽ ᱴᱚᱴᱷᱟ ᱨᱮ ᱪᱟᱞᱟᱣᱚᱜᱼᱟ ᱾
494,ᱦᱤᱫᱤᱡ ᱨᱮᱭᱟᱜ ᱮᱥᱮᱨ ᱪᱮᱫ ᱞᱮᱠᱟᱛᱮ ᱫᱟᱜ ᱟᱨ ᱡᱚᱢᱟᱜ ᱦᱟᱛᱟᱣ ᱮ ᱮᱥᱮᱨᱼᱟ?,ᱫᱟᱜ ᱦᱟᱛᱟᱣ ᱰᱷᱮᱨᱚᱜᱼᱟ ᱟᱨ ᱡᱚᱢᱟᱜ ᱦᱟᱛᱟᱣ ᱠᱚᱢᱚᱜᱼᱟ ᱾
495,ᱜᱷᱩᱨᱩᱢ ᱨᱮᱭᱟᱜ ᱮᱥᱮᱨ ᱚᱠᱛᱮ ᱪᱮᱫ ᱚᱡᱮᱛᱮ ᱥᱚᱨᱟᱥᱚᱨᱤ ᱡᱟᱱᱟᱢ ᱠᱷᱚᱱ ᱵᱮᱱᱟᱣᱟᱱ ᱵᱤᱵᱚᱨᱚᱱ ᱫᱚ ᱥᱚᱨᱮᱥ ᱦᱩᱭᱩᱜᱼᱟ?,"ᱪᱮᱫᱟᱜ ᱥᱮ ᱜᱳᱨᱥ ᱟᱨ ᱜᱚᱭ ᱵᱟᱱᱟᱨ ᱜᱮ ᱜᱳᱨᱥᱩᱢ ᱨᱮᱭᱟᱜ ᱫᱟᱵᱤ ᱚᱠᱛᱮ ᱵᱮᱼᱵᱟᱹᱨᱰᱩ ᱦᱩᱭ ᱫᱟᱲᱮᱭᱟᱜᱼᱟ, ᱡᱟᱦᱟᱸ ᱫᱚ ᱥᱟᱫᱷᱟᱨᱚᱱ ᱡᱟᱱᱟᱢ ᱨᱮᱭᱟᱜ ᱥᱤᱜᱤᱞᱮ ᱠᱚᱢ ᱫᱟᱲᱮᱭᱟᱜᱼᱟ ᱾"
496,ᱪᱟᱥᱤᱭᱟᱹ ᱠᱚ ᱪᱮᱫ ᱞᱮᱠᱟᱛᱮ ᱜᱷᱟᱹᱞ ᱨᱮᱭᱟᱜ ᱮᱥᱮᱨ ᱠᱚᱢ ᱫᱟᱲᱮᱭᱟᱜᱼᱟ ᱾,"ᱜᱚᱴᱟᱼᱵᱩᱴᱟᱹ ᱡᱟᱱᱟᱢ ᱦᱚᱨᱟ, ᱠᱩᱞᱤᱝ ᱵᱚᱱᱫᱮᱡ, ᱠᱷᱮᱭᱟᱞ ᱵᱚᱱᱫᱮᱡ ᱟᱨ ᱡᱮᱱᱮᱴᱤᱠ ᱵᱟᱪᱷᱱᱟᱣ ᱵᱮᱣᱦᱟᱨ ᱛᱟᱞᱟᱛᱮ ᱾"
497,ᱦᱤᱫᱤᱡ ᱨᱮᱭᱟᱜ ᱮᱥᱮᱨ ᱵᱚᱱᱫᱮᱡ ᱨᱮ ᱢᱤᱫᱴᱟᱝ ᱥᱮᱞᱮᱫᱟᱱ ᱦᱚᱨᱟ ᱫᱚ ᱪᱮᱫ ᱞᱟᱹᱜᱤᱫ ᱜᱚᱱᱚᱝᱟᱱ?,ᱪᱮᱫᱟᱜ ᱥᱮ ᱟᱭᱢᱟᱜᱟᱱ ᱦᱚᱨᱟ ᱨᱮᱭᱟᱜ ᱡᱳᱜᱟᱡᱳᱜ ᱫᱚ ᱯᱷᱤᱥᱤᱭᱳᱞᱚᱡᱤᱠᱮᱞ ᱟᱨ ᱯᱟᱥᱱᱟᱣᱟᱱᱟᱜ ᱴᱮᱦᱟᱰ ᱵᱟᱨᱮᱛᱮ ᱟᱨᱦᱚᱸ ᱱᱟᱯᱟᱭ ᱞᱮᱠᱟᱛᱮ ᱠᱚᱢ ᱨᱮᱭᱟᱜ ᱮ ᱜᱚᱴᱟ ᱞᱮᱫᱟ ᱾
498,ᱠᱷᱟᱨᱤᱯᱷ ᱢᱚᱨᱥᱩᱢ ᱨᱮ (ᱡᱩᱱ ᱠᱷᱚᱱ ᱚᱜᱟᱥᱴ ᱫᱷᱟᱹᱵᱤᱡ) ᱚᱱᱢᱟᱱ ᱠᱷᱚᱨᱟ ᱨᱮᱭᱟᱜ ᱮᱛᱚᱦᱚᱵ ᱥᱮᱪ ᱪᱤᱱᱦᱟᱹ ᱠᱚ ᱪᱮᱫ?,"ᱠᱷᱟᱨᱤᱯᱷ ᱢᱚᱨᱥᱩᱢ ᱨᱮᱭᱟᱜ ᱢᱩᱲᱩᱫ ᱠᱟᱛᱷᱟᱠᱚ ᱢᱩᱫᱽᱨᱮ ᱢᱮᱱᱟᱜᱼᱟ ᱫᱚᱠᱠᱷᱤᱱᱼᱯᱚᱪᱷᱤᱢ ᱢᱟᱱᱥᱩᱢᱤ ᱮᱛᱚᱦᱚᱵ ᱨᱮ ᱵᱤᱞᱚᱢᱚᱜ, ᱢᱩᱱᱥᱩᱢᱤ ᱠᱟᱹᱢᱤ ᱦᱚᱨᱟ ᱨᱮ ᱟᱭᱢᱟ ᱚᱠᱛᱚ ᱞᱟᱹᱜᱤᱫ ᱵᱚᱱᱚᱫᱚᱞ, ᱡᱩᱯᱩᱱ ᱟᱨ ᱡᱩᱞᱟᱭ ᱨᱮ ᱟᱹᱰᱤ ᱠᱚᱢ ᱫᱟᱜᱡᱩᱠᱤ ᱟᱨ ᱵᱮᱼᱥᱩᱢᱟᱹᱱ ᱴᱚᱴᱷᱟ ᱦᱟᱹᱴᱤᱧ, ᱵᱮᱼᱥᱩᱢᱟᱹᱱ ᱫᱟᱜᱡᱩᱠᱤ ᱟᱨ ᱚᱱᱩᱢᱟᱹᱱ ᱫᱟᱜᱡᱩᱠᱤ ᱵᱚᱱᱚᱫᱚᱞ, ᱚᱛᱢᱚᱱ ᱨᱮᱭᱟᱜ ᱜᱚᱱᱚᱝ ᱵᱟᱹᱲᱛᱤ, ᱫᱟᱜᱫᱩᱱᱩᱞ ᱨᱮᱭᱟᱜ ᱯᱚᱨᱤᱢᱟᱱ ᱰᱷᱮᱨ ᱵᱟᱝ ᱦᱩᱭᱩᱜ, ᱫᱟᱜᱡᱩᱠᱤ ᱟᱨ ᱫᱟᱜᱫᱩᱱᱩᱞ ᱨᱮᱭᱟᱜ ᱰᱩᱵᱩᱱ ᱠᱚᱢᱚᱜ, ᱟᱛᱳ ᱨᱮᱭᱟᱜ ᱰᱩᱵᱟᱹ ᱫᱟᱜ ᱨᱮᱭᱟᱜ ᱯᱷᱮᱰᱟᱛᱠᱚ ᱥᱩᱠᱤᱱᱚᱜ, ᱥᱟᱫᱷᱟᱨᱚᱱ ᱥᱮᱨᱢᱟ ᱠᱚ ᱢᱩᱫᱨᱮ ᱵᱟᱛᱟᱣᱟᱱ ᱨᱮᱭᱟᱜ ᱮᱛᱚᱦᱚᱵ ᱠᱚᱢᱚᱜ ᱟᱨ ᱟᱛᱳ ᱨᱮ ᱦᱚᱲ ᱠᱚ ᱪᱟᱞᱟᱣᱚᱜ ᱾"
499,ᱠᱷᱟᱹᱨᱰᱩ ᱨᱮᱭᱟᱜ ᱮᱛᱚᱦᱚᱵ ᱪᱤᱱᱦᱟᱹ ᱠᱚ ᱧᱮᱞ ᱞᱟᱹᱜᱤᱫ ᱪᱮᱫ ᱡᱮᱫᱷᱤᱭᱚ ᱪᱤᱱᱦᱟᱹ ᱠᱚ ᱵᱮᱣᱦᱟᱨ ᱦᱩᱭᱩᱜᱼᱟ?,"ᱫᱟᱜ ᱨᱮᱭᱟᱜ ᱪᱤᱱᱦᱟᱹ ᱠᱚ ᱢᱩᱫᱽᱨᱮ ᱢᱮᱱᱟᱜᱼᱟ ᱫᱟᱜᱫᱩᱱᱩᱞ ᱨᱮᱭᱟᱜ ᱯᱚᱨᱤᱢᱟᱱ ᱰᱷᱮᱨ ᱵᱟᱝ ᱦᱩᱭᱩᱜ, ᱫᱟᱜᱼᱫᱩᱱᱩᱞ ᱨᱮᱭᱟᱜ ᱰᱟᱣᱩᱱᱞ ᱠᱚᱢᱚᱜ, ᱫᱟᱜ ᱨᱮᱭᱟᱜ ᱞᱟᱛᱟᱨ ᱫᱟᱜ ᱠᱚᱢᱚᱜ ᱟᱨ ᱟᱛᱳ ᱨᱮᱭᱟᱜ ᱫᱟᱜ ᱫᱟᱜ ᱨᱮᱭᱟᱜ ᱩᱯᱟᱹᱭ ᱥᱩᱠᱤ ᱦᱩᱭᱩᱜ ᱾ ᱱᱚᱶᱟ ᱪᱤᱱᱦᱟᱹ ᱠᱚᱫᱚ ᱟᱹᱰᱤ ᱠᱚᱢ ᱫᱟᱜ ᱨᱮᱭᱟᱜ ᱨᱤᱪᱟᱨᱡᱽ ᱮ ᱩᱫᱩᱜᱟ ᱟᱨ ᱱᱚᱶᱟᱠᱚ ᱦᱩᱭᱩᱜ ᱠᱟᱱᱟ ᱡᱟᱱᱟᱢᱚᱜ ᱠᱟᱱ ᱠᱷᱟᱹᱨᱰᱩ ᱨᱮᱭᱟᱜ ᱫᱟᱲᱮ ᱟᱱ ᱪᱤᱱᱦᱟᱹ ᱾"
500,ᱪᱮᱫ ᱟᱨᱡᱟᱹᱭᱟᱱᱼ ᱠᱟᱹᱣᱰᱤ ᱟᱹᱨᱤ ᱚᱡᱮ ᱠᱚ ᱠᱷᱚᱨᱟᱱᱟᱜ ᱴᱷᱟᱶ ᱮᱛᱚᱦᱚᱵ ᱨᱮᱭᱟᱜ ᱪᱤᱱᱦᱟᱹ ᱠᱚ ᱮᱢ ᱟᱠᱟᱫᱟ?,"ᱟᱨᱡᱟᱹᱭᱟᱱ ᱠᱟᱹᱣᱰᱤ ᱟᱹᱨᱤ ᱪᱤᱱᱦᱟᱹ ᱠᱚ ᱢᱩᱫ ᱨᱮ ᱢᱮᱱᱟᱜ ᱟ ᱜᱷᱩᱨᱩᱢ ᱨᱮᱭᱟᱜ ᱜᱚᱱᱚᱝ ᱵᱟᱹᱲᱛᱤ, ᱫᱟᱜ ᱴᱮᱝᱜᱟᱨ ᱪᱮᱛᱟᱱ ᱴᱮᱦᱟᱹᱛᱤᱞ ᱰᱷᱮᱨ ᱟᱨ ᱟᱛᱳ ᱨᱮᱱ ᱦᱚᱲ ᱠᱚᱣᱟᱜ ᱮᱴᱟᱜ ᱴᱷᱟᱶ ᱨᱮ ᱪᱟᱞᱟᱣᱚᱜ ᱾ ᱱᱚᱶᱟᱠᱚ ᱫᱚ ᱵᱤᱨᱤᱫ ᱚᱡᱮᱛᱮ ᱩᱯᱟᱹᱭ ᱟᱨ ᱩᱯᱟᱹᱭ ᱨᱮᱭᱟᱜ ᱠᱚᱢ ᱪᱮᱛᱟᱱ ᱡᱳᱨ ᱨᱮᱭᱟᱜ ᱩᱫᱩᱜ ᱥᱚᱫᱚᱨᱼᱟ ᱾"
501,ᱨᱚᱵᱤ ᱢᱚᱨᱥᱩᱢ ᱨᱮ (ᱱᱚᱵᱷᱮᱢᱵᱚᱨ ᱠᱷᱚᱱ ᱡᱟᱱᱣᱟᱨᱤ) ᱠᱷᱚᱨᱟ ᱨᱮᱭᱟᱜ ᱢᱩᱲᱩᱫ ᱪᱤᱱᱦᱟᱹ ᱠᱚ ᱪᱮᱫ?,"ᱢᱩᱲᱩᱫ ᱪᱤᱱᱦᱟᱹ ᱠᱚ ᱢᱩᱫᱽᱨᱮ ᱢᱮᱱᱟᱜᱼᱟ ᱥᱮᱯᱴᱮᱢᱵᱚᱨ ᱨᱮᱭᱟᱜ ᱢᱩᱪᱟᱹᱫ ᱫᱷᱟᱹᱵᱤᱡ ᱥᱟᱱᱟᱢ ᱫᱚᱠᱠᱷᱤᱱᱼᱯᱚᱥᱪᱤᱢ ᱢᱟᱱᱥᱩᱢᱤ ᱫᱟᱜ ᱨᱮᱭᱟᱜ ᱠᱚᱢ, ᱥᱟᱫᱷᱟᱨᱚᱱ ᱥᱮᱨᱢᱟ ᱠᱚ ᱢᱩᱫᱨᱮ ᱞᱟᱛᱟᱨ ᱫᱟᱜ ᱞᱟᱛᱟᱨ, ᱫᱟᱜᱫᱩᱱᱩᱞ ᱨᱮᱭᱟᱜ ᱞᱟᱛᱟᱨ ᱯᱚᱨᱤᱢᱟᱱ, ᱚᱛᱚᱢ ᱨᱮᱭᱟᱜ ᱫᱟᱜ ᱨᱮᱭᱟᱜ ᱵᱟᱹᱲᱛᱤ ᱜᱚᱱᱚᱝ, ᱚᱛᱚᱢ ᱨᱮᱭᱟᱜ ᱜᱚᱱᱚᱝ ᱵᱟᱹᱲᱛᱤ ᱟᱨ ᱥᱟᱨᱵᱷᱟᱨ ᱞᱟᱹᱜᱤᱫ ᱫᱟᱜ ᱴᱮᱝᱜᱟᱨ ᱨᱮᱭᱟᱜ ᱰᱷᱮᱨ ᱵᱮᱣᱦᱟᱨ ᱾"
502,ᱪᱮᱫ ᱚᱡᱮᱛᱮ ᱚᱛᱚᱢ ᱨᱮᱭᱟᱜ ᱫᱟᱜ ᱨᱮᱭᱟᱜ ᱯᱚᱨᱤᱢᱟᱱ ᱨᱟᱵᱤ ᱢᱚᱨᱥᱩᱢ ᱨᱮ ᱠᱷᱚᱨᱟ ᱨᱮᱭᱟᱜ ᱢᱤᱫᱴᱟᱝ ᱞᱟᱹᱠᱛᱤᱭᱟᱱ ᱪᱤᱱᱦᱟᱹ ᱠᱟᱱᱟ?,"ᱚᱛᱢᱚᱱ ᱨᱮᱭᱟᱜ ᱵᱟᱹᱲᱛᱤ ᱟᱨ ᱵᱮᱱᱟᱣ ᱫᱟᱲᱮ ᱪᱮᱛᱟᱱ ᱚᱛᱢᱚᱱ ᱨᱮᱭᱟᱜ ᱫᱟᱜ ᱨᱮᱭᱟᱜ ᱮᱥᱮᱨ ᱥᱚᱨᱟᱥᱚᱨᱤ ᱮᱥᱮᱨᱚᱜᱼᱟ ᱾ ᱨᱚᱵᱤ ᱢᱚᱨᱥᱩᱢ ᱨᱮ, ᱵᱮᱼᱵᱩᱴᱟᱹ ᱢᱩᱱᱥᱩᱢ ᱨᱮᱪᱟᱨᱡᱽ ᱚᱡᱮᱛᱮ ᱚᱛᱚᱢ ᱨᱮᱭᱟᱜ ᱫᱟᱜ ᱨᱮᱭᱟᱜ ᱯᱚᱨᱤᱢᱟᱱ ᱨᱮᱭᱟᱜ ᱚᱡᱮᱛᱮ ᱪᱟᱥ ᱨᱮᱭᱟᱜ ᱯᱚᱨᱤᱢᱟᱱ ᱠᱚᱢᱚᱜᱼᱟ ᱟᱨ ᱠᱷᱟᱹᱨᱰᱩ ᱨᱮᱭᱟᱜ ᱪᱤᱱᱦᱟᱹ ᱠᱚ ᱮᱢᱼᱟ ᱾"
503,ᱵᱷᱟᱨᱚᱛ ᱨᱮᱭᱟᱜ ᱟᱭᱢᱟ ᱴᱚᱴᱷᱟ ᱟᱨ ᱢᱚᱨᱥᱩᱢ ᱨᱮ ᱠᱷᱚᱨᱟ ᱨᱮᱭᱟᱜ ᱪᱤᱱᱦᱟᱹ ᱠᱚ ᱪᱮᱫ ᱞᱮᱠᱟᱛᱮ ᱵᱷᱮᱜᱟᱨ ᱢᱮᱱᱟᱜᱼᱟ?,"ᱴᱚᱴᱷᱟ ᱞᱮᱠᱟᱛᱮ ᱠᱷᱟᱹᱨᱰᱩ ᱨᱮᱭᱟᱜ ᱪᱤᱱᱦᱟᱹ ᱠᱚ ᱵᱷᱮᱜᱟᱨᱚᱜᱼᱟ ᱾ ᱫᱟᱹᱭᱠᱟᱹ ᱞᱮᱠᱟᱛᱮ, ᱛᱟᱹᱢᱤᱞᱱᱟᱰᱩ ᱟᱨ ᱯᱩᱫᱩᱪᱮᱨᱤ ᱩᱛᱛᱚᱨᱼᱯᱩᱨᱵᱚ ᱢᱟᱱᱥᱩᱢᱤ (ᱚᱠᱴᱳᱵᱚᱨᱼᱰᱤᱥᱮᱢᱵᱚᱨ) ᱪᱮᱛᱟᱱ ᱴᱮᱦᱟᱴ ᱛᱟᱦᱮᱸᱱᱟ, ᱮᱴᱟᱜ ᱥᱮᱪ ᱜᱩᱡᱨᱟᱴ, ᱢᱚᱫᱽᱫᱷᱚ ᱢᱚᱦᱟᱨᱟᱥᱴᱨᱚ, ᱢᱟᱨᱟᱴᱷᱟᱣᱟᱲ ᱟᱨ ᱩᱛᱛᱚᱨ ᱚᱱᱛᱟᱨᱮ ᱠᱚᱨᱱᱟᱴᱚᱠ ᱞᱮᱠᱟᱱ ᱴᱚᱴᱷᱟ ᱫᱚ ᱢᱟᱨᱪᱼ ᱮᱯᱨᱤᱞ ᱨᱮ ᱟᱹᱰᱤ ᱫᱤᱱ ᱫᱟᱜ ᱨᱮᱭᱟᱜ ᱠᱷᱚᱨᱟ ᱚᱡᱮᱛᱮ ᱫᱟᱜ ᱨᱮᱭᱟᱜ ᱟᱹᱰᱤ ᱠᱚᱢ ᱦᱚᱭᱩᱜ ᱟ ᱾"
504,ᱠᱷᱟᱹᱨᱰᱩ ᱵᱟᱰᱟᱭ ᱞᱟᱹᱜᱤᱫ ᱫᱟᱜ ᱨᱮᱭᱟᱜ ᱥᱟᱹᱵᱩᱫ ᱨᱮᱭᱟᱜ ᱪᱮᱫ ᱮᱱᱮᱢ ᱢᱮᱱᱟᱜᱼᱟ?,"ᱟᱛᱳ ᱨᱮᱭᱟᱜ ᱡᱚᱢᱟᱜ ᱫᱟᱜ ᱨᱮᱭᱟᱜ ᱯᱷᱮᱰᱟᱛᱠᱚ ᱥᱩᱠᱤ ᱟᱨ ᱴᱟᱱᱠᱟᱨ ᱨᱮᱭᱟᱜ ᱫᱟᱜ ᱥᱟᱨᱵᱷᱟᱨ ᱪᱮᱛᱟᱱ ᱵᱟᱹᱲᱛᱤ ᱴᱮᱦᱟᱹᱛᱤᱞ ᱫᱟᱜ ᱨᱮᱭᱟᱜ ᱟᱹᱰᱤ ᱠᱚᱢ ᱨᱮᱭᱟᱜ ᱪᱤᱱᱦᱟᱹ, ᱡᱟᱦᱟᱸ ᱫᱚ ᱚᱱᱟᱠᱚ ᱫᱚ ᱠᱷᱟᱹᱨᱰᱩ ᱨᱮᱭᱟᱜ ᱢᱩᱲᱩᱫ ᱪᱤᱱᱦᱟᱹ ᱨᱮ ᱵᱮᱱᱟᱣ ᱟᱠᱟᱱᱟ ᱾"
505,ᱵᱚᱱᱫᱮᱡ ᱨᱮᱭᱟᱜ ᱮᱛᱚᱦᱚᱵ ᱫᱚ ᱪᱮᱫ ᱞᱮᱠᱟᱛᱮ ᱠᱷᱚᱨᱟᱱᱟᱜ ᱦᱚᱭᱦᱩᱫᱤᱥ ᱪᱤᱱᱦᱟᱹ ᱞᱟᱹᱜᱤᱫ ᱜᱚᱲᱚ ᱮᱢᱼᱟ?,"ᱥᱟᱫᱷᱟᱨᱚᱱ ᱥᱮᱨᱢᱟ ᱠᱚ ᱨᱮᱭᱟᱜ ᱮᱴᱟᱜ ᱥᱮᱫ ᱠᱷᱚᱱ ᱵᱟᱛᱟᱶ ᱨᱮᱭᱟᱜ ᱠᱚᱢᱚᱜ ᱠᱟᱱ ᱦᱚᱨᱟ ᱛᱮ ᱚᱱᱢᱟᱱ ᱫᱟᱜ ᱟᱨ ᱚᱛᱚᱢ ᱨᱮᱭᱟᱜ ᱠᱚᱢ ᱫᱟᱜ ᱨᱮᱭᱟᱜ ᱪᱤᱱᱦᱟᱹ ᱧᱟᱢᱚᱜᱼᱟ, ᱡᱟᱦᱟᱸ ᱫᱚ ᱵᱤᱨᱤᱫ ᱨᱮᱭᱟᱜ ᱮᱛᱚᱦᱚᱵ ᱪᱤᱱᱦᱟᱹ ᱠᱟᱱᱟ ᱡᱟᱦᱟᱸ ᱫᱚ ᱪᱟᱥ ᱨᱮᱭᱟᱜ ᱵᱮᱱᱟᱣ ᱫᱟᱲᱮᱭ ᱮᱥᱮᱨ ᱞᱮᱫᱟ ᱾"
506,ᱠᱷᱟᱹᱨᱰᱩ ᱵᱤᱪᱷᱚᱱᱟ ᱨᱮ ᱠᱤᱪᱷᱩᱠ ᱪᱟᱥ ᱞᱟᱹᱜᱤᱫ ᱜᱚᱴᱟᱵᱩᱴᱟᱹ ᱫᱟᱜᱫᱩᱱ ᱨᱮᱭᱟᱜ ᱚᱠᱛᱚ ᱫᱚ ᱪᱮᱫ ᱞᱟᱹᱜᱤᱫ ᱜᱚᱱᱚᱝᱟᱱ?,"ᱠᱤᱪᱷᱩᱠ ᱪᱟᱥ ᱜᱚᱴᱟᱵᱩᱴᱟᱹ ᱚᱠᱛᱚ ᱨᱮ ᱫᱟᱜ ᱨᱮᱭᱟᱜ ᱪᱮᱛᱟᱱ ᱨᱮ ᱴᱮᱦᱟᱴ ᱛᱟᱦᱮᱸᱱᱟ ᱾ ᱫᱟᱹᱭᱠᱟᱹ ᱞᱮᱠᱟᱛᱮ, ᱠᱮᱨᱚᱞ ᱨᱮ ᱯᱷᱮᱵᱽᱵᱨᱚᱨᱤ ᱨᱮᱭᱟᱜ ᱫᱟᱜᱡᱤᱸᱥ ᱪᱟᱥ ᱞᱟᱹᱜᱤᱫ ᱟᱹᱰᱤ ᱱᱟᱯᱟᱭ ᱠᱟᱱᱟ ᱾ ᱱᱚᱣᱟ ᱞᱮᱠᱟᱱ ᱟᱱᱟᱴ ᱚᱠᱛᱚ ᱨᱮ ᱚᱱᱩᱢᱟᱹᱱ ᱫᱟᱜ ᱠᱷᱚᱱ ᱡᱟᱦᱟᱸ ᱞᱮᱠᱟᱱ ᱚᱵᱷᱟᱵᱽ ᱚᱱᱟ ᱯᱷᱚᱞᱚᱠ ᱠᱚ ᱞᱟᱹᱜᱤᱫ ᱠᱷᱚᱨᱟ ᱨᱮᱭᱟᱜ ᱦᱤᱫᱤᱡ ᱨᱮᱭᱟᱜ ᱪᱤᱱᱦᱟᱹ ᱮᱢ ᱫᱟᱲᱮᱭᱟᱜᱼᱟ ᱾"